InputGenerationTime,0.2450625509954989
ProfilingTime,25.884899621014483
SimulationTime,19.67935331101762
FramaCExecutionTime,119.58020104799652
TotalExecutionTime,1941.7930564919952
