InputGenerationTime,0.22179850202519447
ProfilingTime,36.824043461936526
SimulationTime,67.31104383594356
FramaCExecutionTime,150.7494653709
TotalExecutionTime,4208.399848268949
