InputGenerationTime,0.07626064800024324
ProfilingTime,18.46977044200048
SimulationTime,14.10917984200023
FramaCExecutionTime,59.88686160399993
TotalExecutionTime,520.1708848860007
