InputGenerationTime,0.2698664650088176
ProfilingTime,39.09325306909159
SimulationTime,19.678953723981977
FramaCExecutionTime,179.84466144593898
TotalExecutionTime,1211.5339109539054
