InputGenerationTime,0.11123362099897349
ProfilingTime,40.16275973200027
SimulationTime,21.627160513999115
FramaCExecutionTime,111.88471470699733
TotalExecutionTime,2479.182174933001
