InputGenerationTime,0.1376757019897923
ProfilingTime,47.06748938502278
SimulationTime,187.4162179279956
FramaCExecutionTime,106.99266202299623
TotalExecutionTime,17156.784525572963
