InputGenerationTime,0.19099381403066218
ProfilingTime,36.7402505800128
SimulationTime,219.14141881698743
FramaCExecutionTime,148.47174196795095
TotalExecutionTime,4766.48807365098
