InputGenerationTime,0.18929134996142238
ProfilingTime,21.037123486050405
SimulationTime,210.327348264982
FramaCExecutionTime,116.21079802402528
TotalExecutionTime,17074.858395650983
