InputGenerationTime,0.2616646940005012
ProfilingTime,55.59565191199363
SimulationTime,37.87078718299745
FramaCExecutionTime,136.35455956900114
TotalExecutionTime,3839.271434675
