InputGenerationTime,0.2155678939889185
ProfilingTime,23.056560539989732
SimulationTime,11.644874830031767
FramaCExecutionTime,117.01473909697961
TotalExecutionTime,1202.659235670988
