InputGenerationTime,0.18929134996142238
ProfilingTime,25.20232733001467
SimulationTime,218.0873069819645
FramaCExecutionTime,116.21079802402528
TotalExecutionTime,19222.786249668978
