InputGenerationTime,0.131118303979747
ProfilingTime,33.18332299310714
SimulationTime,989.4773310380988
FramaCExecutionTime,108.81593526701909
TotalExecutionTime,8298.598462878144
