InputGenerationTime,0.11390176499844529
ProfilingTime,41.697095505001926
SimulationTime,22.11294522499884
FramaCExecutionTime,109.5342480060026
TotalExecutionTime,4078.7337534420003
