InputGenerationTime,0.05246901400096249
ProfilingTime,25.045926904000225
SimulationTime,16.17472589900717
FramaCExecutionTime,99.9211063440016
TotalExecutionTime,3343.507203221001
