InputGenerationTime,0.38357829499727814
ProfilingTime,25.090115788996627
SimulationTime,17.870032812999852
FramaCExecutionTime,101.32164939100039
TotalExecutionTime,3708.5294344519934
