InputGenerationTime,0.05791807700006757
ProfilingTime,35.655515973005095
SimulationTime,21.78834261400334
FramaCExecutionTime,106.56665147199237
TotalExecutionTime,2177.1102782550006
