InputGenerationTime,0.23208729503676295
ProfilingTime,27.473764259018935
SimulationTime,70.64903394004796
FramaCExecutionTime,100.15079668501858
TotalExecutionTime,1997.0441809800104
