InputGenerationTime,0.19021941302344203
ProfilingTime,25.07651982002426
SimulationTime,214.22350241598906
FramaCExecutionTime,113.54233702400234
TotalExecutionTime,8994.322990492976
