InputGenerationTime,0.22147605799546
ProfilingTime,45.666273479000665
SimulationTime,34.34604554899852
FramaCExecutionTime,139.0204824370012
TotalExecutionTime,4467.803204056996
