InputGenerationTime,0.09517260299617192
ProfilingTime,31.898730846995022
SimulationTime,20.540635839999595
FramaCExecutionTime,103.24005353699613
TotalExecutionTime,747.5619666650018
