InputGenerationTime,0.3231512999627739
ProfilingTime,22.647659783950076
SimulationTime,215.2724757939577
FramaCExecutionTime,122.18468638905324
TotalExecutionTime,9219.351289329003
