InputGenerationTime,0.21389529504813254
ProfilingTime,25.743185732048005
SimulationTime,60.017940370948054
FramaCExecutionTime,119.5768579680007
TotalExecutionTime,3446.2520174999954
