InputGenerationTime,0.1216452280023077
ProfilingTime,35.29440503200021
SimulationTime,17.39689798100153
FramaCExecutionTime,109.55363374899753
TotalExecutionTime,213.5385231979999
