InputGenerationTime,0.24693168800149579
ProfilingTime,41.120528407001984
SimulationTime,45.18690154301294
FramaCExecutionTime,135.26416748500196
TotalExecutionTime,4491.601834134999
