InputGenerationTime,0.04072097299649613
ProfilingTime,23.528382495998812
SimulationTime,15.195477554996614
FramaCExecutionTime,95.01072702199599
TotalExecutionTime,3474.6843368910013
