InputGenerationTime,0.20043562108185142
ProfilingTime,19.85939870297443
SimulationTime,27.373646018095315
FramaCExecutionTime,106.11862533399835
TotalExecutionTime,1005.9031731020659
