InputGenerationTime,0.5249734570097644
ProfilingTime,32.0822679369885
SimulationTime,26.359577397990506
FramaCExecutionTime,148.15377748798346
TotalExecutionTime,4558.297211895988
