InputGenerationTime,0.24459180305711925
ProfilingTime,19.795964075019583
SimulationTime,9.236581029952504
FramaCExecutionTime,116.45146760297939
TotalExecutionTime,1047.0790662490763
