InputGenerationTime,0.2698664650088176
ProfilingTime,44.13378365396056
SimulationTime,17.524099042988382
FramaCExecutionTime,179.84466144593898
TotalExecutionTime,1093.0636581839062
