InputGenerationTime,0.23651412897743285
ProfilingTime,20.059652967960574
SimulationTime,10.731824967078865
FramaCExecutionTime,114.27070531004574
TotalExecutionTime,930.1403383819852
