InputGenerationTime,0.1973126189550385
ProfilingTime,32.14968483499251
SimulationTime,42.38946077297442
FramaCExecutionTime,110.4989025190007
TotalExecutionTime,185.26224843598902
