InputGenerationTime,0.0497497089963872
ProfilingTime,31.532243490990368
SimulationTime,224.50086551699496
FramaCExecutionTime,106.16062168798817
TotalExecutionTime,615.9021978289966
