InputGenerationTime,0.07310996500018518
ProfilingTime,34.223955541994656
SimulationTime,20.355707069000346
FramaCExecutionTime,106.17393734199868
TotalExecutionTime,2132.7265646519954
