InputGenerationTime,0.10281701199710369
ProfilingTime,26.168324213998858
SimulationTime,18.930160340998555
FramaCExecutionTime,95.94782013600343
TotalExecutionTime,3784.1717013980015
