InputGenerationTime,0.08587797201471403
ProfilingTime,37.303208683035336
SimulationTime,61.57260498398682
FramaCExecutionTime,105.58347059699008
TotalExecutionTime,28439.804761793
