InputGenerationTime,0.08587797201471403
ProfilingTime,31.57522343599703
SimulationTime,72.6128703050199
FramaCExecutionTime,105.58347059699008
TotalExecutionTime,28157.799881913
