InputGenerationTime,0.08441820700682001
ProfilingTime,23.964896976998716
SimulationTime,14.944510553003056
FramaCExecutionTime,98.15719956099929
TotalExecutionTime,1623.0823630640007
