InputGenerationTime,0.05441822297871113
ProfilingTime,22.972791797015816
SimulationTime,214.13108077202924
FramaCExecutionTime,93.7210614560172
TotalExecutionTime,5033.275493053021
