InputGenerationTime,0.04619556199759245
ProfilingTime,27.48061406298075
SimulationTime,233.71290021802997
FramaCExecutionTime,102.9426576619735
TotalExecutionTime,7776.339562978013
