InputGenerationTime,0.1500415460000113
ProfilingTime,40.35328946199979
SimulationTime,23.459000894000383
FramaCExecutionTime,119.5390944679998
TotalExecutionTime,2790.209172893
