InputGenerationTime,0.12260364304529503
ProfilingTime,21.430423372017685
SimulationTime,19.318429041013587
FramaCExecutionTime,105.3618222590303
TotalExecutionTime,3294.9271388609777
