InputGenerationTime,0.04837128699728055
ProfilingTime,25.96374057399953
SimulationTime,11.830659077000746
FramaCExecutionTime,95.57277957100086
TotalExecutionTime,2533.3494284709996
