InputGenerationTime,0.5491699959966354
ProfilingTime,29.317735645978246
SimulationTime,21.113164498005062
FramaCExecutionTime,132.03446686899406
TotalExecutionTime,1149.9224706499954
