InputGenerationTime,0.18582355696707964
ProfilingTime,22.701602143992204
SimulationTime,14.027432165981736
FramaCExecutionTime,131.82039032201283
TotalExecutionTime,2491.8907511139987
