InputGenerationTime,0.24693168800149579
ProfilingTime,49.58513468199817
SimulationTime,54.5198739280022
FramaCExecutionTime,135.26416748500196
TotalExecutionTime,2648.3996091230074
