InputGenerationTime,0.06429028999991715
ProfilingTime,27.082456116972025
SimulationTime,14.637409817019943
FramaCExecutionTime,107.19028882699786
TotalExecutionTime,1049.382948812039
