InputGenerationTime,0.2565058240434155
ProfilingTime,22.995411694049835
SimulationTime,13.998546969960444
FramaCExecutionTime,113.66936873702798
TotalExecutionTime,1215.6045495020226
