InputGenerationTime,0.22719534100178862
ProfilingTime,48.93788709000364
SimulationTime,257.83580329999677
FramaCExecutionTime,129.50138765100564
TotalExecutionTime,2180.6487783539997
