InputGenerationTime,0.3489217610040214
ProfilingTime,22.73019301000022
SimulationTime,17.00926754700049
FramaCExecutionTime,101.74599396999838
TotalExecutionTime,2368.3323222409963
