InputGenerationTime,0.24341501500020968
ProfilingTime,26.895823658000154
SimulationTime,107.73761589299829
FramaCExecutionTime,95.7353067160002
TotalExecutionTime,8017.135433741001
