InputGenerationTime,0.06559167301747948
ProfilingTime,29.316894107032567
SimulationTime,15.974718057026621
FramaCExecutionTime,104.80555936798919
TotalExecutionTime,844.3209436599864
