InputGenerationTime,0.04074582800240023
ProfilingTime,25.261542195999937
SimulationTime,11.69628554099836
FramaCExecutionTime,95.56120953299978
TotalExecutionTime,1191.479670001001
