InputGenerationTime,0.1216452280023077
ProfilingTime,38.824272613001085
SimulationTime,19.112642045998655
FramaCExecutionTime,109.55363374899753
TotalExecutionTime,1272.2425552159984
