InputGenerationTime,0.2951946859830059
ProfilingTime,19.15777396102203
SimulationTime,86.77968623000197
FramaCExecutionTime,126.49901207099902
TotalExecutionTime,12304.942094197992
