InputGenerationTime,0.294005884003127
ProfilingTime,24.542165824997937
SimulationTime,14.569890219980152
FramaCExecutionTime,120.10160090000136
TotalExecutionTime,159.5138544049987
