InputGenerationTime,0.2581516409991309
ProfilingTime,27.496309979993384
SimulationTime,242.41785263002384
FramaCExecutionTime,121.72503140498884
TotalExecutionTime,11154.353867537982
