InputGenerationTime,0.3489217610040214
ProfilingTime,26.245139708997158
SimulationTime,20.424525706999702
FramaCExecutionTime,101.74599396999838
TotalExecutionTime,1653.7413908829985
