InputGenerationTime,0.3487831080565229
ProfilingTime,22.392271431046538
SimulationTime,17.24495568999555
FramaCExecutionTime,124.48829469003249
TotalExecutionTime,983.8271683478961
