InputGenerationTime,0.2698664650088176
ProfilingTime,40.06781966204289
SimulationTime,14.211802314035594
FramaCExecutionTime,179.84466144593898
TotalExecutionTime,234.40974848694168
