InputGenerationTime,0.36768036500143353
ProfilingTime,43.12612101999548
SimulationTime,25.340849836997222
FramaCExecutionTime,132.18089018899627
TotalExecutionTime,1722.8446187840018
