InputGenerationTime,0.2035223109414801
ProfilingTime,20.109937865985557
SimulationTime,695.9999549110653
FramaCExecutionTime,108.50297766900621
TotalExecutionTime,17545.728729480994
