InputGenerationTime,0.2155678939889185
ProfilingTime,25.368440860998817
SimulationTime,12.72053038503509
FramaCExecutionTime,117.01473909697961
TotalExecutionTime,1313.7581027519773
