InputGenerationTime,0.22495511300076032
ProfilingTime,28.0024867989996
SimulationTime,235.1714954679992
FramaCExecutionTime,129.21610248100114
TotalExecutionTime,13495.561243237
