InputGenerationTime,0.08069608799996786
ProfilingTime,32.396026532005635
SimulationTime,21.505432420992292
FramaCExecutionTime,106.32470165600535
TotalExecutionTime,4540.352359226003
