InputGenerationTime,0.2554458619997604
ProfilingTime,27.361199654998927
SimulationTime,234.85383915299826
FramaCExecutionTime,133.5833892849987
TotalExecutionTime,22289.778002652
