InputGenerationTime,0.2650788240007387
ProfilingTime,38.49084588700134
SimulationTime,9.202804257001844
FramaCExecutionTime,114.57576221599993
TotalExecutionTime,9539.018143734
