InputGenerationTime,0.328370483010076
ProfilingTime,29.94662666702061
SimulationTime,16.168054262991063
FramaCExecutionTime,125.33717997098574
TotalExecutionTime,511.7527233080182
