InputGenerationTime,0.04533246399660129
ProfilingTime,29.13024829099595
SimulationTime,222.8819692219986
FramaCExecutionTime,102.04172662799829
TotalExecutionTime,12238.206360629993
