InputGenerationTime,0.1860354489999736
ProfilingTime,26.731284803000108
SimulationTime,20.081919263000145
FramaCExecutionTime,133.846350332
TotalExecutionTime,841.8040469360001
