InputGenerationTime,0.23825610300991684
ProfilingTime,24.846874814946204
SimulationTime,249.18087781599024
FramaCExecutionTime,125.86535251897294
TotalExecutionTime,24406.637093655998
