InputGenerationTime,0.30299885899876244
ProfilingTime,30.250527975003934
SimulationTime,17.791395573003683
FramaCExecutionTime,115.40188249299536
TotalExecutionTime,788.1286108649801
