InputGenerationTime,0.08807973000511993
ProfilingTime,29.14367444399977
SimulationTime,16.56259251300071
FramaCExecutionTime,104.4215551840025
TotalExecutionTime,1321.6705398729973
