InputGenerationTime,0.08208400999865262
ProfilingTime,20.43671711499337
SimulationTime,214.77741015200445
FramaCExecutionTime,96.04302714300138
TotalExecutionTime,1049.6388996110036
