InputGenerationTime,0.19021941302344203
ProfilingTime,21.92442013003165
SimulationTime,212.65591174003202
FramaCExecutionTime,113.54233702400234
TotalExecutionTime,6601.800763565989
