InputGenerationTime,0.04837128699728055
ProfilingTime,23.73792327100091
SimulationTime,10.993259879000107
FramaCExecutionTime,95.57277957100086
TotalExecutionTime,2311.3033364930016
