InputGenerationTime,0.24126282497309148
ProfilingTime,19.645552570931613
SimulationTime,216.2079849189613
FramaCExecutionTime,107.74387342808768
TotalExecutionTime,2711.8465650069993
