InputGenerationTime,0.2550414989818819
ProfilingTime,22.379403516999446
SimulationTime,12.120426053996198
FramaCExecutionTime,119.64459108404117
TotalExecutionTime,2456.276464045979
