InputGenerationTime,0.05791807700006757
ProfilingTime,30.56244317899109
SimulationTime,15.63699199500843
FramaCExecutionTime,106.56665147199237
TotalExecutionTime,1748.1462637950026
