InputGenerationTime,0.07921701300074346
ProfilingTime,34.887128943999414
SimulationTime,21.19624703998852
FramaCExecutionTime,105.26931427200907
TotalExecutionTime,3483.4067117629893
