InputGenerationTime,0.08807973000511993
ProfilingTime,36.66730770700087
SimulationTime,24.488835714990273
FramaCExecutionTime,104.4215551840025
TotalExecutionTime,666.5266345010023
