InputGenerationTime,0.08587797201471403
ProfilingTime,31.499929925019387
SimulationTime,67.44167065701913
FramaCExecutionTime,105.58347059699008
TotalExecutionTime,28640.92842789
