InputGenerationTime,0.17436641099993722
ProfilingTime,38.87649230399984
SimulationTime,110.67821583899968
FramaCExecutionTime,111.46580506899954
TotalExecutionTime,2339.160332805999
