InputGenerationTime,0.2554458619997604
ProfilingTime,24.383577798998886
SimulationTime,230.60934264699972
FramaCExecutionTime,133.5833892849987
TotalExecutionTime,18356.347155134
