InputGenerationTime,0.18901437100430485
ProfilingTime,35.060738305000996
SimulationTime,24.9365807429931
FramaCExecutionTime,120.16616172400245
TotalExecutionTime,3493.090619489998
