InputGenerationTime,0.5458302329934668
ProfilingTime,30.157651685993187
SimulationTime,20.088213886978338
FramaCExecutionTime,135.8646732600173
TotalExecutionTime,3624.6937670800253
