InputGenerationTime,0.08069608799996786
ProfilingTime,31.608392897003796
SimulationTime,14.476612630009186
FramaCExecutionTime,106.32470165600535
TotalExecutionTime,4388.443442967007
