InputGenerationTime,0.07135240799834719
ProfilingTime,26.50177578200237
SimulationTime,12.586057462998724
FramaCExecutionTime,96.4827041699973
TotalExecutionTime,511.35111837000295
