InputGenerationTime,0.3468931099996553
ProfilingTime,25.9528587599998
SimulationTime,21.039318278999417
FramaCExecutionTime,97.67858885599708
TotalExecutionTime,3391.1265081339952
