InputGenerationTime,0.27974674600409344
ProfilingTime,24.69237271498423
SimulationTime,21.41961998597253
FramaCExecutionTime,116.81609825900523
TotalExecutionTime,3620.8117647769977
