InputGenerationTime,0.19782912300433964
ProfilingTime,45.18415789899882
SimulationTime,23.028065111022443
FramaCExecutionTime,120.83434996008873
TotalExecutionTime,2320.8624414479127
