InputGenerationTime,0.02880856700357981
ProfilingTime,23.112508325000817
SimulationTime,14.329868152999552
FramaCExecutionTime,49.60165912899538
TotalExecutionTime,1180.279511146
