InputGenerationTime,0.3468931099996553
ProfilingTime,25.53146031799406
SimulationTime,20.280614631999924
FramaCExecutionTime,97.67858885599708
TotalExecutionTime,3344.0580307759956
