InputGenerationTime,0.17901038100171718
ProfilingTime,38.32937286100059
SimulationTime,19.234092388000136
FramaCExecutionTime,117.9092438819971
TotalExecutionTime,4010.8410320619987
