InputGenerationTime,0.18785828900581691
ProfilingTime,56.21680711299996
SimulationTime,39.29810136700689
FramaCExecutionTime,130.39241952699376
TotalExecutionTime,1651.2787320490024
