InputGenerationTime,0.08614854200277478
ProfilingTime,26.776553993986454
SimulationTime,16.731738407048397
FramaCExecutionTime,108.25941041699843
TotalExecutionTime,3980.401059819036
