InputGenerationTime,0.1973126189550385
ProfilingTime,63.94744417199399
SimulationTime,58.00586889998522
FramaCExecutionTime,110.4989025190007
TotalExecutionTime,1844.8331131729647
