InputGenerationTime,0.28366624703630805
ProfilingTime,21.446422586916015
SimulationTime,50.73675813002046
FramaCExecutionTime,115.50214947399218
TotalExecutionTime,392.3336264840327
