InputGenerationTime,0.01746885300053691
ProfilingTime,10.14490510700125
SimulationTime,5.885646785000063
FramaCExecutionTime,39.659135420000894
TotalExecutionTime,610.7319379729997
