InputGenerationTime,0.2384402189636603
ProfilingTime,35.210391154978424
SimulationTime,72.37551092298236
FramaCExecutionTime,151.8234170480864
TotalExecutionTime,760.4529655609513
