InputGenerationTime,0.20938648599985754
ProfilingTime,27.253017723000085
SimulationTime,20.20450878700649
FramaCExecutionTime,100.2116976210018
TotalExecutionTime,1948.6806356950037
