InputGenerationTime,0.2852700619987445
ProfilingTime,37.21631659800187
SimulationTime,26.42821080399881
FramaCExecutionTime,121.69274858300196
TotalExecutionTime,5665.873138195999
