InputGenerationTime,0.09734716100501828
ProfilingTime,29.10998019100225
SimulationTime,17.74969578201126
FramaCExecutionTime,106.48393925699929
TotalExecutionTime,4358.999424428999
