InputGenerationTime,0.10097159299766645
ProfilingTime,45.84375549998367
SimulationTime,107.31707758101402
FramaCExecutionTime,110.10803324502194
TotalExecutionTime,26625.991213423025
