InputGenerationTime,0.08807973000511993
ProfilingTime,34.15634441800648
SimulationTime,20.96055250801146
FramaCExecutionTime,104.4215551840025
TotalExecutionTime,367.7951021540066
