InputGenerationTime,0.22147605799546
ProfilingTime,47.62860244199692
SimulationTime,33.96059341299406
FramaCExecutionTime,139.0204824370012
TotalExecutionTime,4790.663705428997
