InputGenerationTime,0.18418349499552278
ProfilingTime,42.65991124100401
SimulationTime,266.0471485989983
FramaCExecutionTime,134.15536504299962
TotalExecutionTime,13335.729047654997
