InputGenerationTime,0.1376757019897923
ProfilingTime,42.039650051039644
SimulationTime,187.09882151900092
FramaCExecutionTime,106.99266202299623
TotalExecutionTime,16689.245039617002
