InputGenerationTime,0.2567060510045849
ProfilingTime,27.628891556996678
SimulationTime,108.73466763800388
FramaCExecutionTime,101.65106537199608
TotalExecutionTime,10839.74053168
