InputGenerationTime,0.22577400295995176
ProfilingTime,20.4945993819274
SimulationTime,46.0705993110314
FramaCExecutionTime,109.5923128289869
TotalExecutionTime,2292.356223277049
