InputGenerationTime,0.07747332500002813
ProfilingTime,31.48883697600104
SimulationTime,18.06688814899826
FramaCExecutionTime,107.59819377001259
TotalExecutionTime,205.74620205300744
