InputGenerationTime,0.1776239509927109
ProfilingTime,37.38761626696214
SimulationTime,21.598916469025426
FramaCExecutionTime,144.69820828095544
TotalExecutionTime,839.7275816439651
