InputGenerationTime,0.04965436900238274
ProfilingTime,21.789405638999597
SimulationTime,219.34807460699813
FramaCExecutionTime,96.85920009500114
TotalExecutionTime,19221.463553524998
