InputGenerationTime,0.09243679200005772
ProfilingTime,33.90411292099998
SimulationTime,20.908603674000005
FramaCExecutionTime,140.29446766800004
TotalExecutionTime,1576.1917566059997
