InputGenerationTime,0.08587797201471403
ProfilingTime,45.24790551501792
SimulationTime,66.65948263194878
FramaCExecutionTime,105.58347059699008
TotalExecutionTime,29899.693570725038
