InputGenerationTime,0.09055162998265587
ProfilingTime,22.658249314001296
SimulationTime,29.504491847997997
FramaCExecutionTime,95.32764521898935
TotalExecutionTime,336.3712447589787
