InputGenerationTime,0.28151840600185096
ProfilingTime,27.03098142298404
SimulationTime,20.70768373302417
FramaCExecutionTime,123.84468328399817
TotalExecutionTime,4501.700301453995
