InputGenerationTime,0.21752191695850343
ProfilingTime,20.818574254983105
SimulationTime,209.63032464997377
FramaCExecutionTime,113.90528678707778
TotalExecutionTime,5693.074116756092
