InputGenerationTime,0.04219626891426742
ProfilingTime,18.602131735999137
SimulationTime,18.6749459519051
FramaCExecutionTime,89.77886800491251
TotalExecutionTime,1167.1425845229533
