InputGenerationTime,0.18538614409044385
ProfilingTime,27.23824338009581
SimulationTime,9.837813375983387
FramaCExecutionTime,110.43824010202661
TotalExecutionTime,4167.6381769630825
