InputGenerationTime,0.28151840600185096
ProfilingTime,25.7952192829689
SimulationTime,20.92380257404875
FramaCExecutionTime,123.84468328399817
TotalExecutionTime,4168.686623863003
