InputGenerationTime,0.28151840600185096
ProfilingTime,25.272732736018952
SimulationTime,18.570489958976395
FramaCExecutionTime,123.84468328399817
TotalExecutionTime,3795.8786173610133
