InputGenerationTime,0.06134531200223137
ProfilingTime,36.39257667600759
SimulationTime,24.623249581010896
FramaCExecutionTime,105.47228164300031
TotalExecutionTime,2522.904695746998
