InputGenerationTime,0.08119252510368824
ProfilingTime,47.15730814205017
SimulationTime,36.193959980038926
FramaCExecutionTime,113.96024039201438
TotalExecutionTime,3133.144106175052
