InputGenerationTime,0.2155678939889185
ProfilingTime,24.47455889597768
SimulationTime,12.520838238997385
FramaCExecutionTime,117.01473909697961
TotalExecutionTime,1462.464878047991
