InputGenerationTime,0.3232922659954056
ProfilingTime,19.80273635406047
SimulationTime,54.30518425803166
FramaCExecutionTime,123.42935546697117
TotalExecutionTime,2071.113270574948
