InputGenerationTime,0.2893862620694563
ProfilingTime,24.89552638598252
SimulationTime,12.96982107392978
FramaCExecutionTime,117.19879986299202
TotalExecutionTime,1692.8781606899574
