InputGenerationTime,0.08908225699997274
ProfilingTime,10.667036772000756
SimulationTime,6.554628460999993
FramaCExecutionTime,48.71309677099998
TotalExecutionTime,791.1419640940003
