InputGenerationTime,0.04072097299649613
ProfilingTime,24.88401860400336
SimulationTime,16.561666909998166
FramaCExecutionTime,95.01072702199599
TotalExecutionTime,3638.2278043990045
