InputGenerationTime,0.1322396129999106
ProfilingTime,11.174619731999883
SimulationTime,7.523200209000606
FramaCExecutionTime,55.91579891600031
TotalExecutionTime,202.18762855400018
