InputGenerationTime,0.06306902691721916
ProfilingTime,20.356321109225973
SimulationTime,10.13705363497138
FramaCExecutionTime,93.3677042729687
TotalExecutionTime,1053.859762549866
