InputGenerationTime,0.31785363605013117
ProfilingTime,24.971326000988483
SimulationTime,19.57753062195843
FramaCExecutionTime,117.68211280897958
TotalExecutionTime,757.245920164045
