InputGenerationTime,0.23825610300991684
ProfilingTime,23.852236700011417
SimulationTime,246.7347880449961
FramaCExecutionTime,125.86535251897294
TotalExecutionTime,21655.541418668
