InputGenerationTime,0.26157120897551067
ProfilingTime,35.00254988198867
SimulationTime,18.970387657987885
FramaCExecutionTime,121.93693389900727
TotalExecutionTime,2461.7831522299966
