InputGenerationTime,0.13310052594169974
ProfilingTime,31.871285812929273
SimulationTime,26.116229917970486
FramaCExecutionTime,137.11517138092313
TotalExecutionTime,1446.1280609880341
