InputGenerationTime,0.27974674600409344
ProfilingTime,23.589627831999678
SimulationTime,19.143375214014668
FramaCExecutionTime,116.81609825900523
TotalExecutionTime,3529.0580594649655
