InputGenerationTime,0.26684155499970075
ProfilingTime,23.944190567002806
SimulationTime,104.5256669349983
FramaCExecutionTime,94.79318434699962
TotalExecutionTime,223.55285407599877
