InputGenerationTime,0.02880856700357981
ProfilingTime,20.36514258600073
SimulationTime,12.854214945997228
FramaCExecutionTime,49.60165912899538
TotalExecutionTime,1059.435432037004
