InputGenerationTime,0.08263851499941666
ProfilingTime,26.010579681998934
SimulationTime,17.89083761400252
FramaCExecutionTime,98.82215799900587
TotalExecutionTime,1833.8648400279926
