InputGenerationTime,0.2941565380024258
ProfilingTime,31.06525519301067
SimulationTime,18.908915520005394
FramaCExecutionTime,119.22128029901069
TotalExecutionTime,3506.100213387981
