InputGenerationTime,0.3231512999627739
ProfilingTime,20.146803739015013
SimulationTime,211.0201522919815
FramaCExecutionTime,122.18468638905324
TotalExecutionTime,8744.770057618036
