InputGenerationTime,0.01746885300053691
ProfilingTime,9.190708733000065
SimulationTime,6.203699929999857
FramaCExecutionTime,39.659135420000894
TotalExecutionTime,513.1656085140003
