InputGenerationTime,0.20462099200085504
ProfilingTime,29.68637155900069
SimulationTime,20.57560162899972
FramaCExecutionTime,119.80521449099979
TotalExecutionTime,1972.3711592799991
