InputGenerationTime,0.13310052594169974
ProfilingTime,30.49492599500809
SimulationTime,25.014751735026948
FramaCExecutionTime,137.11517138092313
TotalExecutionTime,192.77999175398145
