InputGenerationTime,0.18170733300212305
ProfilingTime,27.272030150998035
SimulationTime,19.040626691996295
FramaCExecutionTime,99.81084801500401
TotalExecutionTime,3004.8787089020043
