InputGenerationTime,0.2734934970503673
ProfilingTime,25.27269832591992
SimulationTime,17.924898270051926
FramaCExecutionTime,118.28702378703747
TotalExecutionTime,1406.413013852085
