InputGenerationTime,0.2450625509954989
ProfilingTime,27.95332039403729
SimulationTime,19.687299215991516
FramaCExecutionTime,119.58020104799652
TotalExecutionTime,1659.7309484650032
