InputGenerationTime,0.1776239509927109
ProfilingTime,32.82687845698092
SimulationTime,18.139212104026228
FramaCExecutionTime,144.69820828095544
TotalExecutionTime,383.97141470899805
