InputGenerationTime,0.05989754600159358
ProfilingTime,25.64716723500169
SimulationTime,18.7235997079988
FramaCExecutionTime,101.61069593699358
TotalExecutionTime,2514.874467047004
