InputGenerationTime,0.05246901400096249
ProfilingTime,27.02681371899962
SimulationTime,14.239853948005475
FramaCExecutionTime,99.9211063440016
TotalExecutionTime,3519.6036078889883
