InputGenerationTime,0.0626839460019255
ProfilingTime,32.04234447100316
SimulationTime,12.143767872010358
FramaCExecutionTime,104.38985318000778
TotalExecutionTime,3980.5403316729935
