InputGenerationTime,0.07230846700258553
ProfilingTime,26.74302993703168
SimulationTime,231.96253197698388
FramaCExecutionTime,106.69600580900442
TotalExecutionTime,22098.485236068023
