InputGenerationTime,0.18901437100430485
ProfilingTime,40.16660300500371
SimulationTime,25.344167871997342
FramaCExecutionTime,120.16616172400245
TotalExecutionTime,3927.3690163059982
