InputGenerationTime,0.10488404300122056
ProfilingTime,37.3597044340022
SimulationTime,22.047069876000023
FramaCExecutionTime,118.49847431200033
TotalExecutionTime,1882.9594477739993
