InputGenerationTime,0.09243679200005772
ProfilingTime,45.85294608000004
SimulationTime,24.553095949999943
FramaCExecutionTime,140.29446766800004
TotalExecutionTime,824.514117394
