InputGenerationTime,0.21389529504813254
ProfilingTime,23.299885813030414
SimulationTime,66.53748173697386
FramaCExecutionTime,119.5768579680007
TotalExecutionTime,2644.8415534859523
