InputGenerationTime,0.08888787199975923
ProfilingTime,30.874397869003587
SimulationTime,17.997059378001723
FramaCExecutionTime,102.41301443899283
TotalExecutionTime,151.37971529198694
