InputGenerationTime,0.23642875702353194
ProfilingTime,37.380934290995356
SimulationTime,354.9139145310037
FramaCExecutionTime,115.11188443098217
TotalExecutionTime,6006.676666404004
