InputGenerationTime,0.19782912300433964
ProfilingTime,32.835342062986456
SimulationTime,12.516348710050806
FramaCExecutionTime,120.83434996008873
TotalExecutionTime,1564.268522904953
