InputGenerationTime,0.30700588898616843
ProfilingTime,27.25100486399606
SimulationTime,20.754945919994498
FramaCExecutionTime,126.14888849700219
TotalExecutionTime,4582.697711557004
