InputGenerationTime,0.13310052594169974
ProfilingTime,30.705239505972713
SimulationTime,25.174792163074017
FramaCExecutionTime,137.11517138092313
TotalExecutionTime,360.5350533060264
