InputGenerationTime,0.07854590803617612
ProfilingTime,26.37325508298818
SimulationTime,17.306910372979473
FramaCExecutionTime,107.89253767899936
TotalExecutionTime,3960.513154465996
