InputGenerationTime,0.2384402189636603
ProfilingTime,39.63500468293205
SimulationTime,70.29682702803984
FramaCExecutionTime,151.8234170480864
TotalExecutionTime,2500.6128822059836
