InputGenerationTime,0.06233766500008642
ProfilingTime,11.877315472000191
SimulationTime,7.959577098999944
FramaCExecutionTime,47.2595315919998
TotalExecutionTime,946.0673698330002
