InputGenerationTime,0.18929134996142238
ProfilingTime,24.458899024000857
SimulationTime,214.98967787798028
FramaCExecutionTime,116.21079802402528
TotalExecutionTime,18747.39465318498
