InputGenerationTime,0.04915673100913409
ProfilingTime,32.952147724994575
SimulationTime,14.948919976988691
FramaCExecutionTime,104.74350526298804
TotalExecutionTime,333.48660192299576
