InputGenerationTime,0.08706269499816699
ProfilingTime,37.47193327300192
SimulationTime,29.015839715000766
FramaCExecutionTime,108.95056382500115
TotalExecutionTime,5097.668134521002
