InputGenerationTime,0.20294841800205177
ProfilingTime,37.97175023100135
SimulationTime,25.87392352399911
FramaCExecutionTime,122.89071526799671
TotalExecutionTime,2480.314313384002
