InputGenerationTime,0.145248580025509
ProfilingTime,50.30151088896673
SimulationTime,108.14599352201913
FramaCExecutionTime,108.04990905203158
TotalExecutionTime,11402.977649057982
