InputGenerationTime,0.08637258899398148
ProfilingTime,27.172229225980118
SimulationTime,13.332241631986108
FramaCExecutionTime,104.87469518801663
TotalExecutionTime,2661.108424203994
