InputGenerationTime,0.24175441300030798
ProfilingTime,32.04083343606908
SimulationTime,19.144178926944733
FramaCExecutionTime,151.40488299599383
TotalExecutionTime,2003.866333383019
