InputGenerationTime,0.08637258899398148
ProfilingTime,27.290779041009955
SimulationTime,12.610453191038687
FramaCExecutionTime,104.87469518801663
TotalExecutionTime,2488.284447115031
