InputGenerationTime,0.03731615799915744
ProfilingTime,25.196624132993747
SimulationTime,11.478690750998794
FramaCExecutionTime,98.2822837460044
TotalExecutionTime,1253.7927570090033
