InputGenerationTime,0.06064719200367108
ProfilingTime,31.256534617044963
SimulationTime,17.70115658204304
FramaCExecutionTime,106.90652724599931
TotalExecutionTime,1962.9893529150286
