InputGenerationTime,0.3343403210164979
ProfilingTime,20.664845515973866
SimulationTime,8.989963443949819
FramaCExecutionTime,124.28450092894491
TotalExecutionTime,515.6407873809803
