InputGenerationTime,0.1322396129999106
ProfilingTime,11.615365698999994
SimulationTime,9.379596219000632
FramaCExecutionTime,55.91579891600031
TotalExecutionTime,283.1240656330001
