InputGenerationTime,0.17901038100171718
ProfilingTime,39.02570733600078
SimulationTime,20.741813937998813
FramaCExecutionTime,117.9092438819971
TotalExecutionTime,4070.8220207859995
