InputGenerationTime,0.20753930194769055
ProfilingTime,19.721238594967872
SimulationTime,216.50829399609938
FramaCExecutionTime,108.56039979495108
TotalExecutionTime,9996.216964302934
