InputGenerationTime,0.20294841800205177
ProfilingTime,35.78683148699929
SimulationTime,24.22756279099849
FramaCExecutionTime,122.89071526799671
TotalExecutionTime,3198.9044017450033
