InputGenerationTime,0.05791807700006757
ProfilingTime,29.725689582992345
SimulationTime,14.449170844003675
FramaCExecutionTime,106.56665147199237
TotalExecutionTime,2438.1461582269985
