InputGenerationTime,0.2641803329997856
ProfilingTime,31.370198683000126
SimulationTime,241.1255299959994
FramaCExecutionTime,119.66695576599977
TotalExecutionTime,1944.8191429970002
