InputGenerationTime,0.1860354489999736
ProfilingTime,26.75647582700003
SimulationTime,20.60635838899998
FramaCExecutionTime,133.846350332
TotalExecutionTime,743.4900191940001
