InputGenerationTime,0.46168155898340046
ProfilingTime,19.892292520031333
SimulationTime,14.891857343027368
FramaCExecutionTime,128.98384912509937
TotalExecutionTime,1251.6884147019591
