InputGenerationTime,0.03244398299830209
ProfilingTime,21.62016971200137
SimulationTime,213.96096097999907
FramaCExecutionTime,92.58095922599932
TotalExecutionTime,6133.587663584
