InputGenerationTime,0.33293280099951517
ProfilingTime,24.09838139800013
SimulationTime,17.275380647999555
FramaCExecutionTime,130.06025948600018
TotalExecutionTime,4961.900777684
