InputGenerationTime,0.06306902691721916
ProfilingTime,21.812524921959266
SimulationTime,12.461743489140645
FramaCExecutionTime,93.3677042729687
TotalExecutionTime,1119.9152404698543
