InputGenerationTime,0.18582355696707964
ProfilingTime,24.40589059202466
SimulationTime,16.38578855502419
FramaCExecutionTime,131.82039032201283
TotalExecutionTime,2976.326170042972
