InputGenerationTime,0.1216452280023077
ProfilingTime,38.718332235999696
SimulationTime,19.323798435001663
FramaCExecutionTime,109.55363374899753
TotalExecutionTime,727.3822495259992
