InputGenerationTime,0.04074582800240023
ProfilingTime,26.9293239059989
SimulationTime,13.222031164998043
FramaCExecutionTime,95.56120953299978
TotalExecutionTime,1642.5519447190018
