InputGenerationTime,0.1036995750037022
ProfilingTime,43.35998065599415
SimulationTime,26.489519616996404
FramaCExecutionTime,128.76921959100582
TotalExecutionTime,7639.678831861005
