InputGenerationTime,0.07834984001237899
ProfilingTime,28.343988204025663
SimulationTime,17.45628487394424
FramaCExecutionTime,108.21301396400668
TotalExecutionTime,324.90001822501654
