InputGenerationTime,0.02432121099991491
ProfilingTime,9.775876957999571
SimulationTime,5.7991007419987
FramaCExecutionTime,41.77757867699984
TotalExecutionTime,264.63835477199973
