InputGenerationTime,0.18076778999966336
ProfilingTime,39.29671272699852
SimulationTime,21.996682165001403
FramaCExecutionTime,117.59281498999917
TotalExecutionTime,5633.765489737001
