InputGenerationTime,0.02531034300045576
ProfilingTime,10.604689289999442
SimulationTime,7.406112695000047
FramaCExecutionTime,42.76689746500051
TotalExecutionTime,621.1470193060013
