InputGenerationTime,0.145248580025509
ProfilingTime,51.474937465041876
SimulationTime,109.48424348497065
FramaCExecutionTime,108.04990905203158
TotalExecutionTime,11244.445362222963
