InputGenerationTime,0.19099381403066218
ProfilingTime,35.33689393894747
SimulationTime,219.38214512704872
FramaCExecutionTime,148.47174196795095
TotalExecutionTime,1635.7781287260586
