InputGenerationTime,0.08321001699914632
ProfilingTime,38.30595504700068
SimulationTime,9.535137290999046
FramaCExecutionTime,108.04663024299953
TotalExecutionTime,6111.768376368
