InputGenerationTime,0.27974674600409344
ProfilingTime,24.021951174014248
SimulationTime,19.764515302027576
FramaCExecutionTime,116.81609825900523
TotalExecutionTime,4198.034886818961
