InputGenerationTime,0.5125337750068866
ProfilingTime,33.3311548930069
SimulationTime,19.523000165994745
FramaCExecutionTime,149.69917792000342
TotalExecutionTime,4242.674854363024
