InputGenerationTime,0.05632666900055483
ProfilingTime,30.268855295013054
SimulationTime,19.03024223499233
FramaCExecutionTime,103.49272005399689
TotalExecutionTime,1637.9332596000022
