InputGenerationTime,0.2616646940005012
ProfilingTime,41.46889437100617
SimulationTime,29.176907795997977
FramaCExecutionTime,136.35455956900114
TotalExecutionTime,2077.9958691560023
