InputGenerationTime,0.0675285549950786
ProfilingTime,26.960619545992813
SimulationTime,13.20673975200043
FramaCExecutionTime,100.22720573899278
TotalExecutionTime,2172.3570226829906
