InputGenerationTime,0.2749036009190604
ProfilingTime,36.503169627976604
SimulationTime,221.91616938798688
FramaCExecutionTime,159.24751158698928
TotalExecutionTime,8432.949730398017
