InputGenerationTime,0.08119252510368824
ProfilingTime,32.077412376063876
SimulationTime,25.728448837064207
FramaCExecutionTime,113.96024039201438
TotalExecutionTime,2311.84403107909
