InputGenerationTime,0.23651412897743285
ProfilingTime,21.179573221015744
SimulationTime,12.308000628021546
FramaCExecutionTime,114.27070531004574
TotalExecutionTime,863.2510252009379
