InputGenerationTime,0.3203130920010153
ProfilingTime,32.90263837800012
SimulationTime,23.41827807397931
FramaCExecutionTime,125.05516551900655
TotalExecutionTime,518.1720855619933
