InputGenerationTime,0.08614854200277478
ProfilingTime,27.713173374999315
SimulationTime,18.07528190803714
FramaCExecutionTime,108.25941041699843
TotalExecutionTime,4162.346745002025
