InputGenerationTime,0.1376757019897923
ProfilingTime,48.84440544201061
SimulationTime,192.53560676198686
FramaCExecutionTime,106.99266202299623
TotalExecutionTime,16164.394127479987
