InputGenerationTime,0.2333431259903591
ProfilingTime,34.97749236499658
SimulationTime,25.789464417001
FramaCExecutionTime,126.27864418100216
TotalExecutionTime,2095.503924881981
