InputGenerationTime,0.33293280099951517
ProfilingTime,24.54440398299994
SimulationTime,18.56808825400003
FramaCExecutionTime,130.06025948600018
TotalExecutionTime,3922.971455158
