InputGenerationTime,0.0652667719987221
ProfilingTime,24.946313992026262
SimulationTime,21.08537147199968
FramaCExecutionTime,107.56037442997331
TotalExecutionTime,3670.5853359230096
