InputGenerationTime,0.06429028999991715
ProfilingTime,29.961924567993265
SimulationTime,16.654927136027254
FramaCExecutionTime,107.19028882699786
TotalExecutionTime,1007.5251690630103
