InputGenerationTime,0.254091541050002
ProfilingTime,27.17037053196691
SimulationTime,11.253390082973056
FramaCExecutionTime,138.49859954905696
TotalExecutionTime,216.77838340797462
