InputGenerationTime,0.06748960799995984
ProfilingTime,11.838570865000293
SimulationTime,6.784126226000808
FramaCExecutionTime,45.455020551000416
TotalExecutionTime,82.10731200099872
