InputGenerationTime,0.22719534100178862
ProfilingTime,54.983899667000514
SimulationTime,260.3732572700028
FramaCExecutionTime,129.50138765100564
TotalExecutionTime,5209.179342937001
