InputGenerationTime,0.2734934970503673
ProfilingTime,21.645514155970886
SimulationTime,14.553636723896489
FramaCExecutionTime,118.28702378703747
TotalExecutionTime,1282.6090705629904
