InputGenerationTime,0.04915673100913409
ProfilingTime,38.120226503000595
SimulationTime,17.491930909003713
FramaCExecutionTime,104.74350526298804
TotalExecutionTime,847.2006190419925
