InputGenerationTime,0.5126059039903339
ProfilingTime,30.480213532980997
SimulationTime,22.609402311994927
FramaCExecutionTime,134.92843663701206
TotalExecutionTime,2312.647018367017
