InputGenerationTime,0.06559167301747948
ProfilingTime,28.73375303199282
SimulationTime,15.69819521100726
FramaCExecutionTime,104.80555936798919
TotalExecutionTime,707.3448362349882
