InputGenerationTime,0.12488321099954192
ProfilingTime,25.130719382003008
SimulationTime,16.54399489700154
FramaCExecutionTime,88.36304531300266
TotalExecutionTime,2484.9021531040053
