InputGenerationTime,0.3488004950049799
ProfilingTime,34.5968051640084
SimulationTime,27.68088726498536
FramaCExecutionTime,131.56218258899753
TotalExecutionTime,4733.609080128983
