InputGenerationTime,0.2951946859830059
ProfilingTime,18.59906658399268
SimulationTime,270.21573842599173
FramaCExecutionTime,126.49901207099902
TotalExecutionTime,12666.486369132006
