InputGenerationTime,0.09243679200005772
ProfilingTime,35.37444427299988
SimulationTime,22.52860690600005
FramaCExecutionTime,140.29446766800004
TotalExecutionTime,323.6283119650001
