InputGenerationTime,0.2852700619987445
ProfilingTime,34.60583637200034
SimulationTime,23.784276636004506
FramaCExecutionTime,121.69274858300196
TotalExecutionTime,5037.435649763003
