InputGenerationTime,0.06617910400382243
ProfilingTime,32.16073788200447
SimulationTime,16.15752773199347
FramaCExecutionTime,105.83214284598944
TotalExecutionTime,3270.674259874999
