InputGenerationTime,0.09517260299617192
ProfilingTime,30.305174228000396
SimulationTime,23.44834739199723
FramaCExecutionTime,103.24005353699613
TotalExecutionTime,847.4167149450004
