InputGenerationTime,0.24459180305711925
ProfilingTime,19.152311704005115
SimulationTime,8.58552345901262
FramaCExecutionTime,116.45146760297939
TotalExecutionTime,1275.8567297620466
