InputGenerationTime,0.23208729503676295
ProfilingTime,25.24386266199872
SimulationTime,6.509016697993502
FramaCExecutionTime,100.15079668501858
TotalExecutionTime,1898.8561088219867
