InputGenerationTime,0.08637258899398148
ProfilingTime,28.562790405005217
SimulationTime,14.999346954049543
FramaCExecutionTime,104.87469518801663
TotalExecutionTime,2620.202119646012
