InputGenerationTime,0.09055162998265587
ProfilingTime,19.648548200988444
SimulationTime,17.903856448974693
FramaCExecutionTime,95.32764521898935
TotalExecutionTime,245.1450732339872
