InputGenerationTime,0.23825610300991684
ProfilingTime,25.47908603097312
SimulationTime,243.45113794197096
FramaCExecutionTime,125.86535251897294
TotalExecutionTime,20571.12264237099
