InputGenerationTime,0.24341501500020968
ProfilingTime,22.75563724499807
SimulationTime,105.8854977919982
FramaCExecutionTime,95.7353067160002
TotalExecutionTime,6404.939295055003
