InputGenerationTime,0.2450625509954989
ProfilingTime,28.1814122130163
SimulationTime,19.960339902027044
FramaCExecutionTime,119.58020104799652
TotalExecutionTime,2144.5109015339985
