InputGenerationTime,0.05552351800724864
ProfilingTime,33.60144716099603
SimulationTime,228.65487493900582
FramaCExecutionTime,105.23009136799374
TotalExecutionTime,23353.017272371
