InputGenerationTime,0.1500415460000113
ProfilingTime,39.280710523999915
SimulationTime,22.259188817999984
FramaCExecutionTime,119.5390944679998
TotalExecutionTime,2052.8838245039997
