InputGenerationTime,0.05550380299973767
ProfilingTime,28.625952365997364
SimulationTime,10.763817161991028
FramaCExecutionTime,105.84851150700706
TotalExecutionTime,4100.056220308004
