InputGenerationTime,0.07569622099981643
ProfilingTime,14.444308230000388
SimulationTime,8.497790649999843
FramaCExecutionTime,48.96770703600032
TotalExecutionTime,365.16024137600016
