InputGenerationTime,0.26157120897551067
ProfilingTime,30.550217412994243
SimulationTime,18.205660492007155
FramaCExecutionTime,121.93693389900727
TotalExecutionTime,2359.721485418995
