InputGenerationTime,0.05550380299973767
ProfilingTime,38.841708858992206
SimulationTime,21.17725997600064
FramaCExecutionTime,105.84851150700706
TotalExecutionTime,4060.611824545005
