InputGenerationTime,0.36039209901355207
ProfilingTime,20.642882745014504
SimulationTime,210.18026389495935
FramaCExecutionTime,125.7520459779771
TotalExecutionTime,3401.985739974072
