InputGenerationTime,0.13503388699973584
ProfilingTime,33.85003970500111
SimulationTime,108.50600542400207
FramaCExecutionTime,114.96788224999909
TotalExecutionTime,13345.57943084
