InputGenerationTime,0.2916732019511983
ProfilingTime,26.032158088986762
SimulationTime,17.621919140976388
FramaCExecutionTime,121.73228721501073
TotalExecutionTime,2675.593674410018
