InputGenerationTime,0.09055162998265587
ProfilingTime,19.7131346600072
SimulationTime,17.78797207502066
FramaCExecutionTime,95.32764521898935
TotalExecutionTime,207.53496609898866
