InputGenerationTime,0.13775036500010174
ProfilingTime,24.69080119199498
SimulationTime,104.423387335999
FramaCExecutionTime,94.25399721999565
TotalExecutionTime,3693.7301990870037
