InputGenerationTime,0.11109681602101773
ProfilingTime,18.673877118970267
SimulationTime,43.04002373700496
FramaCExecutionTime,95.02735664101783
TotalExecutionTime,3342.5679880620446
