InputGenerationTime,0.07834984001237899
ProfilingTime,28.919597210013308
SimulationTime,7.70513552299235
FramaCExecutionTime,108.21301396400668
TotalExecutionTime,919.9681404110161
