InputGenerationTime,0.3343403210164979
ProfilingTime,22.17645543499384
SimulationTime,12.285778305027634
FramaCExecutionTime,124.28450092894491
TotalExecutionTime,795.1582872859435
