InputGenerationTime,0.17901038100171718
ProfilingTime,37.62390170400249
SimulationTime,19.115829223999754
FramaCExecutionTime,117.9092438819971
TotalExecutionTime,4127.762561611002
