InputGenerationTime,0.2384402189636603
ProfilingTime,40.514823889010586
SimulationTime,74.25488000398036
FramaCExecutionTime,151.8234170480864
TotalExecutionTime,2073.4832006370416
