InputGenerationTime,0.19015604798914865
ProfilingTime,26.126617883972358
SimulationTime,12.718196564994287
FramaCExecutionTime,110.16134787397459
TotalExecutionTime,579.3074663029984
