InputGenerationTime,0.18836116197053343
ProfilingTime,21.67551813501632
SimulationTime,21.075793609954417
FramaCExecutionTime,111.69122295401758
TotalExecutionTime,635.0100338340271
