InputGenerationTime,0.05511531299998751
ProfilingTime,21.0595262909992
SimulationTime,216.59030469300342
FramaCExecutionTime,94.72058908399777
TotalExecutionTime,16231.001571621004
