InputGenerationTime,0.23457185400184244
ProfilingTime,24.640222461952362
SimulationTime,51.29379390296526
FramaCExecutionTime,100.63616595900385
TotalExecutionTime,3024.854902747029
