InputGenerationTime,0.05989754600159358
ProfilingTime,24.301432596999803
SimulationTime,18.169467796004028
FramaCExecutionTime,101.61069593699358
TotalExecutionTime,2688.1612117740005
