InputGenerationTime,0.27974674600409344
ProfilingTime,24.6125308740302
SimulationTime,21.679514512012247
FramaCExecutionTime,116.81609825900523
TotalExecutionTime,3884.931280245015
