InputGenerationTime,0.08587797201471403
ProfilingTime,32.4140986239654
SimulationTime,58.15165116201388
FramaCExecutionTime,105.58347059699008
TotalExecutionTime,30092.636121131014
