InputGenerationTime,0.03244398299830209
ProfilingTime,20.593071695999242
SimulationTime,214.56366233600056
FramaCExecutionTime,92.58095922599932
TotalExecutionTime,9716.334654791
