InputGenerationTime,0.10488404300122056
ProfilingTime,38.82248568700015
SimulationTime,22.5723479340013
FramaCExecutionTime,118.49847431200033
TotalExecutionTime,1944.6546282080017
