InputGenerationTime,0.08780276495963335
ProfilingTime,21.105616108048707
SimulationTime,109.65373395790812
FramaCExecutionTime,97.10535426600836
TotalExecutionTime,3005.234911623993
