InputGenerationTime,0.3487831080565229
ProfilingTime,23.041617761948146
SimulationTime,18.296837924979627
FramaCExecutionTime,124.48829469003249
TotalExecutionTime,827.7920859949663
