InputGenerationTime,0.04155284100124845
ProfilingTime,24.679285528000037
SimulationTime,12.400482262000878
FramaCExecutionTime,96.29844691299877
TotalExecutionTime,1234.6032276170008
