InputGenerationTime,0.05511531299998751
ProfilingTime,20.342126563999045
SimulationTime,215.66136275100143
FramaCExecutionTime,94.72058908399777
TotalExecutionTime,11379.541130334
