InputGenerationTime,0.08614854200277478
ProfilingTime,28.58944212005008
SimulationTime,14.271589253970888
FramaCExecutionTime,108.25941041699843
TotalExecutionTime,3577.811653489014
