InputGenerationTime,0.02344999100023415
ProfilingTime,11.495207703001142
SimulationTime,7.503787010999076
FramaCExecutionTime,44.093769834998966
TotalExecutionTime,582.3944709039988
