InputGenerationTime,0.2155678939889185
ProfilingTime,25.127287373004947
SimulationTime,12.524564124993049
FramaCExecutionTime,117.01473909697961
TotalExecutionTime,1275.5838302109623
