InputGenerationTime,0.19099381403066218
ProfilingTime,31.08557212795131
SimulationTime,213.00220905197784
FramaCExecutionTime,148.47174196795095
TotalExecutionTime,637.8433997159591
