InputGenerationTime,0.36039209901355207
ProfilingTime,20.42408411996439
SimulationTime,209.15972464706283
FramaCExecutionTime,125.7520459779771
TotalExecutionTime,585.5016564570833
