InputGenerationTime,0.03625350189395249
ProfilingTime,23.836704063927755
SimulationTime,33.23991149710491
FramaCExecutionTime,93.29361514700577
TotalExecutionTime,1417.4047099209856
