InputGenerationTime,0.06933283800026402
ProfilingTime,27.101845933997538
SimulationTime,17.485579506028444
FramaCExecutionTime,104.76876791298855
TotalExecutionTime,3266.4035221689846
