InputGenerationTime,0.08706269499816699
ProfilingTime,37.94271478700102
SimulationTime,29.676158420999855
FramaCExecutionTime,108.95056382500115
TotalExecutionTime,4766.549046354001
