InputGenerationTime,0.08441820700682001
ProfilingTime,21.37543947800441
SimulationTime,16.61137952699937
FramaCExecutionTime,98.15719956099929
TotalExecutionTime,1950.791944411998
