InputGenerationTime,0.24126282497309148
ProfilingTime,18.961893741041422
SimulationTime,217.59266791807022
FramaCExecutionTime,107.74387342808768
TotalExecutionTime,2948.466502585914
