InputGenerationTime,0.0626839460019255
ProfilingTime,28.786601970001357
SimulationTime,15.297051546993316
FramaCExecutionTime,104.38985318000778
TotalExecutionTime,4259.125485062992
