InputGenerationTime,0.1586757400073111
ProfilingTime,34.69941831001779
SimulationTime,85.01355361699825
FramaCExecutionTime,113.80346785899019
TotalExecutionTime,3349.3585549879936
