InputGenerationTime,0.5126059039903339
ProfilingTime,28.29789640501258
SimulationTime,15.066833408985985
FramaCExecutionTime,134.92843663701206
TotalExecutionTime,1539.1376494200085
