InputGenerationTime,0.08807973000511993
ProfilingTime,29.855736885001534
SimulationTime,20.679730625008233
FramaCExecutionTime,104.4215551840025
TotalExecutionTime,534.2643551070068
