InputGenerationTime,0.10488404300122056
ProfilingTime,35.655150455000694
SimulationTime,17.724956450001628
FramaCExecutionTime,118.49847431200033
TotalExecutionTime,1767.730801419999
