InputGenerationTime,0.08321001699914632
ProfilingTime,37.7063653109999
SimulationTime,111.38193489200057
FramaCExecutionTime,108.04663024299953
TotalExecutionTime,5461.515714194
