InputGenerationTime,0.11488254508003592
ProfilingTime,37.10352872789372
SimulationTime,28.96557048498653
FramaCExecutionTime,134.28010943497065
TotalExecutionTime,2392.9296990280272
