InputGenerationTime,0.5249734570097644
ProfilingTime,24.04582181299338
SimulationTime,14.947074169991538
FramaCExecutionTime,148.15377748798346
TotalExecutionTime,5242.282950391003
