InputGenerationTime,0.2852700619987445
ProfilingTime,36.7431931339961
SimulationTime,26.15288432500529
FramaCExecutionTime,121.69274858300196
TotalExecutionTime,6124.375349929996
