InputGenerationTime,0.08637258899398148
ProfilingTime,28.955097037018277
SimulationTime,14.717661464994308
FramaCExecutionTime,104.87469518801663
TotalExecutionTime,2532.285621176008
