InputGenerationTime,0.19782912300433964
ProfilingTime,39.80406518699601
SimulationTime,18.184405794017948
FramaCExecutionTime,120.83434996008873
TotalExecutionTime,1808.9093204449164
