InputGenerationTime,0.02880856700357981
ProfilingTime,19.111873246998584
SimulationTime,10.877991275003296
FramaCExecutionTime,49.60165912899538
TotalExecutionTime,895.8057567020005
