InputGenerationTime,0.19015604798914865
ProfilingTime,26.090760242019314
SimulationTime,15.779215485032182
FramaCExecutionTime,110.16134787397459
TotalExecutionTime,693.9753890190041
