InputGenerationTime,0.12260364304529503
ProfilingTime,20.54778746701777
SimulationTime,18.972100008977577
FramaCExecutionTime,105.3618222590303
TotalExecutionTime,2406.7048898959765
