InputGenerationTime,0.05246901400096249
ProfilingTime,26.75782340799924
SimulationTime,15.197711927001365
FramaCExecutionTime,99.9211063440016
TotalExecutionTime,3734.3318092970003
