InputGenerationTime,0.24459180305711925
ProfilingTime,19.24639283400029
SimulationTime,8.27467042801436
FramaCExecutionTime,116.45146760297939
TotalExecutionTime,935.9295067200437
