InputGenerationTime,0.1727162059978582
ProfilingTime,26.114896779996343
SimulationTime,156.88245167100104
FramaCExecutionTime,121.51857166702393
TotalExecutionTime,7033.594105383003
