InputGenerationTime,0.08208400999865262
ProfilingTime,20.309392060997197
SimulationTime,222.8132025149971
FramaCExecutionTime,96.04302714300138
TotalExecutionTime,339.26735292500234
