InputGenerationTime,0.06989308199990774
ProfilingTime,24.066389352999977
SimulationTime,15.486034427995037
FramaCExecutionTime,94.03919311700156
TotalExecutionTime,1478.9002393509945
