InputGenerationTime,0.04619556199759245
ProfilingTime,26.663781274983194
SimulationTime,234.28727443498792
FramaCExecutionTime,102.9426576619735
TotalExecutionTime,9869.075043046032
