InputGenerationTime,0.18446814600611106
ProfilingTime,24.710942564008292
SimulationTime,217.161119366996
FramaCExecutionTime,112.07018067297759
TotalExecutionTime,13162.586639654997
