InputGenerationTime,0.23457185400184244
ProfilingTime,24.839606460998766
SimulationTime,53.47223939298419
FramaCExecutionTime,100.63616595900385
TotalExecutionTime,3503.143901082978
