InputGenerationTime,0.05550380299973767
ProfilingTime,35.49013982999895
SimulationTime,22.472176089999266
FramaCExecutionTime,105.84851150700706
TotalExecutionTime,3904.720287891003
