InputGenerationTime,0.06472448515705764
ProfilingTime,18.900669096969068
SimulationTime,210.37457603705116
FramaCExecutionTime,89.01774519495666
TotalExecutionTime,4728.862997228978
