InputGenerationTime,0.03647145791910589
ProfilingTime,19.76695722306613
SimulationTime,212.34940581698902
FramaCExecutionTime,90.35240423900541
TotalExecutionTime,1701.8025262949523
