InputGenerationTime,0.20462099200085504
ProfilingTime,28.68239740699937
SimulationTime,7.427887856996676
FramaCExecutionTime,119.80521449099979
TotalExecutionTime,2209.2731321799984
