InputGenerationTime,0.07863106299191713
ProfilingTime,28.28822005999973
SimulationTime,16.107963902002666
FramaCExecutionTime,106.38991733599687
TotalExecutionTime,4252.504491110041
