InputGenerationTime,0.29120918099943083
ProfilingTime,40.934489854000276
SimulationTime,270.18582536900067
FramaCExecutionTime,140.39637216499978
TotalExecutionTime,14797.978426754002
