InputGenerationTime,0.5576207120029721
ProfilingTime,34.535877795977285
SimulationTime,22.822369348985376
FramaCExecutionTime,137.8231833819882
TotalExecutionTime,1929.9194322859985
