InputGenerationTime,0.0652667719987221
ProfilingTime,27.214510563993827
SimulationTime,22.31688713101903
FramaCExecutionTime,107.56037442997331
TotalExecutionTime,4111.337688850006
