InputGenerationTime,0.04074582800240023
ProfilingTime,23.798133742002392
SimulationTime,8.974066315000528
FramaCExecutionTime,95.56120953299978
TotalExecutionTime,1857.418945272002
