InputGenerationTime,0.03624822100005076
ProfilingTime,24.058387089999997
SimulationTime,16.3239448920001
FramaCExecutionTime,107.40131508900004
TotalExecutionTime,524.5967337970001
