InputGenerationTime,0.04072097299649613
ProfilingTime,23.69008170899906
SimulationTime,15.019309754003189
FramaCExecutionTime,95.01072702199599
TotalExecutionTime,3835.8776391559986
