InputGenerationTime,0.12488321099954192
ProfilingTime,28.27420095299749
SimulationTime,19.71895496200159
FramaCExecutionTime,88.36304531300266
TotalExecutionTime,2807.624264528
