InputGenerationTime,0.5459449000190943
ProfilingTime,30.297357027011458
SimulationTime,21.255733116995543
FramaCExecutionTime,142.59089715700247
TotalExecutionTime,3664.761882196006
