InputGenerationTime,0.06716115004383028
ProfilingTime,19.131752527086064
SimulationTime,16.70823975210078
FramaCExecutionTime,91.8677742651198
TotalExecutionTime,622.3574410460424
