InputGenerationTime,0.08321001699914632
ProfilingTime,33.23645246900014
SimulationTime,103.66108212399922
FramaCExecutionTime,108.04663024299953
TotalExecutionTime,6846.642988195999
