InputGenerationTime,0.2554458619997604
ProfilingTime,25.42623968100088
SimulationTime,230.91040335199796
FramaCExecutionTime,133.5833892849987
TotalExecutionTime,18875.385890961003
