InputGenerationTime,0.2450625509954989
ProfilingTime,27.623541070031933
SimulationTime,20.31716428801883
FramaCExecutionTime,119.58020104799652
TotalExecutionTime,1611.9628892720211
