InputGenerationTime,0.04965436900238274
ProfilingTime,22.522866733001138
SimulationTime,219.98012320999987
FramaCExecutionTime,96.85920009500114
TotalExecutionTime,19944.465262278005
