InputGenerationTime,0.07230846700258553
ProfilingTime,25.969055909023155
SimulationTime,233.38540017901687
FramaCExecutionTime,106.69600580900442
TotalExecutionTime,21839.720826995035
