InputGenerationTime,0.20938648599985754
ProfilingTime,29.368951675998687
SimulationTime,21.347403165003925
FramaCExecutionTime,100.2116976210018
TotalExecutionTime,1640.2036831380028
