InputGenerationTime,0.1586757400073111
ProfilingTime,33.32580309902551
SimulationTime,83.45347613503691
FramaCExecutionTime,113.80346785899019
TotalExecutionTime,230.74434402101906
