InputGenerationTime,0.04533246399660129
ProfilingTime,28.445212482998613
SimulationTime,223.65638897199824
FramaCExecutionTime,102.04172662799829
TotalExecutionTime,12991.416862665006
