InputGenerationTime,0.2333431259903591
ProfilingTime,32.35244886300643
SimulationTime,23.841500892012846
FramaCExecutionTime,126.27864418100216
TotalExecutionTime,2151.8088250319997
