InputGenerationTime,0.2698664650088176
ProfilingTime,39.65744373796042
SimulationTime,19.935905382968485
FramaCExecutionTime,179.84466144593898
TotalExecutionTime,1152.7105268049054
