InputGenerationTime,0.06064719200367108
ProfilingTime,28.9507209060248
SimulationTime,17.65436096000485
FramaCExecutionTime,106.90652724599931
TotalExecutionTime,1546.0874175460194
