InputGenerationTime,0.24175441300030798
ProfilingTime,30.767688945983537
SimulationTime,17.007135486928746
FramaCExecutionTime,151.40488299599383
TotalExecutionTime,1635.108643996995
