InputGenerationTime,0.08807973000511993
ProfilingTime,33.581898256001296
SimulationTime,22.09720243900665
FramaCExecutionTime,104.4215551840025
TotalExecutionTime,722.2739960080071
