InputGenerationTime,0.1500415460000113
ProfilingTime,35.90413855399993
SimulationTime,20.783605110999815
FramaCExecutionTime,119.5390944679998
TotalExecutionTime,1812.8012998559998
