InputGenerationTime,0.03794739185832441
ProfilingTime,21.70906589902006
SimulationTime,12.187141448026523
FramaCExecutionTime,90.95548496907577
TotalExecutionTime,709.3051204788499
