InputGenerationTime,0.3914520660182461
ProfilingTime,21.80819147801958
SimulationTime,12.073853590991348
FramaCExecutionTime,134.18783874309156
TotalExecutionTime,1679.842943493044
