InputGenerationTime,0.23825610300991684
ProfilingTime,25.284260543994606
SimulationTime,242.83781257999362
FramaCExecutionTime,125.86535251897294
TotalExecutionTime,18960.425381695968
