InputGenerationTime,0.11488254508003592
ProfilingTime,30.477418818045408
SimulationTime,26.46864022105001
FramaCExecutionTime,134.28010943497065
TotalExecutionTime,1931.7186429200228
