InputGenerationTime,0.30700588898616843
ProfilingTime,30.232452947006095
SimulationTime,20.36047313598101
FramaCExecutionTime,126.14888849700219
TotalExecutionTime,4633.694784497988
