InputGenerationTime,0.08706269499816699
ProfilingTime,34.296827932997985
SimulationTime,23.092604067998764
FramaCExecutionTime,108.95056382500115
TotalExecutionTime,4893.848925345999
