InputGenerationTime,0.28366624703630805
ProfilingTime,25.040924167027697
SimulationTime,51.13643914903514
FramaCExecutionTime,115.50214947399218
TotalExecutionTime,1642.5271897469647
