InputGenerationTime,0.06716115004383028
ProfilingTime,18.614201913122088
SimulationTime,16.724761835997924
FramaCExecutionTime,91.8677742651198
TotalExecutionTime,965.1464422089048
