InputGenerationTime,0.2698664650088176
ProfilingTime,40.39783657598309
SimulationTime,15.497999481041916
FramaCExecutionTime,179.84466144593898
TotalExecutionTime,653.2280766919721
