InputGenerationTime,0.07626064800024324
ProfilingTime,20.161078198000723
SimulationTime,8.802963287999773
FramaCExecutionTime,59.88686160399993
TotalExecutionTime,268.07953645399994
