InputGenerationTime,0.0990121210925281
ProfilingTime,48.93892258917913
SimulationTime,247.21065389504656
FramaCExecutionTime,107.4057569380384
TotalExecutionTime,4789.135150875896
