InputGenerationTime,0.23457185400184244
ProfilingTime,25.604813249025028
SimulationTime,6.8078812650055625
FramaCExecutionTime,100.63616595900385
TotalExecutionTime,4080.9231685309787
