InputGenerationTime,0.1907245700713247
ProfilingTime,19.3248652999755
SimulationTime,537.5395295040216
FramaCExecutionTime,107.36546195601113
TotalExecutionTime,11416.624946480035
