InputGenerationTime,0.13310052594169974
ProfilingTime,38.54441657999996
SimulationTime,30.045386008918285
FramaCExecutionTime,137.11517138092313
TotalExecutionTime,1514.78428672906
