InputGenerationTime,0.03647145791910589
ProfilingTime,19.649675199994817
SimulationTime,212.41307799797505
FramaCExecutionTime,90.35240423900541
TotalExecutionTime,2398.8536957580363
