InputGenerationTime,0.06617910400382243
ProfilingTime,35.38057693799783
SimulationTime,22.112364396001794
FramaCExecutionTime,105.83214284598944
TotalExecutionTime,3546.4984223329957
