InputGenerationTime,0.19782912300433964
ProfilingTime,33.730606747907586
SimulationTime,12.916229104041122
FramaCExecutionTime,120.83434996008873
TotalExecutionTime,1702.0613902569748
