InputGenerationTime,0.05791807700006757
ProfilingTime,37.73730428700219
SimulationTime,18.924608397006523
FramaCExecutionTime,106.56665147199237
TotalExecutionTime,2288.6047262109932
