InputGenerationTime,0.146842653004569
ProfilingTime,24.649424392999208
SimulationTime,17.929868819999683
FramaCExecutionTime,89.65716592899844
TotalExecutionTime,728.6558597399999
