InputGenerationTime,0.10488404300122056
ProfilingTime,36.88394624400098
SimulationTime,18.400158560998534
FramaCExecutionTime,118.49847431200033
TotalExecutionTime,1823.2646807089986
