InputGenerationTime,0.131118303979747
ProfilingTime,39.27173951314762
SimulationTime,1044.3384713649284
FramaCExecutionTime,108.81593526701909
TotalExecutionTime,6215.054706854164
