InputGenerationTime,0.03941600100370124
ProfilingTime,23.965544812999724
SimulationTime,219.30818274299963
FramaCExecutionTime,95.25604605099943
TotalExecutionTime,9341.927939020003
