InputGenerationTime,0.0626839460019255
ProfilingTime,31.211600932991132
SimulationTime,19.463479922997067
FramaCExecutionTime,104.38985318000778
TotalExecutionTime,4164.732369227
