InputGenerationTime,0.1907245700713247
ProfilingTime,18.861647279933095
SimulationTime,489.4939844190376
FramaCExecutionTime,107.36546195601113
TotalExecutionTime,1126.722578376066
