InputGenerationTime,0.36768036500143353
ProfilingTime,54.173533723005676
SimulationTime,30.873882790001517
FramaCExecutionTime,132.18089018899627
TotalExecutionTime,1220.8469032009962
