InputGenerationTime,0.06472448515705764
ProfilingTime,18.149542225990444
SimulationTime,212.30203909799457
FramaCExecutionTime,89.01774519495666
TotalExecutionTime,5190.830471725902
