InputGenerationTime,0.21722360595595092
ProfilingTime,34.34149777702987
SimulationTime,253.83365561102983
FramaCExecutionTime,123.38338132703211
TotalExecutionTime,7799.133104512934
