InputGenerationTime,0.294005884003127
ProfilingTime,29.801242221990833
SimulationTime,20.593482577009127
FramaCExecutionTime,120.10160090000136
TotalExecutionTime,1030.3349772260117
