InputGenerationTime,0.3343403210164979
ProfilingTime,24.04530107602477
SimulationTime,11.752062643063255
FramaCExecutionTime,124.28450092894491
TotalExecutionTime,306.8958382579731
