InputGenerationTime,0.24341501500020968
ProfilingTime,23.870515721995616
SimulationTime,107.50326940300147
FramaCExecutionTime,95.7353067160002
TotalExecutionTime,8148.575648016005
