InputGenerationTime,0.08587797201471403
ProfilingTime,44.09853765001753
SimulationTime,82.20514863700373
FramaCExecutionTime,105.58347059699008
TotalExecutionTime,30219.027257003007
