InputGenerationTime,0.29270844598067924
ProfilingTime,27.927032205014257
SimulationTime,80.8740196339786
FramaCExecutionTime,116.0746045949927
TotalExecutionTime,1619.3787515729782
