InputGenerationTime,0.3487831080565229
ProfilingTime,23.450102247064933
SimulationTime,19.714949993998744
FramaCExecutionTime,124.48829469003249
TotalExecutionTime,745.0755321019096
