InputGenerationTime,0.08119252510368824
ProfilingTime,44.07951874099672
SimulationTime,32.97478712105658
FramaCExecutionTime,113.96024039201438
TotalExecutionTime,3686.7164875280578
