InputGenerationTime,0.04487435601186007
ProfilingTime,19.22476260899566
SimulationTime,8.422891077003442
FramaCExecutionTime,89.0224654530175
TotalExecutionTime,1129.3125834258972
