InputGenerationTime,0.229954885027837
ProfilingTime,26.818818326981273
SimulationTime,18.409721720963717
FramaCExecutionTime,111.18525936000515
TotalExecutionTime,946.3889863879886
