InputGenerationTime,0.20018389399956504
ProfilingTime,38.90037467399998
SimulationTime,27.11686127900066
FramaCExecutionTime,114.37678537700049
TotalExecutionTime,5067.93532606
