InputGenerationTime,0.08780007797759026
ProfilingTime,29.499590419989545
SimulationTime,15.963354102976155
FramaCExecutionTime,107.58787493401906
TotalExecutionTime,3346.7299852270517
