InputGenerationTime,0.36768036500143353
ProfilingTime,43.21319492299517
SimulationTime,23.209957826999016
FramaCExecutionTime,132.18089018899627
TotalExecutionTime,396.1839129009968
