InputGenerationTime,0.1860354489999736
ProfilingTime,28.577060304000042
SimulationTime,21.862269953000123
FramaCExecutionTime,133.846350332
TotalExecutionTime,892.344356806
