InputGenerationTime,0.5249734570097644
ProfilingTime,29.394289021991426
SimulationTime,15.534303357009776
FramaCExecutionTime,148.15377748798346
TotalExecutionTime,4137.112984314997
