InputGenerationTime,0.2641803329997856
ProfilingTime,25.540269876999446
SimulationTime,234.80137680000007
FramaCExecutionTime,119.66695576599977
TotalExecutionTime,3258.552701310001
