InputGenerationTime,0.10224440705496818
ProfilingTime,22.127263514092192
SimulationTime,19.388713157968596
FramaCExecutionTime,96.26200270303525
TotalExecutionTime,894.3441595410695
