InputGenerationTime,0.11135036498308182
ProfilingTime,19.544678756967187
SimulationTime,18.34197725902777
FramaCExecutionTime,94.48343334102537
TotalExecutionTime,1572.1922866780078
