InputGenerationTime,0.15126023499760777
ProfilingTime,25.250219517969526
SimulationTime,21.005391840997618
FramaCExecutionTime,114.47119204199407
TotalExecutionTime,1724.9859517720179
