InputGenerationTime,0.2581516409991309
ProfilingTime,25.580565561016556
SimulationTime,243.0909087859909
FramaCExecutionTime,121.72503140498884
TotalExecutionTime,11694.984561046003
