InputGenerationTime,0.21989744500024244
ProfilingTime,24.540551185025834
SimulationTime,214.56240377004724
FramaCExecutionTime,110.1814316730015
TotalExecutionTime,4388.862114668998
