InputGenerationTime,0.2155678939889185
ProfilingTime,24.700821940030437
SimulationTime,12.372825278027449
FramaCExecutionTime,117.01473909697961
TotalExecutionTime,1764.161028131959
