InputGenerationTime,0.05511531299998751
ProfilingTime,20.710552278003888
SimulationTime,216.86949012200057
FramaCExecutionTime,94.72058908399777
TotalExecutionTime,14267.984535484
