InputGenerationTime,0.06883503001881763
ProfilingTime,28.68163469794672
SimulationTime,18.22452536597848
FramaCExecutionTime,106.64326668903232
TotalExecutionTime,1986.1769272510428
