InputGenerationTime,0.2250435840105638
ProfilingTime,27.694545530946925
SimulationTime,222.0921686589718
FramaCExecutionTime,112.19995585503057
TotalExecutionTime,3873.814132011961
