InputGenerationTime,0.2852700619987445
ProfilingTime,38.73781007600337
SimulationTime,27.87195145199803
FramaCExecutionTime,121.69274858300196
TotalExecutionTime,5478.177400037999
