InputGenerationTime,0.11135036498308182
ProfilingTime,19.29697683802806
SimulationTime,16.69200059794821
FramaCExecutionTime,94.48343334102537
TotalExecutionTime,1213.2722552260384
