InputGenerationTime,0.19015604798914865
ProfilingTime,22.181875545997173
SimulationTime,11.004590006021317
FramaCExecutionTime,110.16134787397459
TotalExecutionTime,209.7282588139642
