InputGenerationTime,0.20075722900219262
ProfilingTime,25.40560356801143
SimulationTime,239.91238617600175
FramaCExecutionTime,120.85969471401768
TotalExecutionTime,17226.66699164
