InputGenerationTime,0.2554458619997604
ProfilingTime,28.426222721998784
SimulationTime,236.42950729899894
FramaCExecutionTime,133.5833892849987
TotalExecutionTime,20714.9837921
