InputGenerationTime,0.13503388699973584
ProfilingTime,35.58909239000059
SimulationTime,113.88648601499881
FramaCExecutionTime,114.96788224999909
TotalExecutionTime,13203.138134439
