InputGenerationTime,0.2538465560064651
ProfilingTime,38.3180247600103
SimulationTime,314.19796944700647
FramaCExecutionTime,147.2809260690119
TotalExecutionTime,28608.971570690002
