InputGenerationTime,0.2250435840105638
ProfilingTime,23.465969571028836
SimulationTime,212.14768860000186
FramaCExecutionTime,112.19995585503057
TotalExecutionTime,3152.451013138052
