InputGenerationTime,0.31785363605013117
ProfilingTime,26.65230389399221
SimulationTime,20.19939067395171
FramaCExecutionTime,117.68211280897958
TotalExecutionTime,946.3783909580088
