InputGenerationTime,0.05989754600159358
ProfilingTime,24.868040572007885
SimulationTime,18.300355262996163
FramaCExecutionTime,101.61069593699358
TotalExecutionTime,3146.6700773839984
