InputGenerationTime,0.27715257002273574
ProfilingTime,37.145839179022005
SimulationTime,21.346857293974608
FramaCExecutionTime,128.3411734039837
TotalExecutionTime,3993.2247457799967
