InputGenerationTime,0.1216452280023077
ProfilingTime,36.299637328000244
SimulationTime,20.298443997002323
FramaCExecutionTime,109.55363374899753
TotalExecutionTime,376.0870280960007
