InputGenerationTime,0.08637258899398148
ProfilingTime,28.005251681024674
SimulationTime,15.662147544964682
FramaCExecutionTime,104.87469518801663
TotalExecutionTime,2967.285184267035
