InputGenerationTime,0.1376757019897923
ProfilingTime,36.148740391014144
SimulationTime,196.76282068900764
FramaCExecutionTime,106.99266202299623
TotalExecutionTime,16922.236890408967
