InputGenerationTime,0.16970555897569284
ProfilingTime,33.92976783198537
SimulationTime,848.4160141090397
FramaCExecutionTime,116.65334182599327
TotalExecutionTime,10188.634084496007
