InputGenerationTime,0.08637258899398148
ProfilingTime,27.41995981504442
SimulationTime,13.87144164298661
FramaCExecutionTime,104.87469518801663
TotalExecutionTime,2879.3452652459964
