InputGenerationTime,0.1973126189550385
ProfilingTime,34.06245141295949
SimulationTime,68.28598178300308
FramaCExecutionTime,110.4989025190007
TotalExecutionTime,2542.933848073997
