InputGenerationTime,0.2978791029963759
ProfilingTime,27.557743568999285
SimulationTime,21.363064978002512
FramaCExecutionTime,94.0850575910008
TotalExecutionTime,831.287152936995
