InputGenerationTime,0.06233766500008642
ProfilingTime,11.10058226000001
SimulationTime,6.920729284000117
FramaCExecutionTime,47.2595315919998
TotalExecutionTime,595.596476789
