InputGenerationTime,0.2893862620694563
ProfilingTime,20.93289692106191
SimulationTime,9.19814637908712
FramaCExecutionTime,117.19879986299202
TotalExecutionTime,1080.5181192229502
