InputGenerationTime,0.10097159299766645
ProfilingTime,39.00255030795233
SimulationTime,104.8678827600088
FramaCExecutionTime,110.10803324502194
TotalExecutionTime,24686.727390153043
