InputGenerationTime,0.18249052000464872
ProfilingTime,25.30545375600923
SimulationTime,34.70877890003612
FramaCExecutionTime,95.15639482502593
TotalExecutionTime,6020.3128332340275
