InputGenerationTime,0.254091541050002
ProfilingTime,31.192112918011844
SimulationTime,13.693008970934898
FramaCExecutionTime,138.49859954905696
TotalExecutionTime,559.9946284509497
