InputGenerationTime,0.26520692789927125
ProfilingTime,33.75793505599722
SimulationTime,12.349900537985377
FramaCExecutionTime,172.96581168298144
TotalExecutionTime,1834.6544312549522
