InputGenerationTime,0.06595401199956541
ProfilingTime,15.28727512200021
SimulationTime,8.67188612300015
FramaCExecutionTime,58.418587621999905
TotalExecutionTime,828.4513191880005
