InputGenerationTime,0.0851615320007113
ProfilingTime,11.55064436000066
SimulationTime,7.465171349000229
FramaCExecutionTime,48.46413284600021
TotalExecutionTime,179.7057338729992
