InputGenerationTime,0.05547416885383427
ProfilingTime,28.797626758925617
SimulationTime,18.841533988015726
FramaCExecutionTime,95.88349860697053
TotalExecutionTime,1799.5209774971008
