InputGenerationTime,0.0497497089963872
ProfilingTime,37.82420056499541
SimulationTime,242.0556292560068
FramaCExecutionTime,106.16062168798817
TotalExecutionTime,5702.279625437004
