InputGenerationTime,0.2333431259903591
ProfilingTime,32.006611021992285
SimulationTime,22.23675090499455
FramaCExecutionTime,126.27864418100216
TotalExecutionTime,1752.127186814003
