InputGenerationTime,0.02531034300045576
ProfilingTime,10.652691801000401
SimulationTime,7.490977772000406
FramaCExecutionTime,42.76689746500051
TotalExecutionTime,875.9583740070011
