InputGenerationTime,0.04561591404490173
ProfilingTime,19.78149028401822
SimulationTime,9.636911240871996
FramaCExecutionTime,88.03226714697666
TotalExecutionTime,279.2500924200285
