InputGenerationTime,0.0566682789940387
ProfilingTime,27.70707882300485
SimulationTime,12.864492816996062
FramaCExecutionTime,99.10822514499887
TotalExecutionTime,2804.251263984006
