InputGenerationTime,0.03794739185832441
ProfilingTime,21.31300091999583
SimulationTime,12.1228730478324
FramaCExecutionTime,90.95548496907577
TotalExecutionTime,742.858219049871
