InputGenerationTime,0.20043562108185142
ProfilingTime,19.18453627906274
SimulationTime,26.576137411990203
FramaCExecutionTime,106.11862533399835
TotalExecutionTime,1098.5199203600641
