InputGenerationTime,0.19015604798914865
ProfilingTime,22.91035247599939
SimulationTime,11.768730837968178
FramaCExecutionTime,110.16134787397459
TotalExecutionTime,244.51960676797898
