InputGenerationTime,0.08297437703004107
ProfilingTime,25.87363646097947
SimulationTime,36.32617588498397
FramaCExecutionTime,103.6552166279871
TotalExecutionTime,4315.654541056021
