InputGenerationTime,0.19015604798914865
ProfilingTime,21.078985594038386
SimulationTime,11.82228300604038
FramaCExecutionTime,110.16134787397459
TotalExecutionTime,540.3335278119775
