InputGenerationTime,0.2155678939889185
ProfilingTime,22.1809535829816
SimulationTime,11.104752785002347
FramaCExecutionTime,117.01473909697961
TotalExecutionTime,1167.850456368993
