InputGenerationTime,0.07747332500002813
ProfilingTime,37.63531757998862
SimulationTime,20.304135582002345
FramaCExecutionTime,107.59819377001259
TotalExecutionTime,1286.0173728600057
