InputGenerationTime,0.20294841800205177
ProfilingTime,34.82328758099902
SimulationTime,24.37085243200272
FramaCExecutionTime,122.89071526799671
TotalExecutionTime,1777.2688924229988
