InputGenerationTime,0.18170733300212305
ProfilingTime,28.80356240000401
SimulationTime,18.819657339001424
FramaCExecutionTime,99.81084801500401
TotalExecutionTime,2709.2762496290015
