InputGenerationTime,0.2734934970503673
ProfilingTime,25.530907799955457
SimulationTime,18.378604261088185
FramaCExecutionTime,118.28702378703747
TotalExecutionTime,1864.293899551034
