InputGenerationTime,0.3468931099996553
ProfilingTime,23.22747528400214
SimulationTime,18.399496500001987
FramaCExecutionTime,97.67858885599708
TotalExecutionTime,3106.7426742379976
