InputGenerationTime,0.20294841800205177
ProfilingTime,39.030003519001184
SimulationTime,26.264686843001982
FramaCExecutionTime,122.89071526799671
TotalExecutionTime,2946.507252147003
