InputGenerationTime,0.20018389399956504
ProfilingTime,39.523807227999896
SimulationTime,25.318759645000682
FramaCExecutionTime,114.37678537700049
TotalExecutionTime,5555.937237441
