InputGenerationTime,0.1260524740209803
ProfilingTime,22.915366032975726
SimulationTime,72.74769251601538
FramaCExecutionTime,94.21775655599777
TotalExecutionTime,7910.995649111981
