InputGenerationTime,0.22577400295995176
ProfilingTime,18.720712311915122
SimulationTime,43.06434767006431
FramaCExecutionTime,109.5923128289869
TotalExecutionTime,2164.742554891971
