InputGenerationTime,0.12488321099954192
ProfilingTime,25.692653903002793
SimulationTime,19.774972696002806
FramaCExecutionTime,88.36304531300266
TotalExecutionTime,3128.0932795010012
