InputGenerationTime,0.2384402189636603
ProfilingTime,30.97013412299566
SimulationTime,67.31768580595963
FramaCExecutionTime,151.8234170480864
TotalExecutionTime,452.4696737319464
