InputGenerationTime,0.05550380299973767
ProfilingTime,35.16953671601368
SimulationTime,19.04900702199666
FramaCExecutionTime,105.84851150700706
TotalExecutionTime,3229.287365191005
