InputGenerationTime,0.08813246099816752
ProfilingTime,36.483858988001884
SimulationTime,22.20091251100166
FramaCExecutionTime,108.73251284900107
TotalExecutionTime,742.0725929340006
