InputGenerationTime,0.16970555897569284
ProfilingTime,33.41268351196777
SimulationTime,1159.3340170989977
FramaCExecutionTime,116.65334182599327
TotalExecutionTime,14139.598904590006
