InputGenerationTime,0.05124002699449193
ProfilingTime,31.704629216998
SimulationTime,58.580768215993885
FramaCExecutionTime,104.36231635800505
TotalExecutionTime,4696.517987271
