InputGenerationTime,0.06064719200367108
ProfilingTime,28.66346697002882
SimulationTime,17.852118085022084
FramaCExecutionTime,106.90652724599931
TotalExecutionTime,1913.8548826960032
