InputGenerationTime,0.22179850202519447
ProfilingTime,35.821057091932744
SimulationTime,67.26062415202614
FramaCExecutionTime,150.7494653709
TotalExecutionTime,4009.506387138972
