InputGenerationTime,0.13775036500010174
ProfilingTime,26.203254168998683
SimulationTime,113.34806186499918
FramaCExecutionTime,94.25399721999565
TotalExecutionTime,5332.018905719
