InputGenerationTime,0.0990121210925281
ProfilingTime,32.6138949689921
SimulationTime,225.810924656922
FramaCExecutionTime,107.4057569380384
TotalExecutionTime,1143.021105950931
