InputGenerationTime,0.24175441300030798
ProfilingTime,38.83085720590316
SimulationTime,26.602275770972483
FramaCExecutionTime,151.40488299599383
TotalExecutionTime,2469.0365645310376
