InputGenerationTime,0.07747332500002813
ProfilingTime,32.76195244399423
SimulationTime,22.15501346399833
FramaCExecutionTime,107.59819377001259
TotalExecutionTime,632.9043433629995
