InputGenerationTime,0.0712742239702493
ProfilingTime,28.763424542034045
SimulationTime,19.255077962996438
FramaCExecutionTime,105.79948802501895
TotalExecutionTime,2164.4497914259555
