InputGenerationTime,0.22495511300076032
ProfilingTime,25.315551730000152
SimulationTime,229.75187681699754
FramaCExecutionTime,129.21610248100114
TotalExecutionTime,12972.567043633
