InputGenerationTime,0.19015604798914865
ProfilingTime,25.439505301997997
SimulationTime,13.008955969999079
FramaCExecutionTime,110.16134787397459
TotalExecutionTime,357.2307007180061
