InputGenerationTime,0.09055162998265587
ProfilingTime,20.436550231999718
SimulationTime,18.50065631599864
FramaCExecutionTime,95.32764521898935
TotalExecutionTime,284.14931222997257
