InputGenerationTime,0.18785828900581691
ProfilingTime,42.91514153699973
SimulationTime,24.80057104000298
FramaCExecutionTime,130.39241952699376
TotalExecutionTime,1165.806441261011
