InputGenerationTime,0.18929134996142238
ProfilingTime,25.23951795999892
SimulationTime,216.73660521104466
FramaCExecutionTime,116.21079802402528
TotalExecutionTime,17792.511448720994
