InputGenerationTime,0.2328068589558825
ProfilingTime,33.7409430280095
SimulationTime,13.190008183009923
FramaCExecutionTime,120.70834039303008
TotalExecutionTime,739.2433714549989
