InputGenerationTime,0.145248580025509
ProfilingTime,49.83744429697981
SimulationTime,6.414522851991933
FramaCExecutionTime,108.04990905203158
TotalExecutionTime,11605.474664173962
