InputGenerationTime,0.06134531200223137
ProfilingTime,33.2838460310013
SimulationTime,18.70113012100046
FramaCExecutionTime,105.47228164300031
TotalExecutionTime,2227.1368039780064
