InputGenerationTime,0.08706269499816699
ProfilingTime,33.7294522709999
SimulationTime,23.737580659999367
FramaCExecutionTime,108.95056382500115
TotalExecutionTime,5155.254136117001
