InputGenerationTime,0.145248580025509
ProfilingTime,37.537965552997775
SimulationTime,107.49624310998479
FramaCExecutionTime,108.04990905203158
TotalExecutionTime,11083.406667089963
