InputGenerationTime,0.08297437703004107
ProfilingTime,20.553659713012166
SimulationTime,26.54278219002299
FramaCExecutionTime,103.6552166279871
TotalExecutionTime,3537.020098425972
