InputGenerationTime,0.3232922659954056
ProfilingTime,23.080637976061553
SimulationTime,59.006147618056275
FramaCExecutionTime,123.42935546697117
TotalExecutionTime,2317.2293826479
