InputGenerationTime,0.03624822100005076
ProfilingTime,24.720481399000164
SimulationTime,15.417153549999966
FramaCExecutionTime,107.40131508900004
TotalExecutionTime,928.2534319700001
