InputGenerationTime,0.15557446299999356
ProfilingTime,37.73820516199976
SimulationTime,21.62054779800019
FramaCExecutionTime,114.42043770899954
TotalExecutionTime,4379.794854238
