InputGenerationTime,0.06429028999991715
ProfilingTime,30.05507469200529
SimulationTime,17.018037850037217
FramaCExecutionTime,107.19028882699786
TotalExecutionTime,413.0233169320272
