InputGenerationTime,0.2095904320012778
ProfilingTime,20.312471860903315
SimulationTime,8.957792614004575
FramaCExecutionTime,113.9620377930114
TotalExecutionTime,1212.7303139700089
