InputGenerationTime,0.27715257002273574
ProfilingTime,35.18905917700613
SimulationTime,19.917505990015343
FramaCExecutionTime,128.3411734039837
TotalExecutionTime,3764.522123044997
