InputGenerationTime,0.24341501500020968
ProfilingTime,26.37386232100107
SimulationTime,8.831876365002245
FramaCExecutionTime,95.7353067160002
TotalExecutionTime,8589.072506461001
