InputGenerationTime,0.06472448515705764
ProfilingTime,19.614390147151425
SimulationTime,210.80307973991148
FramaCExecutionTime,89.01774519495666
TotalExecutionTime,4499.540058669867
