InputGenerationTime,0.23651412897743285
ProfilingTime,20.477755489991978
SimulationTime,11.606943338061683
FramaCExecutionTime,114.27070531004574
TotalExecutionTime,146.60891467996407
