InputGenerationTime,0.06559167301747948
ProfilingTime,28.792751968023367
SimulationTime,16.245187266962603
FramaCExecutionTime,104.80555936798919
TotalExecutionTime,933.5769058410078
