InputGenerationTime,0.11123362099897349
ProfilingTime,37.880895032998524
SimulationTime,21.58753888100182
FramaCExecutionTime,111.88471470699733
TotalExecutionTime,1889.8929459819992
