InputGenerationTime,0.19766114899903187
ProfilingTime,29.240570621997904
SimulationTime,22.592451353000797
FramaCExecutionTime,120.10270344499804
TotalExecutionTime,451.27232904399716
