InputGenerationTime,0.3203130920010153
ProfilingTime,32.542873616999714
SimulationTime,22.789863896992756
FramaCExecutionTime,125.05516551900655
TotalExecutionTime,1301.174974783993
