InputGenerationTime,0.06989308199990774
ProfilingTime,23.68742947199644
SimulationTime,15.05194718400162
FramaCExecutionTime,94.03919311700156
TotalExecutionTime,1752.9979416119968
