InputGenerationTime,0.11737045999325346
ProfilingTime,45.056530394998845
SimulationTime,28.31752839399269
FramaCExecutionTime,130.64505490900774
TotalExecutionTime,4972.775200043005
