InputGenerationTime,0.16970555897569284
ProfilingTime,34.28639807703439
SimulationTime,543.5780426529818
FramaCExecutionTime,116.65334182599327
TotalExecutionTime,7343.9176168630365
