InputGenerationTime,0.12341600493527949
ProfilingTime,33.86177425296046
SimulationTime,40.80129033199046
FramaCExecutionTime,109.50403061194811
TotalExecutionTime,466.2597357319901
