InputGenerationTime,0.2014430370181799
ProfilingTime,21.392261852975935
SimulationTime,15.01177975902101
FramaCExecutionTime,128.44977176899556
TotalExecutionTime,1245.0794812850072
