InputGenerationTime,0.18446814600611106
ProfilingTime,26.302242062985897
SimulationTime,213.79492190497695
FramaCExecutionTime,112.07018067297759
TotalExecutionTime,15805.38674575102
