InputGenerationTime,0.2384402189636603
ProfilingTime,35.38665769004729
SimulationTime,73.6398936319165
FramaCExecutionTime,151.8234170480864
TotalExecutionTime,1514.0755561420228
