InputGenerationTime,0.1500415460000113
ProfilingTime,36.34641286900023
SimulationTime,23.300707056000192
FramaCExecutionTime,119.5390944679998
TotalExecutionTime,2359.402863773
