InputGenerationTime,0.05791807700006757
ProfilingTime,31.43790103000356
SimulationTime,16.576510764993145
FramaCExecutionTime,106.56665147199237
TotalExecutionTime,2393.8708486649994
