InputGenerationTime,0.2650788240007387
ProfilingTime,33.94635605300027
SimulationTime,109.48485862400048
FramaCExecutionTime,114.57576221599993
TotalExecutionTime,7527.148377006999
