InputGenerationTime,0.07863106299191713
ProfilingTime,28.486572103982326
SimulationTime,14.642121408018284
FramaCExecutionTime,106.38991733599687
TotalExecutionTime,3587.0790364519926
