InputGenerationTime,0.06134531200223137
ProfilingTime,38.8650969589944
SimulationTime,24.818010763003258
FramaCExecutionTime,105.47228164300031
TotalExecutionTime,2399.7343295290048
