InputGenerationTime,0.08780007797759026
ProfilingTime,27.05459296697518
SimulationTime,12.207822716969531
FramaCExecutionTime,107.58787493401906
TotalExecutionTime,2507.4453456960036
