InputGenerationTime,0.06559167301747948
ProfilingTime,28.657168215024285
SimulationTime,11.785347336961422
FramaCExecutionTime,104.80555936798919
TotalExecutionTime,267.36753182602115
