InputGenerationTime,0.1586757400073111
ProfilingTime,34.54840577201685
SimulationTime,83.86580392502947
FramaCExecutionTime,113.80346785899019
TotalExecutionTime,786.2280859670136
