InputGenerationTime,0.08706269499816699
ProfilingTime,39.262459638997825
SimulationTime,31.215230737001548
FramaCExecutionTime,108.95056382500115
TotalExecutionTime,5225.804935889999
