InputGenerationTime,0.03244398299830209
ProfilingTime,21.00443515799998
SimulationTime,214.31284759299888
FramaCExecutionTime,92.58095922599932
TotalExecutionTime,7790.384662446001
