InputGenerationTime,0.2581516409991309
ProfilingTime,23.355677684012335
SimulationTime,249.4567481810227
FramaCExecutionTime,121.72503140498884
TotalExecutionTime,12243.24626527197
