InputGenerationTime,0.2563665369998489
ProfilingTime,23.954789240000537
SimulationTime,232.34692100300163
FramaCExecutionTime,119.80670238400126
TotalExecutionTime,6549.881620532001
