InputGenerationTime,0.08297437703004107
ProfilingTime,21.488534936041106
SimulationTime,30.15980922000017
FramaCExecutionTime,103.6552166279871
TotalExecutionTime,4659.36406514101
