InputGenerationTime,0.10097159299766645
ProfilingTime,32.676186189986765
SimulationTime,91.04735628399067
FramaCExecutionTime,110.10803324502194
TotalExecutionTime,27315.284382374026
