InputGenerationTime,0.24733186499997828
ProfilingTime,27.81679343199994
SimulationTime,21.584711108000192
FramaCExecutionTime,124.64607925199971
TotalExecutionTime,3420.988017484
