InputGenerationTime,0.04837128699728055
ProfilingTime,25.185505748999276
SimulationTime,10.723650872001599
FramaCExecutionTime,95.57277957100086
TotalExecutionTime,2237.0429969819997
