InputGenerationTime,0.146842653004569
ProfilingTime,27.027366670001356
SimulationTime,17.16280545599875
FramaCExecutionTime,89.65716592899844
TotalExecutionTime,302.58572798300156
