InputGenerationTime,0.06673876900458708
ProfilingTime,30.108909088012297
SimulationTime,16.560618487012107
FramaCExecutionTime,105.7249488600064
TotalExecutionTime,1914.540320531989
