InputGenerationTime,0.2616646940005012
ProfilingTime,59.01917446399602
SimulationTime,42.24115829799848
FramaCExecutionTime,136.35455956900114
TotalExecutionTime,3296.0790868719996
