InputGenerationTime,0.16970555897569284
ProfilingTime,44.9482609310071
SimulationTime,1201.3354771249578
FramaCExecutionTime,116.65334182599327
TotalExecutionTime,16966.637351814017
