InputGenerationTime,0.28151840600185096
ProfilingTime,26.665543178038206
SimulationTime,21.43109591200482
FramaCExecutionTime,123.84468328399817
TotalExecutionTime,3932.723907765001
