InputGenerationTime,0.23825610300991684
ProfilingTime,24.241227163001895
SimulationTime,245.03776752803242
FramaCExecutionTime,125.86535251897294
TotalExecutionTime,22199.343312270008
