InputGenerationTime,0.16970555897569284
ProfilingTime,45.21710332098883
SimulationTime,1200.1572624610271
FramaCExecutionTime,116.65334182599327
TotalExecutionTime,20200.531784841034
