InputGenerationTime,0.03941600100370124
ProfilingTime,22.81274446900352
SimulationTime,217.86098651700013
FramaCExecutionTime,95.25604605099943
TotalExecutionTime,8619.029190296998
