InputGenerationTime,0.0712742239702493
ProfilingTime,25.3836975969607
SimulationTime,15.444307449040934
FramaCExecutionTime,105.79948802501895
TotalExecutionTime,2343.9009711959516
