InputGenerationTime,0.1776239509927109
ProfilingTime,32.494039952987805
SimulationTime,16.95559880300425
FramaCExecutionTime,144.69820828095544
TotalExecutionTime,780.6238764199661
