InputGenerationTime,0.06782107497565448
ProfilingTime,19.36671108403243
SimulationTime,16.36037048092112
FramaCExecutionTime,91.11508935387246
TotalExecutionTime,1233.5920373140834
