InputGenerationTime,0.06064719200367108
ProfilingTime,27.46624159597559
SimulationTime,15.112178058014251
FramaCExecutionTime,106.90652724599931
TotalExecutionTime,2193.921407253016
