InputGenerationTime,0.20018389399956504
ProfilingTime,34.37037673699979
SimulationTime,22.795608148999236
FramaCExecutionTime,114.37678537700049
TotalExecutionTime,5369.769480512
