InputGenerationTime,0.18582355696707964
ProfilingTime,21.427851529966574
SimulationTime,13.981402773002628
FramaCExecutionTime,131.82039032201283
TotalExecutionTime,3132.754752932
