InputGenerationTime,0.11123362099897349
ProfilingTime,41.977439639002114
SimulationTime,21.4222867339995
FramaCExecutionTime,111.88471470699733
TotalExecutionTime,2651.664847971002
