InputGenerationTime,0.2650788240007387
ProfilingTime,38.054596554000454
SimulationTime,116.41433767699891
FramaCExecutionTime,114.57576221599993
TotalExecutionTime,8437.785999165
