InputGenerationTime,0.22495511300076032
ProfilingTime,28.9414568209977
SimulationTime,238.02307894300247
FramaCExecutionTime,129.21610248100114
TotalExecutionTime,13762.592954145002
