InputGenerationTime,0.18785828900581691
ProfilingTime,49.249793277995195
SimulationTime,31.978753595991293
FramaCExecutionTime,130.39241952699376
TotalExecutionTime,1733.0615310550056
