InputGenerationTime,0.2328068589558825
ProfilingTime,39.54285311198328
SimulationTime,17.027756701107137
FramaCExecutionTime,120.70834039303008
TotalExecutionTime,795.8808909460204
