InputGenerationTime,0.2333431259903591
ProfilingTime,33.61447849898832
SimulationTime,21.558589796011802
FramaCExecutionTime,126.27864418100216
TotalExecutionTime,1807.4116272490064
