InputGenerationTime,0.5458302329934668
ProfilingTime,30.235333794989856
SimulationTime,14.008533296990208
FramaCExecutionTime,135.8646732600173
TotalExecutionTime,2824.285656626016
