InputGenerationTime,0.02432121099991491
ProfilingTime,9.918511500000022
SimulationTime,5.895790963000763
FramaCExecutionTime,41.77757867699984
TotalExecutionTime,233.1362217019996
