InputGenerationTime,0.19766114899903187
ProfilingTime,30.233183355998335
SimulationTime,21.404648578001797
FramaCExecutionTime,120.10270344499804
TotalExecutionTime,399.24633036399973
