InputGenerationTime,0.2014430370181799
ProfilingTime,27.58139112003846
SimulationTime,17.826973509043455
FramaCExecutionTime,128.44977176899556
TotalExecutionTime,2139.943044982967
