InputGenerationTime,0.08780007797759026
ProfilingTime,27.872284253011458
SimulationTime,16.751137838989962
FramaCExecutionTime,107.58787493401906
TotalExecutionTime,2681.8172864060034
