InputGenerationTime,0.02344999100023415
ProfilingTime,13.288638873000309
SimulationTime,7.381341762999
FramaCExecutionTime,44.093769834998966
TotalExecutionTime,660.9257700859998
