InputGenerationTime,0.22719534100178862
ProfilingTime,41.40514899499976
SimulationTime,249.886570638002
FramaCExecutionTime,129.50138765100564
TotalExecutionTime,6179.7277476590025
