InputGenerationTime,0.09734716100501828
ProfilingTime,34.59934975599754
SimulationTime,25.769391377994907
FramaCExecutionTime,106.48393925699929
TotalExecutionTime,5121.727037571996
