InputGenerationTime,0.1260524740209803
ProfilingTime,23.221063406032044
SimulationTime,70.9291538890102
FramaCExecutionTime,94.21775655599777
TotalExecutionTime,7094.685469792981
