InputGenerationTime,0.3343403210164979
ProfilingTime,25.139110381016508
SimulationTime,12.278387701953761
FramaCExecutionTime,124.28450092894491
TotalExecutionTime,553.1237825079588
