InputGenerationTime,0.2538465560064651
ProfilingTime,42.38574101800623
SimulationTime,266.6218457979994
FramaCExecutionTime,147.2809260690119
TotalExecutionTime,27926.176380388002
