InputGenerationTime,0.2754530660167802
ProfilingTime,33.21307043998968
SimulationTime,19.561176670977147
FramaCExecutionTime,142.3172453920124
TotalExecutionTime,4789.257546948007
