InputGenerationTime,0.2538465560064651
ProfilingTime,54.541171656994266
SimulationTime,282.9179604469973
FramaCExecutionTime,147.2809260690119
TotalExecutionTime,26903.417372338998
