InputGenerationTime,0.06617910400382243
ProfilingTime,32.34362052800134
SimulationTime,16.337896783006727
FramaCExecutionTime,105.83214284598944
TotalExecutionTime,2907.3208752630017
