InputGenerationTime,0.06748960799995984
ProfilingTime,12.618053494999913
SimulationTime,6.877019919998929
FramaCExecutionTime,45.455020551000416
TotalExecutionTime,201.84767943399856
