InputGenerationTime,0.05632666900055483
ProfilingTime,32.15141142399807
SimulationTime,21.145670892990893
FramaCExecutionTime,103.49272005399689
TotalExecutionTime,1854.327632090004
