InputGenerationTime,0.2450625509954989
ProfilingTime,24.17611180897802
SimulationTime,19.24992818298051
FramaCExecutionTime,119.58020104799652
TotalExecutionTime,1846.9288800510112
