InputGenerationTime,0.08263851499941666
ProfilingTime,26.772068646998378
SimulationTime,16.581854444011697
FramaCExecutionTime,98.82215799900587
TotalExecutionTime,1244.9676530619909
