InputGenerationTime,0.28151840600185096
ProfilingTime,25.0831990520237
SimulationTime,17.422360772965476
FramaCExecutionTime,123.84468328399817
TotalExecutionTime,3838.4788063630112
