InputGenerationTime,0.08297437703004107
ProfilingTime,26.22271120501682
SimulationTime,36.31417363102082
FramaCExecutionTime,103.6552166279871
TotalExecutionTime,4721.9504878260195
