InputGenerationTime,0.2698664650088176
ProfilingTime,43.13816292292904
SimulationTime,16.21754426008556
FramaCExecutionTime,179.84466144593898
TotalExecutionTime,909.7400118779624
