InputGenerationTime,0.07626064800024324
ProfilingTime,16.202644130999943
SimulationTime,9.23741223900015
FramaCExecutionTime,59.88686160399993
TotalExecutionTime,376.7653541870004
