InputGenerationTime,0.23457185400184244
ProfilingTime,23.627901709987782
SimulationTime,81.78587294102181
FramaCExecutionTime,100.63616595900385
TotalExecutionTime,3608.6398036309984
