InputGenerationTime,0.24733186499997828
ProfilingTime,30.15994934199989
SimulationTime,21.81034697699988
FramaCExecutionTime,124.64607925199971
TotalExecutionTime,3128.8480958669998
