InputGenerationTime,0.05441822297871113
ProfilingTime,30.895812207832932
SimulationTime,221.51507856789976
FramaCExecutionTime,93.7210614560172
TotalExecutionTime,4551.092055186862
