InputGenerationTime,0.07863106299191713
ProfilingTime,24.95279875997221
SimulationTime,13.696783263992984
FramaCExecutionTime,106.38991733599687
TotalExecutionTime,3461.0487403540174
