InputGenerationTime,0.146842653004569
ProfilingTime,28.02273425400199
SimulationTime,20.144040873004997
FramaCExecutionTime,89.65716592899844
TotalExecutionTime,824.5747663959992
