InputGenerationTime,0.06825365099984992
ProfilingTime,23.26319007899974
SimulationTime,15.914365940999687
FramaCExecutionTime,96.30293493099998
TotalExecutionTime,1737.574915843
