InputGenerationTime,0.1216452280023077
ProfilingTime,40.8451111659997
SimulationTime,21.17564795599901
FramaCExecutionTime,109.55363374899753
TotalExecutionTime,960.2723803199988
