InputGenerationTime,0.10224440705496818
ProfilingTime,19.36503069999162
SimulationTime,16.955911333905533
FramaCExecutionTime,96.26200270303525
TotalExecutionTime,132.7004189620493
