InputGenerationTime,0.31785363605013117
ProfilingTime,25.95814587402856
SimulationTime,19.775214620982297
FramaCExecutionTime,117.68211280897958
TotalExecutionTime,339.4561652690172
