InputGenerationTime,0.27715257002273574
ProfilingTime,37.477829743002076
SimulationTime,21.48621059799916
FramaCExecutionTime,128.3411734039837
TotalExecutionTime,3269.9202265570057
