InputGenerationTime,0.20294841800205177
ProfilingTime,38.199949374000425
SimulationTime,24.806239975005155
FramaCExecutionTime,122.89071526799671
TotalExecutionTime,2416.413049812003
