InputGenerationTime,0.07626064800024324
ProfilingTime,16.857255349999832
SimulationTime,8.983608550999634
FramaCExecutionTime,59.88686160399993
TotalExecutionTime,696.4917387350006
