InputGenerationTime,0.27715257002273574
ProfilingTime,35.26470066400361
SimulationTime,23.276588748994982
FramaCExecutionTime,128.3411734039837
TotalExecutionTime,3490.853258071991
