InputGenerationTime,0.12260364304529503
ProfilingTime,20.967833581962623
SimulationTime,18.897803073981777
FramaCExecutionTime,105.3618222590303
TotalExecutionTime,2486.3036557019805
