InputGenerationTime,0.0801443759992253
ProfilingTime,25.958930688007968
SimulationTime,12.569042004004586
FramaCExecutionTime,100.1416515919991
TotalExecutionTime,2581.0975776959967
