InputGenerationTime,0.28366624703630805
ProfilingTime,26.309792927931994
SimulationTime,53.5953871399397
FramaCExecutionTime,115.50214947399218
TotalExecutionTime,1094.868440681952
