InputGenerationTime,0.05953637699712999
ProfilingTime,24.453064713998174
SimulationTime,14.256477734998043
FramaCExecutionTime,106.16420628500055
TotalExecutionTime,269.0432788879989
