InputGenerationTime,0.11390176499844529
ProfilingTime,37.46405929399771
SimulationTime,22.616079791998345
FramaCExecutionTime,109.5342480060026
TotalExecutionTime,3727.9653213009988
