InputGenerationTime,0.2035223109414801
ProfilingTime,20.010454319999553
SimulationTime,697.1489030719968
FramaCExecutionTime,108.50297766900621
TotalExecutionTime,25063.749445569003
