InputGenerationTime,0.0652667719987221
ProfilingTime,25.711976492020767
SimulationTime,20.27066689200001
FramaCExecutionTime,107.56037442997331
TotalExecutionTime,3578.0861275170464
