InputGenerationTime,0.07569622099981643
ProfilingTime,13.962141046000397
SimulationTime,8.424819603999822
FramaCExecutionTime,48.96770703600032
TotalExecutionTime,410.40843805700024
