InputGenerationTime,0.03731615799915744
ProfilingTime,25.40426583900262
SimulationTime,11.75530499999877
FramaCExecutionTime,98.2822837460044
TotalExecutionTime,1181.419663037006
