InputGenerationTime,0.3468931099996553
ProfilingTime,25.93237035600032
SimulationTime,17.342952295999567
FramaCExecutionTime,97.67858885599708
TotalExecutionTime,2593.8174013679964
