InputGenerationTime,0.07747332500002813
ProfilingTime,31.98426095499599
SimulationTime,19.12234884800273
FramaCExecutionTime,107.59819377001259
TotalExecutionTime,1180.8967691010039
