InputGenerationTime,0.2563665369998489
ProfilingTime,28.189175498000623
SimulationTime,238.34807626099973
FramaCExecutionTime,119.80670238400126
TotalExecutionTime,10223.240329298998
