InputGenerationTime,0.11123362099897349
ProfilingTime,37.70559714800038
SimulationTime,20.39802892300213
FramaCExecutionTime,111.88471470699733
TotalExecutionTime,2709.8677401349996
