InputGenerationTime,0.131118303979747
ProfilingTime,48.49069685302675
SimulationTime,1115.918514710851
FramaCExecutionTime,108.81593526701909
TotalExecutionTime,17788.68162030808
