InputGenerationTime,0.11390176499844529
ProfilingTime,34.21742607399938
SimulationTime,20.184665118998964
FramaCExecutionTime,109.5342480060026
TotalExecutionTime,3667.7776178470012
