InputGenerationTime,0.2650788240007387
ProfilingTime,36.80385315900094
SimulationTime,113.6378234219992
FramaCExecutionTime,114.57576221599993
TotalExecutionTime,9179.052648642999
