InputGenerationTime,0.20075722900219262
ProfilingTime,25.61877658602316
SimulationTime,243.57203321298584
FramaCExecutionTime,120.85969471401768
TotalExecutionTime,16106.900225752965
