InputGenerationTime,0.15295539499493316
ProfilingTime,28.511707687001035
SimulationTime,19.979691781001748
FramaCExecutionTime,89.9493181259968
TotalExecutionTime,1911.8816830970027
