InputGenerationTime,0.1586757400073111
ProfilingTime,38.947709161031526
SimulationTime,89.23820719803916
FramaCExecutionTime,113.80346785899019
TotalExecutionTime,1780.8428076310083
