InputGenerationTime,0.106488331919536
ProfilingTime,32.80101315793581
SimulationTime,176.75069652916864
FramaCExecutionTime,107.84012395399623
TotalExecutionTime,9442.413337827893
