InputGenerationTime,0.20462099200085504
ProfilingTime,27.70076726499974
SimulationTime,20.386887390999618
FramaCExecutionTime,119.80521449099979
TotalExecutionTime,1718.9257249549992
