InputGenerationTime,0.04804642405360937
ProfilingTime,19.9569649300538
SimulationTime,9.68960062705446
FramaCExecutionTime,90.74596772296354
TotalExecutionTime,1665.9017732209759
