InputGenerationTime,0.05246901400096249
ProfilingTime,27.847896735998802
SimulationTime,16.387958188002813
FramaCExecutionTime,99.9211063440016
TotalExecutionTime,3606.7595596309984
