InputGenerationTime,0.2333431259903591
ProfilingTime,32.12846130502294
SimulationTime,21.893031913001323
FramaCExecutionTime,126.27864418100216
TotalExecutionTime,2714.717360410985
