InputGenerationTime,0.0566682789940387
ProfilingTime,26.532619741992676
SimulationTime,11.859093162987847
FramaCExecutionTime,99.10822514499887
TotalExecutionTime,2562.045839285005
