InputGenerationTime,0.08441820700682001
ProfilingTime,23.543930777006608
SimulationTime,19.47228582200478
FramaCExecutionTime,98.15719956099929
TotalExecutionTime,1745.818550557
