InputGenerationTime,0.1500415460000113
ProfilingTime,34.99300790699999
SimulationTime,21.459493738999754
FramaCExecutionTime,119.5390944679998
TotalExecutionTime,2971.0596237199998
