InputGenerationTime,0.06883503001881763
ProfilingTime,26.14118936698651
SimulationTime,16.498087825020775
FramaCExecutionTime,106.64326668903232
TotalExecutionTime,2297.917195337999
