InputGenerationTime,0.26157120897551067
ProfilingTime,31.39420138101559
SimulationTime,19.196762695995858
FramaCExecutionTime,121.93693389900727
TotalExecutionTime,2310.5263747459976
