InputGenerationTime,0.07480276003479958
ProfilingTime,18.837184441043064
SimulationTime,18.3445019479841
FramaCExecutionTime,92.13790134200826
TotalExecutionTime,639.5083066141233
