InputGenerationTime,0.06595401199956541
ProfilingTime,17.964509385000383
SimulationTime,14.347434453999995
FramaCExecutionTime,58.418587621999905
TotalExecutionTime,942.7144970680001
