InputGenerationTime,0.11135036498308182
ProfilingTime,19.469509003101848
SimulationTime,16.669313966995105
FramaCExecutionTime,94.48343334102537
TotalExecutionTime,1177.2233061080333
