InputGenerationTime,0.12260364304529503
ProfilingTime,26.79610588797368
SimulationTime,23.594047519029118
FramaCExecutionTime,105.3618222590303
TotalExecutionTime,2942.1783555999864
