InputGenerationTime,0.3343403210164979
ProfilingTime,22.27687544899527
SimulationTime,12.153550392016768
FramaCExecutionTime,124.28450092894491
TotalExecutionTime,617.2323787759524
