InputGenerationTime,0.20018389399956504
ProfilingTime,34.087689824000336
SimulationTime,21.980469913999514
FramaCExecutionTime,114.37678537700049
TotalExecutionTime,5941.382681210001
