InputGenerationTime,0.11135036498308182
ProfilingTime,18.697111497982405
SimulationTime,17.58993917098269
FramaCExecutionTime,94.48343334102537
TotalExecutionTime,2007.6110572180478
