InputGenerationTime,0.04915673100913409
ProfilingTime,32.89184972101066
SimulationTime,15.373726465011714
FramaCExecutionTime,104.74350526298804
TotalExecutionTime,745.0333989109931
