InputGenerationTime,0.12488321099954192
ProfilingTime,29.58312309199391
SimulationTime,19.217949458005023
FramaCExecutionTime,88.36304531300266
TotalExecutionTime,2619.9477322919993
