InputGenerationTime,0.17901038100171718
ProfilingTime,36.20221504499932
SimulationTime,17.47097870699872
FramaCExecutionTime,117.9092438819971
TotalExecutionTime,3768.4935258549995
