InputGenerationTime,0.08208400999865262
ProfilingTime,21.46417805600504
SimulationTime,217.1473708620033
FramaCExecutionTime,96.04302714300138
TotalExecutionTime,4924.681087164005
