InputGenerationTime,0.08780007797759026
ProfilingTime,27.01169077301165
SimulationTime,13.8345284780371
FramaCExecutionTime,107.58787493401906
TotalExecutionTime,3301.1371398330084
