InputGenerationTime,0.19021941302344203
ProfilingTime,27.68587695999304
SimulationTime,214.87583706103032
FramaCExecutionTime,113.54233702400234
TotalExecutionTime,10472.704737213964
