InputGenerationTime,0.2155678939889185
ProfilingTime,21.336752225004602
SimulationTime,12.253248021006584
FramaCExecutionTime,117.01473909697961
TotalExecutionTime,1496.1645967409713
