InputGenerationTime,0.0791702719998284
ProfilingTime,10.401078722999955
SimulationTime,6.581263575999401
FramaCExecutionTime,50.45893695700033
TotalExecutionTime,876.3771156389994
