InputGenerationTime,0.18446814600611106
ProfilingTime,24.793317530013155
SimulationTime,9.81274228496477
FramaCExecutionTime,112.07018067297759
TotalExecutionTime,14858.51556225802
