InputGenerationTime,0.2650788240007387
ProfilingTime,32.512278656999115
SimulationTime,107.7582687640006
FramaCExecutionTime,114.57576221599993
TotalExecutionTime,7101.949327298
