InputGenerationTime,0.31785363605013117
ProfilingTime,24.95525689801434
SimulationTime,19.740132095001172
FramaCExecutionTime,117.68211280897958
TotalExecutionTime,479.2428552270285
