InputGenerationTime,0.05552351800724864
ProfilingTime,31.60133614500228
SimulationTime,224.11863082100172
FramaCExecutionTime,105.23009136799374
TotalExecutionTime,21231.198035035006
