InputGenerationTime,0.20043562108185142
ProfilingTime,20.017138315015472
SimulationTime,26.832341199973598
FramaCExecutionTime,106.11862533399835
TotalExecutionTime,813.0833996459842
