InputGenerationTime,0.07135240799834719
ProfilingTime,27.28816180099966
SimulationTime,13.365867747997981
FramaCExecutionTime,96.4827041699973
TotalExecutionTime,742.7885302670038
