InputGenerationTime,0.10488404300122056
ProfilingTime,36.41405329600093
SimulationTime,19.275736417999724
FramaCExecutionTime,118.49847431200033
TotalExecutionTime,2173.993694179
