InputGenerationTime,0.36768036500143353
ProfilingTime,42.051752733001194
SimulationTime,25.045398768997984
FramaCExecutionTime,132.18089018899627
TotalExecutionTime,691.6673729909962
