InputGenerationTime,0.2538465560064651
ProfilingTime,40.96490509700379
SimulationTime,292.61119685700396
FramaCExecutionTime,147.2809260690119
TotalExecutionTime,25894.909414730006
