InputGenerationTime,0.05632666900055483
ProfilingTime,28.315482254998642
SimulationTime,20.557727328006877
FramaCExecutionTime,103.49272005399689
TotalExecutionTime,2578.331437628003
