InputGenerationTime,0.106488331919536
ProfilingTime,32.73013313720003
SimulationTime,173.83593999617733
FramaCExecutionTime,107.84012395399623
TotalExecutionTime,6800.042081021937
