InputGenerationTime,0.09734716100501828
ProfilingTime,33.609167571994476
SimulationTime,19.76664917099697
FramaCExecutionTime,106.48393925699929
TotalExecutionTime,4565.2126738389925
