InputGenerationTime,0.13892562800174346
ProfilingTime,36.27951331700024
SimulationTime,24.05775372900098
FramaCExecutionTime,111.13148282000111
TotalExecutionTime,171.6524433300001
