InputGenerationTime,0.04965436900238274
ProfilingTime,23.685651662002783
SimulationTime,219.1782977010007
FramaCExecutionTime,96.85920009500114
TotalExecutionTime,21429.149165441
