InputGenerationTime,0.04487435601186007
ProfilingTime,19.250392777030356
SimulationTime,8.58399521803949
FramaCExecutionTime,89.0224654530175
TotalExecutionTime,960.0179584089201
