InputGenerationTime,0.02531034300045576
ProfilingTime,11.223144402998514
SimulationTime,6.930480928000179
FramaCExecutionTime,42.76689746500051
TotalExecutionTime,566.1758119670012
