InputGenerationTime,0.16970555897569284
ProfilingTime,31.06530651502544
SimulationTime,894.293714747997
FramaCExecutionTime,116.65334182599327
TotalExecutionTime,23390.134210627002
