InputGenerationTime,0.229954885027837
ProfilingTime,25.55432610498974
SimulationTime,17.307663490006234
FramaCExecutionTime,111.18525936000515
TotalExecutionTime,989.3219446709845
