InputGenerationTime,0.3234236310236156
ProfilingTime,26.178750957013108
SimulationTime,243.43233837501612
FramaCExecutionTime,118.84747565101134
TotalExecutionTime,2839.752627131995
