InputGenerationTime,0.03731615799915744
ProfilingTime,21.119908906999626
SimulationTime,11.930318747996353
FramaCExecutionTime,98.2822837460044
TotalExecutionTime,1106.7187216740058
