InputGenerationTime,0.19015604798914865
ProfilingTime,21.464815665967762
SimulationTime,11.940346557006706
FramaCExecutionTime,110.16134787397459
TotalExecutionTime,390.73344917898066
