InputGenerationTime,0.2087663629790768
ProfilingTime,22.38557656505145
SimulationTime,13.232038160902448
FramaCExecutionTime,115.82717773900367
TotalExecutionTime,185.76164581510238
