InputGenerationTime,0.06673876900458708
ProfilingTime,30.850999959977344
SimulationTime,16.05122487299377
FramaCExecutionTime,105.7249488600064
TotalExecutionTime,1961.822505674034
