InputGenerationTime,0.0675285549950786
ProfilingTime,26.221150910001597
SimulationTime,13.986328907005372
FramaCExecutionTime,100.22720573899278
TotalExecutionTime,1304.9965417289932
