InputGenerationTime,0.06933283800026402
ProfilingTime,27.35520757199265
SimulationTime,18.82038166100392
FramaCExecutionTime,104.76876791298855
TotalExecutionTime,3175.399685892975
