InputGenerationTime,0.17561334901256487
ProfilingTime,28.056795366021106
SimulationTime,31.93207436299417
FramaCExecutionTime,126.73664757199003
TotalExecutionTime,8609.06513390498
