InputGenerationTime,0.1860354489999736
ProfilingTime,26.343221760999995
SimulationTime,18.7086206649999
FramaCExecutionTime,133.846350332
TotalExecutionTime,1288.992874238
