InputGenerationTime,0.08780276495963335
ProfilingTime,18.434163837926462
SimulationTime,161.92073831893504
FramaCExecutionTime,97.10535426600836
TotalExecutionTime,3185.6469565620646
