InputGenerationTime,0.07135240799834719
ProfilingTime,24.28836823599704
SimulationTime,12.4677215529955
FramaCExecutionTime,96.4827041699973
TotalExecutionTime,898.508132627001
