InputGenerationTime,0.05724849900070694
ProfilingTime,24.65073471299911
SimulationTime,13.750591965002968
FramaCExecutionTime,97.37556695500098
TotalExecutionTime,736.751671856
