InputGenerationTime,0.07135240799834719
ProfilingTime,26.71625164800207
SimulationTime,12.946338752000884
FramaCExecutionTime,96.4827041699973
TotalExecutionTime,316.13849400800245
