InputGenerationTime,0.06989308199990774
ProfilingTime,22.458732329003396
SimulationTime,15.413950893998845
FramaCExecutionTime,94.03919311700156
TotalExecutionTime,1359.8421849049992
