InputGenerationTime,0.2171286300290376
ProfilingTime,23.176263133063912
SimulationTime,211.2355319360504
FramaCExecutionTime,112.72816676006187
TotalExecutionTime,9150.976113079
