InputGenerationTime,0.06883503001881763
ProfilingTime,28.651308037980925
SimulationTime,18.592234661977272
FramaCExecutionTime,106.64326668903232
TotalExecutionTime,2033.5321610550163
