InputGenerationTime,0.08119252510368824
ProfilingTime,48.646130149951205
SimulationTime,37.494959734031
FramaCExecutionTime,113.96024039201438
TotalExecutionTime,3391.5958095460664
