InputGenerationTime,0.12341600493527949
ProfilingTime,45.4187919589458
SimulationTime,51.24676100700162
FramaCExecutionTime,109.50403061194811
TotalExecutionTime,1302.285918876063
