InputGenerationTime,0.05511531299998751
ProfilingTime,20.715999528001703
SimulationTime,217.65825740199944
FramaCExecutionTime,94.72058908399777
TotalExecutionTime,12826.443406629005
