InputGenerationTime,0.26684155499970075
ProfilingTime,23.358752482003183
SimulationTime,106.2237948080001
FramaCExecutionTime,94.79318434699962
TotalExecutionTime,1687.573136302999
