InputGenerationTime,0.11737045999325346
ProfilingTime,50.30975261999993
SimulationTime,36.449305503003416
FramaCExecutionTime,130.64505490900774
TotalExecutionTime,6363.626469659008
