InputGenerationTime,0.06748960799995984
ProfilingTime,11.535314927999934
SimulationTime,6.603874778000318
FramaCExecutionTime,45.455020551000416
TotalExecutionTime,503.11934110699985
