InputGenerationTime,0.04219626891426742
ProfilingTime,19.613893184112385
SimulationTime,19.866130475886166
FramaCExecutionTime,89.77886800491251
TotalExecutionTime,1444.1232692298945
