InputGenerationTime,0.19015604798914865
ProfilingTime,22.397926130041014
SimulationTime,11.608590225980151
FramaCExecutionTime,110.16134787397459
TotalExecutionTime,176.4294336810126
