InputGenerationTime,0.08321001699914632
ProfilingTime,35.960875737000606
SimulationTime,111.848020858999
FramaCExecutionTime,108.04663024299953
TotalExecutionTime,5609.3723194350005
