InputGenerationTime,0.04965436900238274
ProfilingTime,20.917875958002696
SimulationTime,218.59756091600138
FramaCExecutionTime,96.85920009500114
TotalExecutionTime,21668.742803583
