InputGenerationTime,0.24341501500020968
ProfilingTime,25.349312901002122
SimulationTime,110.63203732900001
FramaCExecutionTime,95.7353067160002
TotalExecutionTime,8725.204153441002
