InputGenerationTime,0.18929134996142238
ProfilingTime,24.512778609991074
SimulationTime,216.051411819004
FramaCExecutionTime,116.21079802402528
TotalExecutionTime,20461.87895652
