InputGenerationTime,0.04804642405360937
ProfilingTime,20.754948502988555
SimulationTime,12.479359584976919
FramaCExecutionTime,90.74596772296354
TotalExecutionTime,1149.2285139609594
