InputGenerationTime,0.06828528999994887
ProfilingTime,23.45112397400044
SimulationTime,14.851325296000141
FramaCExecutionTime,95.84660604099963
TotalExecutionTime,2929.4000640080003
