InputGenerationTime,0.20462099200085504
ProfilingTime,29.892096904000937
SimulationTime,20.62190459300109
FramaCExecutionTime,119.80521449099979
TotalExecutionTime,2410.6364062680004
