InputGenerationTime,0.06828528999994887
ProfilingTime,21.001292900999943
SimulationTime,15.856003814999895
FramaCExecutionTime,95.84660604099963
TotalExecutionTime,2185.8979908700003
