InputGenerationTime,0.2563665369998489
ProfilingTime,27.978953924999587
SimulationTime,11.502768393000224
FramaCExecutionTime,119.80670238400126
TotalExecutionTime,10525.968296964002
