InputGenerationTime,0.08119252510368824
ProfilingTime,32.207905474933796
SimulationTime,25.49901708692778
FramaCExecutionTime,113.96024039201438
TotalExecutionTime,2253.9485614590812
