InputGenerationTime,0.2554458619997604
ProfilingTime,23.06387378599902
SimulationTime,233.66738448999968
FramaCExecutionTime,133.5833892849987
TotalExecutionTime,23628.095861647
