InputGenerationTime,0.38357829499727814
ProfilingTime,27.017508742996142
SimulationTime,21.01854906000517
FramaCExecutionTime,101.32164939100039
TotalExecutionTime,4428.051631743998
