InputGenerationTime,0.294005884003127
ProfilingTime,25.915339270984987
SimulationTime,14.905168680998031
FramaCExecutionTime,120.10160090000136
TotalExecutionTime,713.4387281630188
