InputGenerationTime,0.07626064800024324
ProfilingTime,15.592135042000336
SimulationTime,6.9248074059996725
FramaCExecutionTime,59.88686160399993
TotalExecutionTime,82.4813771120007
