InputGenerationTime,0.17901038100171718
ProfilingTime,38.5065580929986
SimulationTime,20.29145735199927
FramaCExecutionTime,117.9092438819971
TotalExecutionTime,3827.535374433999
