InputGenerationTime,0.06559167301747948
ProfilingTime,29.22240603202954
SimulationTime,15.055889944022056
FramaCExecutionTime,104.80555936798919
TotalExecutionTime,752.0358785770368
