InputGenerationTime,0.20753930194769055
ProfilingTime,18.5435199579224
SimulationTime,215.27625290805008
FramaCExecutionTime,108.56039979495108
TotalExecutionTime,6405.435404220945
