InputGenerationTime,0.06989308199990774
ProfilingTime,24.307743373996345
SimulationTime,15.432988856999145
FramaCExecutionTime,94.03919311700156
TotalExecutionTime,1166.0739058899999
