InputGenerationTime,0.13775036500010174
ProfilingTime,24.364035161001084
SimulationTime,107.14766557599796
FramaCExecutionTime,94.25399721999565
TotalExecutionTime,3564.5369182310023
