InputGenerationTime,0.2581516409991309
ProfilingTime,25.175627230026294
SimulationTime,243.2587474270258
FramaCExecutionTime,121.72503140498884
TotalExecutionTime,9487.415253504994
