InputGenerationTime,0.27123504306655377
ProfilingTime,30.69496223202441
SimulationTime,274.140487188939
FramaCExecutionTime,121.80990467895754
TotalExecutionTime,6335.713928119978
