InputGenerationTime,0.2754530660167802
ProfilingTime,33.455222405988025
SimulationTime,20.88700816698838
FramaCExecutionTime,142.3172453920124
TotalExecutionTime,4372.803510118014
