InputGenerationTime,0.18836116197053343
ProfilingTime,25.973673656000756
SimulationTime,20.302992607990745
FramaCExecutionTime,111.69122295401758
TotalExecutionTime,1077.1222065960173
