InputGenerationTime,0.03794739185832441
ProfilingTime,22.059020496206358
SimulationTime,12.18469072598964
FramaCExecutionTime,90.95548496907577
TotalExecutionTime,277.05694437003694
