InputGenerationTime,0.0566682789940387
ProfilingTime,20.948299285999383
SimulationTime,11.167684344007284
FramaCExecutionTime,99.10822514499887
TotalExecutionTime,2098.236177563005
