InputGenerationTime,0.11123362099897349
ProfilingTime,39.200505487002374
SimulationTime,21.374424350997288
FramaCExecutionTime,111.88471470699733
TotalExecutionTime,2417.285904108001
