InputGenerationTime,0.20753930194769055
ProfilingTime,19.947068175999448
SimulationTime,217.8352541839704
FramaCExecutionTime,108.56039979495108
TotalExecutionTime,8543.008281433955
