InputGenerationTime,0.30299885899876244
ProfilingTime,30.143765979999444
SimulationTime,16.405381526012206
FramaCExecutionTime,115.40188249299536
TotalExecutionTime,295.1872655309853
