InputGenerationTime,0.24175441300030798
ProfilingTime,37.439783073961735
SimulationTime,25.042242293944582
FramaCExecutionTime,151.40488299599383
TotalExecutionTime,2659.4372734120116
