InputGenerationTime,0.2754530660167802
ProfilingTime,30.365835392993176
SimulationTime,16.64859430899378
FramaCExecutionTime,142.3172453920124
TotalExecutionTime,4736.177662992006
