InputGenerationTime,0.07626064800024324
ProfilingTime,15.007478429999537
SimulationTime,9.125151907000145
FramaCExecutionTime,59.88686160399993
TotalExecutionTime,106.61740990599992
