InputGenerationTime,0.16970555897569284
ProfilingTime,33.03130874596536
SimulationTime,937.770209475013
FramaCExecutionTime,116.65334182599327
TotalExecutionTime,5968.563119016006
