InputGenerationTime,0.05124002699449193
ProfilingTime,30.53426480400958
SimulationTime,45.13217140099732
FramaCExecutionTime,104.36231635800505
TotalExecutionTime,5735.587567085997
