InputGenerationTime,0.08119252510368824
ProfilingTime,39.46034714393318
SimulationTime,32.25409304094501
FramaCExecutionTime,113.96024039201438
TotalExecutionTime,2500.1324623520486
