InputGenerationTime,0.05791807700006757
ProfilingTime,32.399744439011556
SimulationTime,12.840819327000645
FramaCExecutionTime,106.56665147199237
TotalExecutionTime,1554.4720357170008
