InputGenerationTime,0.19021941302344203
ProfilingTime,25.314193863014225
SimulationTime,216.1900427149958
FramaCExecutionTime,113.54233702400234
TotalExecutionTime,9996.962571517972
