InputGenerationTime,0.21990838996134698
ProfilingTime,20.17326915904414
SimulationTime,8.928451276035048
FramaCExecutionTime,108.54226218396798
TotalExecutionTime,650.7160849199863
