InputGenerationTime,0.04155284100124845
ProfilingTime,24.809886652001296
SimulationTime,13.117049027998291
FramaCExecutionTime,96.29844691299877
TotalExecutionTime,1467.3679497440025
