InputGenerationTime,0.18418349499552278
ProfilingTime,49.30973273899872
SimulationTime,272.70979487400473
FramaCExecutionTime,134.15536504299962
TotalExecutionTime,8750.738496607002
