InputGenerationTime,0.2754530660167802
ProfilingTime,32.66627466902719
SimulationTime,19.95126723899739
FramaCExecutionTime,142.3172453920124
TotalExecutionTime,4951.072858247004
