InputGenerationTime,0.2916732019511983
ProfilingTime,26.817192456044722
SimulationTime,19.48913756897673
FramaCExecutionTime,121.73228721501073
TotalExecutionTime,3266.7784794470062
