InputGenerationTime,0.2554458619997604
ProfilingTime,26.001553437999974
SimulationTime,232.95602556700032
FramaCExecutionTime,133.5833892849987
TotalExecutionTime,19923.382478117
