InputGenerationTime,0.06716115004383028
ProfilingTime,18.746044744970277
SimulationTime,17.082747861975804
FramaCExecutionTime,91.8677742651198
TotalExecutionTime,127.78240830195136
