InputGenerationTime,0.03560964995995164
ProfilingTime,19.547974969958887
SimulationTime,34.159264498972334
FramaCExecutionTime,89.09152986505069
TotalExecutionTime,2234.178121036035
