InputGenerationTime,0.27123504306655377
ProfilingTime,36.982982977991924
SimulationTime,238.59151164803188
FramaCExecutionTime,121.80990467895754
TotalExecutionTime,3139.5282277899096
