InputGenerationTime,0.2550414989818819
ProfilingTime,21.167346974019893
SimulationTime,11.987132729962468
FramaCExecutionTime,119.64459108404117
TotalExecutionTime,2783.160330454004
