InputGenerationTime,0.23651412897743285
ProfilingTime,23.107488453038968
SimulationTime,12.76005521893967
FramaCExecutionTime,114.27070531004574
TotalExecutionTime,899.254653904005
