InputGenerationTime,0.20462099200085504
ProfilingTime,31.340972540998337
SimulationTime,20.73875368300287
FramaCExecutionTime,119.80521449099979
TotalExecutionTime,2261.4807778299983
