InputGenerationTime,0.2171286300290376
ProfilingTime,23.86926557100378
SimulationTime,213.2532012659358
FramaCExecutionTime,112.72816676006187
TotalExecutionTime,7041.9394565770635
