InputGenerationTime,0.28366624703630805
ProfilingTime,21.286493847961538
SimulationTime,46.16722613899037
FramaCExecutionTime,115.50214947399218
TotalExecutionTime,251.68184350198135
