InputGenerationTime,0.36039209901355207
ProfilingTime,23.853130921022967
SimulationTime,215.49562914203852
FramaCExecutionTime,125.7520459779771
TotalExecutionTime,2701.879796736059
