InputGenerationTime,0.11390176499844529
ProfilingTime,32.70709988700037
SimulationTime,19.14345933000004
FramaCExecutionTime,109.5342480060026
TotalExecutionTime,3040.9054655040018
