InputGenerationTime,0.07854590803617612
ProfilingTime,25.64412908698432
SimulationTime,19.486823620041832
FramaCExecutionTime,107.89253767899936
TotalExecutionTime,4247.962902517989
