InputGenerationTime,0.04804642405360937
ProfilingTime,21.062875941977836
SimulationTime,13.036945417057723
FramaCExecutionTime,90.74596772296354
TotalExecutionTime,1442.2231758749112
