InputGenerationTime,0.5459449000190943
ProfilingTime,28.0458692269749
SimulationTime,15.24360995698953
FramaCExecutionTime,142.59089715700247
TotalExecutionTime,3808.9931458999927
