InputGenerationTime,0.2937192200042773
ProfilingTime,34.49695002500084
SimulationTime,20.079777369013755
FramaCExecutionTime,131.4051270929922
TotalExecutionTime,3524.67954996301
