InputGenerationTime,0.23457185400184244
ProfilingTime,28.456028256972786
SimulationTime,49.5750970520312
FramaCExecutionTime,100.63616595900385
TotalExecutionTime,4159.023510406027
