InputGenerationTime,0.5117717100074515
ProfilingTime,22.706096887006424
SimulationTime,49.06169052107725
FramaCExecutionTime,127.56641766999383
TotalExecutionTime,1299.5903394930065
