InputGenerationTime,0.10281701199710369
ProfilingTime,21.115094783999666
SimulationTime,14.613739348002127
FramaCExecutionTime,95.94782013600343
TotalExecutionTime,4118.772579992998
