InputGenerationTime,0.0626839460019255
ProfilingTime,29.701460210999358
SimulationTime,13.600147356992238
FramaCExecutionTime,104.38985318000778
TotalExecutionTime,4067.470765275997
