InputGenerationTime,0.3343403210164979
ProfilingTime,20.72784391103778
SimulationTime,8.842881831922568
FramaCExecutionTime,124.28450092894491
TotalExecutionTime,374.2108614849858
