InputGenerationTime,0.02344999100023415
ProfilingTime,10.987160185000903
SimulationTime,9.86541163000038
FramaCExecutionTime,44.093769834998966
TotalExecutionTime,1045.430014771
