InputGenerationTime,0.06617910400382243
ProfilingTime,32.96603787099593
SimulationTime,19.18209087899595
FramaCExecutionTime,105.83214284598944
TotalExecutionTime,3122.9964203309937
