InputGenerationTime,0.07310996500018518
ProfilingTime,34.71161022999149
SimulationTime,24.592025842997828
FramaCExecutionTime,106.17393734199868
TotalExecutionTime,1842.3500100759993
