InputGenerationTime,0.0869224370107986
ProfilingTime,26.59033295302652
SimulationTime,18.74577556399163
FramaCExecutionTime,107.27235301001929
TotalExecutionTime,2982.088960508001
