InputGenerationTime,0.12341600493527949
ProfilingTime,33.292896916973405
SimulationTime,40.59050749789458
FramaCExecutionTime,109.50403061194811
TotalExecutionTime,714.9055967970053
