InputGenerationTime,0.2537088650001351
ProfilingTime,27.833195340999964
SimulationTime,18.058873090999896
FramaCExecutionTime,127.66620908499999
TotalExecutionTime,1550.509433128
