InputGenerationTime,0.05550380299973767
ProfilingTime,43.28948787000263
SimulationTime,24.680953875998966
FramaCExecutionTime,105.84851150700706
TotalExecutionTime,3663.422193197999
