InputGenerationTime,0.06989308199990774
ProfilingTime,23.56278973899316
SimulationTime,14.437263539999549
FramaCExecutionTime,94.03919311700156
TotalExecutionTime,1204.160274375994
