InputGenerationTime,0.2087663629790768
ProfilingTime,24.27920413890388
SimulationTime,16.0033363730181
FramaCExecutionTime,115.82717773900367
TotalExecutionTime,543.6561143180588
