InputGenerationTime,0.08807973000511993
ProfilingTime,37.77009416099463
SimulationTime,28.364170893997652
FramaCExecutionTime,104.4215551840025
TotalExecutionTime,1157.4378436109982
