InputGenerationTime,0.146842653004569
ProfilingTime,29.947394634000375
SimulationTime,18.503908079997927
FramaCExecutionTime,89.65716592899844
TotalExecutionTime,544.3527183670012
