InputGenerationTime,0.20043562108185142
ProfilingTime,20.650959064019844
SimulationTime,28.507634503999725
FramaCExecutionTime,106.11862533399835
TotalExecutionTime,575.9711672239937
