InputGenerationTime,0.3468931099996553
ProfilingTime,26.045046333994833
SimulationTime,17.665586745002656
FramaCExecutionTime,97.67858885599708
TotalExecutionTime,2637.6467115829946
