InputGenerationTime,0.03941600100370124
ProfilingTime,21.253756286998396
SimulationTime,218.0947269429962
FramaCExecutionTime,95.25604605099943
TotalExecutionTime,10095.284656561998
