InputGenerationTime,0.2035223109414801
ProfilingTime,18.678952311049215
SimulationTime,647.6941560900304
FramaCExecutionTime,108.50297766900621
TotalExecutionTime,13361.869812385063
