InputGenerationTime,0.2623665229184553
ProfilingTime,25.261988907004707
SimulationTime,12.575743080000393
FramaCExecutionTime,115.6550668469863
TotalExecutionTime,731.7015290689887
