InputGenerationTime,0.0712742239702493
ProfilingTime,24.743867976998445
SimulationTime,17.209023691015318
FramaCExecutionTime,105.79948802501895
TotalExecutionTime,1326.863522962958
