InputGenerationTime,0.27328697097254917
ProfilingTime,24.497953336976934
SimulationTime,16.780863480002154
FramaCExecutionTime,120.04880065802718
TotalExecutionTime,3557.109547903994
