InputGenerationTime,0.08780276495963335
ProfilingTime,18.63129796704743
SimulationTime,109.70475381799042
FramaCExecutionTime,97.10535426600836
TotalExecutionTime,225.54098292300478
