InputGenerationTime,0.294005884003127
ProfilingTime,34.379159951990005
SimulationTime,18.735821587004466
FramaCExecutionTime,120.10160090000136
TotalExecutionTime,397.9218213780259
