InputGenerationTime,0.03244398299830209
ProfilingTime,23.08656645999872
SimulationTime,215.2891461199997
FramaCExecutionTime,92.58095922599932
TotalExecutionTime,6843.849766894001
