InputGenerationTime,0.0724836889994549
ProfilingTime,22.79873114899965
SimulationTime,216.53196772000047
FramaCExecutionTime,96.025370673
TotalExecutionTime,3883.9572000609996
