InputGenerationTime,0.18418349499552278
ProfilingTime,42.62310362399876
SimulationTime,263.4387266949998
FramaCExecutionTime,134.15536504299962
TotalExecutionTime,8120.284728300998
