InputGenerationTime,0.05974107002839446
ProfilingTime,31.79900568095036
SimulationTime,13.047862221952528
FramaCExecutionTime,94.46663717599586
TotalExecutionTime,780.7755892050918
