InputGenerationTime,0.08208400999865262
ProfilingTime,22.031394179000927
SimulationTime,214.63654758399935
FramaCExecutionTime,96.04302714300138
TotalExecutionTime,3446.735904398003
