InputGenerationTime,0.08908225699997274
ProfilingTime,10.393632773000718
SimulationTime,7.046522819000529
FramaCExecutionTime,48.71309677099998
TotalExecutionTime,609.0822153480003
