InputGenerationTime,0.05552351800724864
ProfilingTime,31.92287029599538
SimulationTime,225.5545535650017
FramaCExecutionTime,105.23009136799374
TotalExecutionTime,19271.926543124006
