InputGenerationTime,0.11109681602101773
ProfilingTime,20.270490690949373
SimulationTime,43.92486592603382
FramaCExecutionTime,95.02735664101783
TotalExecutionTime,3720.9274896120187
