InputGenerationTime,0.03941600100370124
ProfilingTime,21.486943365001935
SimulationTime,217.0845252720028
FramaCExecutionTime,95.25604605099943
TotalExecutionTime,8140.314502364003
