InputGenerationTime,0.06825365099984992
ProfilingTime,23.862919682999745
SimulationTime,16.451895010000044
FramaCExecutionTime,96.30293493099998
TotalExecutionTime,1819.5226863999999
