InputGenerationTime,0.12341600493527949
ProfilingTime,40.64843930990901
SimulationTime,48.505554281990044
FramaCExecutionTime,109.50403061194811
TotalExecutionTime,893.9482278460637
