InputGenerationTime,0.29270844598067924
ProfilingTime,29.38477346498985
SimulationTime,89.37675622699317
FramaCExecutionTime,116.0746045949927
TotalExecutionTime,2523.6171120889776
