InputGenerationTime,0.05632666900055483
ProfilingTime,39.66525838099187
SimulationTime,20.863199454994174
FramaCExecutionTime,103.49272005399689
TotalExecutionTime,2310.731724027006
