InputGenerationTime,0.294005884003127
ProfilingTime,31.56727011798648
SimulationTime,15.371757530985633
FramaCExecutionTime,120.10160090000136
TotalExecutionTime,206.8159145140089
