InputGenerationTime,0.3232922659954056
ProfilingTime,24.78338707005605
SimulationTime,63.149280844954774
FramaCExecutionTime,123.42935546697117
TotalExecutionTime,2650.6907636119286
