InputGenerationTime,0.04219626891426742
ProfilingTime,19.57294003898278
SimulationTime,23.49487937008962
FramaCExecutionTime,89.77886800491251
TotalExecutionTime,1930.0869207610376
