InputGenerationTime,0.20938648599985754
ProfilingTime,28.681955043000926
SimulationTime,18.8706445469943
FramaCExecutionTime,100.2116976210018
TotalExecutionTime,1539.487379238999
