InputGenerationTime,0.26684155499970075
ProfilingTime,27.81200083499425
SimulationTime,111.2792951090014
FramaCExecutionTime,94.79318434699962
TotalExecutionTime,1020.5021181260017
