InputGenerationTime,0.06883503001881763
ProfilingTime,28.843451155989897
SimulationTime,17.83591579104541
FramaCExecutionTime,106.64326668903232
TotalExecutionTime,1939.1407605240238
