InputGenerationTime,0.10224440705496818
ProfilingTime,21.918047753046267
SimulationTime,19.895542586920783
FramaCExecutionTime,96.26200270303525
TotalExecutionTime,974.0609190560644
