InputGenerationTime,0.17436641099993722
ProfilingTime,37.92761318900011
SimulationTime,111.98574105100033
FramaCExecutionTime,111.46580506899954
TotalExecutionTime,988.8892724329999
