InputGenerationTime,0.21389529504813254
ProfilingTime,25.756823566975072
SimulationTime,65.87819196505006
FramaCExecutionTime,119.5768579680007
TotalExecutionTime,3099.00014006102
