InputGenerationTime,0.1907245700713247
ProfilingTime,18.833550010924228
SimulationTime,574.639507718035
FramaCExecutionTime,107.36546195601113
TotalExecutionTime,6577.523459122982
