InputGenerationTime,0.3489217610040214
ProfilingTime,27.74271340099949
SimulationTime,21.243745854000736
FramaCExecutionTime,101.74599396999838
TotalExecutionTime,1811.2341157689953
