InputGenerationTime,0.2567060510045849
ProfilingTime,25.104796978004742
SimulationTime,106.76659991800261
FramaCExecutionTime,101.65106537199608
TotalExecutionTime,10971.699222120005
