InputGenerationTime,0.04837128699728055
ProfilingTime,25.28570424300051
SimulationTime,11.12738731400168
FramaCExecutionTime,95.57277957100086
TotalExecutionTime,2091.0877430319997
