InputGenerationTime,0.08888787199975923
ProfilingTime,34.63680764900346
SimulationTime,18.997899680005503
FramaCExecutionTime,102.41301443899283
TotalExecutionTime,360.21743491898815
