InputGenerationTime,0.5117717100074515
ProfilingTime,20.733931038994342
SimulationTime,42.23655329400208
FramaCExecutionTime,127.56641766999383
TotalExecutionTime,455.1667675769422
