InputGenerationTime,0.3487831080565229
ProfilingTime,20.929501653066836
SimulationTime,14.578971225069836
FramaCExecutionTime,124.48829469003249
TotalExecutionTime,944.069122825982
