InputGenerationTime,0.24341501500020968
ProfilingTime,26.024066301004495
SimulationTime,109.03410874999827
FramaCExecutionTime,95.7353067160002
TotalExecutionTime,8553.809736103001
