InputGenerationTime,0.2250435840105638
ProfilingTime,19.816106332931668
SimulationTime,209.04305376601405
FramaCExecutionTime,112.19995585503057
TotalExecutionTime,5304.035092498991
