InputGenerationTime,0.1500415460000113
ProfilingTime,39.0546429459996
SimulationTime,23.439940662000026
FramaCExecutionTime,119.5390944679998
TotalExecutionTime,2597.236696563
