InputGenerationTime,0.20075722900219262
ProfilingTime,25.80119577597361
SimulationTime,239.07804798404686
FramaCExecutionTime,120.85969471401768
TotalExecutionTime,13953.24163602799
