InputGenerationTime,0.09517260299617192
ProfilingTime,28.867449757999566
SimulationTime,20.09616822299722
FramaCExecutionTime,103.24005353699613
TotalExecutionTime,342.13417114799813
