InputGenerationTime,0.3232922659954056
ProfilingTime,19.29235120699741
SimulationTime,77.45141210500151
FramaCExecutionTime,123.42935546697117
TotalExecutionTime,3737.0713905449957
