InputGenerationTime,0.2754530660167802
ProfilingTime,31.428184333984973
SimulationTime,18.568477317981888
FramaCExecutionTime,142.3172453920124
TotalExecutionTime,5054.655257708015
