InputGenerationTime,0.0990121210925281
ProfilingTime,32.68161621899344
SimulationTime,247.24178789788857
FramaCExecutionTime,107.4057569380384
TotalExecutionTime,3373.901706479024
