InputGenerationTime,0.5491699959966354
ProfilingTime,27.58877642598236
SimulationTime,14.45608813801664
FramaCExecutionTime,132.03446686899406
TotalExecutionTime,511.6115609899862
