InputGenerationTime,0.29120918099943083
ProfilingTime,48.02749715500249
SimulationTime,271.5678038439946
FramaCExecutionTime,140.39637216499978
TotalExecutionTime,16357.043140406007
