InputGenerationTime,0.05547416885383427
ProfilingTime,28.556303435005248
SimulationTime,19.661205236800015
FramaCExecutionTime,95.88349860697053
TotalExecutionTime,1897.4007123489864
