InputGenerationTime,0.04965436900238274
ProfilingTime,21.23601589500322
SimulationTime,217.57804485099768
FramaCExecutionTime,96.85920009500114
TotalExecutionTime,16805.107146995004
