InputGenerationTime,0.16970555897569284
ProfilingTime,35.250368326029275
SimulationTime,554.3905707660015
FramaCExecutionTime,116.65334182599327
TotalExecutionTime,21386.031611212005
