InputGenerationTime,0.27328697097254917
ProfilingTime,24.030161368020345
SimulationTime,14.529494302987587
FramaCExecutionTime,120.04880065802718
TotalExecutionTime,3369.2863031390007
