InputGenerationTime,0.2384402189636603
ProfilingTime,38.43361157400068
SimulationTime,79.745594482054
FramaCExecutionTime,151.8234170480864
TotalExecutionTime,1844.197269330034
