InputGenerationTime,0.22577400295995176
ProfilingTime,18.771727089071646
SimulationTime,45.94637121807318
FramaCExecutionTime,109.5923128289869
TotalExecutionTime,1788.053837847081
