InputGenerationTime,0.2852700619987445
ProfilingTime,36.5131937049955
SimulationTime,24.74074250400008
FramaCExecutionTime,121.69274858300196
TotalExecutionTime,5157.542281432998
