InputGenerationTime,0.17436641099993722
ProfilingTime,38.07180828699893
SimulationTime,112.48674408599982
FramaCExecutionTime,111.46580506899954
TotalExecutionTime,1737.9681290690005
