InputGenerationTime,0.2333431259903591
ProfilingTime,33.77807607600698
SimulationTime,23.514166220993502
FramaCExecutionTime,126.27864418100216
TotalExecutionTime,1925.6685956759902
