InputGenerationTime,0.07644303201232105
ProfilingTime,27.310221602005186
SimulationTime,11.617779933003476
FramaCExecutionTime,99.76022365198878
TotalExecutionTime,1084.3178812159895
