InputGenerationTime,0.1907245700713247
ProfilingTime,18.601100986008532
SimulationTime,486.76288344105706
FramaCExecutionTime,107.36546195601113
TotalExecutionTime,1632.2331018949626
