InputGenerationTime,0.05632666900055483
ProfilingTime,40.38291903100617
SimulationTime,20.556159138010116
FramaCExecutionTime,103.49272005399689
TotalExecutionTime,2476.366152932009
