InputGenerationTime,0.08053681813180447
ProfilingTime,32.908653246006
SimulationTime,333.18091195006855
FramaCExecutionTime,106.81704033003189
TotalExecutionTime,29105.081600109
