InputGenerationTime,0.19099381403066218
ProfilingTime,34.58183943096083
SimulationTime,218.89476679905783
FramaCExecutionTime,148.47174196795095
TotalExecutionTime,2920.4151540000457
