InputGenerationTime,0.08441820700682001
ProfilingTime,25.322136661001423
SimulationTime,18.145352191997517
FramaCExecutionTime,98.15719956099929
TotalExecutionTime,1422.1984845080005
