InputGenerationTime,0.24126282497309148
ProfilingTime,20.279819627059624
SimulationTime,217.49321635707747
FramaCExecutionTime,107.74387342808768
TotalExecutionTime,3186.28669949295
