InputGenerationTime,0.11488254508003592
ProfilingTime,30.376309801940806
SimulationTime,26.29828298999928
FramaCExecutionTime,134.28010943497065
TotalExecutionTime,1874.724913573009
