InputGenerationTime,0.106488331919536
ProfilingTime,40.208090496016666
SimulationTime,181.01940523693338
FramaCExecutionTime,107.84012395399623
TotalExecutionTime,8778.36183257401
