InputGenerationTime,0.04072097299649613
ProfilingTime,24.74270803300169
SimulationTime,16.11799659600365
FramaCExecutionTime,95.01072702199599
TotalExecutionTime,3596.6549874770026
