InputGenerationTime,0.06134430388920009
ProfilingTime,28.69812093884684
SimulationTime,20.46296640089713
FramaCExecutionTime,95.81497655203566
TotalExecutionTime,1804.6432059060317
