InputGenerationTime,0.17901038100171718
ProfilingTime,35.318444207998255
SimulationTime,16.90288003599926
FramaCExecutionTime,117.9092438819971
TotalExecutionTime,3195.6792540280003
