InputGenerationTime,0.18170733300212305
ProfilingTime,26.96964338899852
SimulationTime,19.44394993899914
FramaCExecutionTime,99.81084801500401
TotalExecutionTime,3307.887081765999
