InputGenerationTime,0.1860354489999736
ProfilingTime,30.692166685999837
SimulationTime,22.407179586999973
FramaCExecutionTime,133.846350332
TotalExecutionTime,1000.989137137
