InputGenerationTime,0.08780276495963335
ProfilingTime,19.773885963018984
SimulationTime,109.73553660593461
FramaCExecutionTime,97.10535426600836
TotalExecutionTime,875.3005350510357
