InputGenerationTime,0.09734716100501828
ProfilingTime,29.46286606999638
SimulationTime,20.298869720994844
FramaCExecutionTime,106.48393925699929
TotalExecutionTime,5467.578322299989
