InputGenerationTime,0.22577400295995176
ProfilingTime,20.235960336052813
SimulationTime,45.71579609694891
FramaCExecutionTime,109.5923128289869
TotalExecutionTime,1915.1908917850815
