InputGenerationTime,0.24341501500020968
ProfilingTime,24.890972945999238
SimulationTime,108.88825054699555
FramaCExecutionTime,95.7353067160002
TotalExecutionTime,7334.775074706005
