InputGenerationTime,0.08706269499816699
ProfilingTime,38.41098747000069
SimulationTime,29.96016506700107
FramaCExecutionTime,108.95056382500115
TotalExecutionTime,5688.981421462002
