InputGenerationTime,0.08780276495963335
ProfilingTime,20.750379772041924
SimulationTime,6.208347524050623
FramaCExecutionTime,97.10535426600836
TotalExecutionTime,2474.967241342063
