InputGenerationTime,0.2537088650001351
ProfilingTime,29.792236163000325
SimulationTime,21.476634390000072
FramaCExecutionTime,127.66620908499999
TotalExecutionTime,1947.561880557
