InputGenerationTime,0.05124002699449193
ProfilingTime,27.253018991992576
SimulationTime,38.997921503003454
FramaCExecutionTime,104.36231635800505
TotalExecutionTime,4250.133255337001
