InputGenerationTime,0.2616646940005012
ProfilingTime,42.22650525600329
SimulationTime,32.364276437001536
FramaCExecutionTime,136.35455956900114
TotalExecutionTime,2617.261964667996
