InputGenerationTime,0.0675285549950786
ProfilingTime,27.15370884400909
SimulationTime,14.921414210999501
FramaCExecutionTime,100.22720573899278
TotalExecutionTime,1388.3256681749917
