InputGenerationTime,0.22719534100178862
ProfilingTime,47.44001529899833
SimulationTime,253.50011027199798
FramaCExecutionTime,129.50138765100564
TotalExecutionTime,1873.8095139180004
