InputGenerationTime,0.1500415460000113
ProfilingTime,41.278464835999785
SimulationTime,23.30330869699992
FramaCExecutionTime,119.5390944679998
TotalExecutionTime,2726.314450125
