InputGenerationTime,0.2450625509954989
ProfilingTime,30.537737815000582
SimulationTime,19.776325532002375
FramaCExecutionTime,119.58020104799652
TotalExecutionTime,2336.4605850300286
