InputGenerationTime,0.15295539499493316
ProfilingTime,29.163250719000644
SimulationTime,19.455233722997946
FramaCExecutionTime,89.9493181259968
TotalExecutionTime,1480.1428770050043
