InputGenerationTime,0.01746885300053691
ProfilingTime,11.105155864001063
SimulationTime,6.848815015999207
FramaCExecutionTime,39.659135420000894
TotalExecutionTime,681.3077799059993
