InputGenerationTime,0.0990121210925281
ProfilingTime,39.276618607807904
SimulationTime,241.39417791110463
FramaCExecutionTime,107.4057569380384
TotalExecutionTime,1675.07641327288
