InputGenerationTime,0.08908225699997274
ProfilingTime,11.951069034999819
SimulationTime,8.3312759800001
FramaCExecutionTime,48.71309677099998
TotalExecutionTime,895.0464246219999
