InputGenerationTime,0.12488321099954192
ProfilingTime,27.070401539996965
SimulationTime,19.866512065993447
FramaCExecutionTime,88.36304531300266
TotalExecutionTime,3035.936841016999
