InputGenerationTime,0.06933283800026402
ProfilingTime,26.172722065995913
SimulationTime,18.44867637299467
FramaCExecutionTime,104.76876791298855
TotalExecutionTime,2897.1003559409874
