InputGenerationTime,0.3203130920010153
ProfilingTime,31.059102266997797
SimulationTime,22.53398027300136
FramaCExecutionTime,125.05516551900655
TotalExecutionTime,740.1682415719843
