InputGenerationTime,0.11109681602101773
ProfilingTime,20.592263204976916
SimulationTime,44.140049278968945
FramaCExecutionTime,95.02735664101783
TotalExecutionTime,4458.122532567009
