InputGenerationTime,0.07310996500018518
ProfilingTime,29.458165935007855
SimulationTime,16.998076693998883
FramaCExecutionTime,106.17393734199868
TotalExecutionTime,2840.773708408
