InputGenerationTime,0.10097159299766645
ProfilingTime,31.9888007339905
SimulationTime,141.65410990902456
FramaCExecutionTime,110.10803324502194
TotalExecutionTime,26018.426955391013
