InputGenerationTime,0.2937192200042773
ProfilingTime,36.54449814898544
SimulationTime,17.185488841991173
FramaCExecutionTime,131.4051270929922
TotalExecutionTime,3368.711400435015
