InputGenerationTime,0.08119252510368824
ProfilingTime,40.709580398048274
SimulationTime,34.06476661504712
FramaCExecutionTime,113.96024039201438
TotalExecutionTime,2575.017619810067
