InputGenerationTime,0.06673876900458708
ProfilingTime,30.155763800954446
SimulationTime,16.333420043054502
FramaCExecutionTime,105.7249488600064
TotalExecutionTime,1417.7155646139872
