InputGenerationTime,0.18901437100430485
ProfilingTime,39.17984913499822
SimulationTime,24.100688852995518
FramaCExecutionTime,120.16616172400245
TotalExecutionTime,3736.557576645999
