InputGenerationTime,0.07863106299191713
ProfilingTime,27.730671480996534
SimulationTime,13.95187894499395
FramaCExecutionTime,106.38991733599687
TotalExecutionTime,3543.5861248979927
