InputGenerationTime,0.5117717100074515
ProfilingTime,20.170086485915817
SimulationTime,41.558442386914976
FramaCExecutionTime,127.56641766999383
TotalExecutionTime,313.4540051559452
