InputGenerationTime,0.06883503001881763
ProfilingTime,28.29915976396296
SimulationTime,8.012179789016955
FramaCExecutionTime,106.64326668903232
TotalExecutionTime,2070.0104938750155
