InputGenerationTime,0.17436641099993722
ProfilingTime,34.433059216999936
SimulationTime,108.05352278099963
FramaCExecutionTime,111.46580506899954
TotalExecutionTime,397.7702652529997
