InputGenerationTime,0.08263851499941666
ProfilingTime,26.12284715900023
SimulationTime,17.616815590998158
FramaCExecutionTime,98.82215799900587
TotalExecutionTime,1789.88247897799
