InputGenerationTime,0.1973126189550385
ProfilingTime,48.49586299195653
SimulationTime,60.27500046900241
FramaCExecutionTime,110.4989025190007
TotalExecutionTime,1604.1798250039574
