InputGenerationTime,0.03560964995995164
ProfilingTime,19.7451487199869
SimulationTime,34.09273989102803
FramaCExecutionTime,89.09152986505069
TotalExecutionTime,1811.8178599589737
