InputGenerationTime,0.0497497089963872
ProfilingTime,36.69846969700302
SimulationTime,12.670872761998908
FramaCExecutionTime,106.16062168798817
TotalExecutionTime,4638.860521670998
