InputGenerationTime,0.1973126189550385
ProfilingTime,37.4165687970235
SimulationTime,45.241503358993214
FramaCExecutionTime,110.4989025190007
TotalExecutionTime,2346.7442086159717
