InputGenerationTime,0.11737045999325346
ProfilingTime,42.404197845986346
SimulationTime,26.670486834002077
FramaCExecutionTime,130.64505490900774
TotalExecutionTime,5726.037806559005
