InputGenerationTime,0.08587797201471403
ProfilingTime,31.647531121969223
SimulationTime,59.60353874898283
FramaCExecutionTime,105.58347059699008
TotalExecutionTime,28249.14249003405
