InputGenerationTime,0.19766114899903187
ProfilingTime,28.949238274999516
SimulationTime,21.049983795001026
FramaCExecutionTime,120.10270344499804
TotalExecutionTime,746.0984383849973
