InputGenerationTime,0.29270844598067924
ProfilingTime,24.369693430984626
SimulationTime,205.19192500101053
FramaCExecutionTime,116.0746045949927
TotalExecutionTime,1214.3123471110011
