InputGenerationTime,0.1727162059978582
ProfilingTime,28.633904274000088
SimulationTime,84.9079698130081
FramaCExecutionTime,121.51857166702393
TotalExecutionTime,6541.196687677002
