InputGenerationTime,0.03244398299830209
ProfilingTime,20.864057087999754
SimulationTime,218.0746105620001
FramaCExecutionTime,92.58095922599932
TotalExecutionTime,8501.609544224
