InputGenerationTime,0.5125337750068866
ProfilingTime,31.112960099999327
SimulationTime,19.442452882009093
FramaCExecutionTime,149.69917792000342
TotalExecutionTime,4504.5843258880195
