InputGenerationTime,0.07834984001237899
ProfilingTime,26.48456069501117
SimulationTime,17.054748103022575
FramaCExecutionTime,108.21301396400668
TotalExecutionTime,1060.038986694999
