InputGenerationTime,0.0675285549950786
ProfilingTime,26.789327876991592
SimulationTime,16.674161788003403
FramaCExecutionTime,100.22720573899278
TotalExecutionTime,1611.0639764299995
