InputGenerationTime,0.06617910400382243
ProfilingTime,32.63770095400105
SimulationTime,15.603833546003443
FramaCExecutionTime,105.83214284598944
TotalExecutionTime,3171.345816948
