InputGenerationTime,0.06883503001881763
ProfilingTime,29.17057494301116
SimulationTime,16.681083839968778
FramaCExecutionTime,106.64326668903232
TotalExecutionTime,1801.1768268450396
