InputGenerationTime,0.31785363605013117
ProfilingTime,24.45712633698713
SimulationTime,18.175793203990906
FramaCExecutionTime,117.68211280897958
TotalExecutionTime,160.63774604303762
