InputGenerationTime,0.04915673100913409
ProfilingTime,31.18734563900216
SimulationTime,13.23065938599757
FramaCExecutionTime,104.74350526298804
TotalExecutionTime,1170.5993438250007
