InputGenerationTime,0.11135036498308182
ProfilingTime,19.562579071964137
SimulationTime,18.063795102993026
FramaCExecutionTime,94.48343334102537
TotalExecutionTime,1652.9463572070235
