InputGenerationTime,0.1216452280023077
ProfilingTime,36.19548541599943
SimulationTime,16.73264379700049
FramaCExecutionTime,109.55363374899753
TotalExecutionTime,319.1004927899994
