InputGenerationTime,0.09517260299617192
ProfilingTime,26.326223088995903
SimulationTime,19.620211133995326
FramaCExecutionTime,103.24005353699613
TotalExecutionTime,694.9971313120041
