InputGenerationTime,0.05124002699449193
ProfilingTime,36.090489137000986
SimulationTime,51.46092553700146
FramaCExecutionTime,104.36231635800505
TotalExecutionTime,5526.444609466009
