InputGenerationTime,0.2563665369998489
ProfilingTime,28.775645033001638
SimulationTime,237.3094404860003
FramaCExecutionTime,119.80670238400126
TotalExecutionTime,9168.468495327
