InputGenerationTime,0.18249052000464872
ProfilingTime,23.40125877200626
SimulationTime,34.332347795017995
FramaCExecutionTime,95.15639482502593
TotalExecutionTime,4695.647151715995
