InputGenerationTime,0.24341501500020968
ProfilingTime,26.220753839006647
SimulationTime,109.93488278800214
FramaCExecutionTime,95.7353067160002
TotalExecutionTime,8418.689235832004
