InputGenerationTime,0.131118303979747
ProfilingTime,32.32618899992667
SimulationTime,939.8531208990607
FramaCExecutionTime,108.81593526701909
TotalExecutionTime,3143.140816687024
