InputGenerationTime,0.02344999100023415
ProfilingTime,13.747268111001176
SimulationTime,8.367969650000305
FramaCExecutionTime,44.093769834998966
TotalExecutionTime,977.4632743530001
