InputGenerationTime,0.18249052000464872
ProfilingTime,23.872217972006183
SimulationTime,39.58407172898296
FramaCExecutionTime,95.15639482502593
TotalExecutionTime,5960.222569456033
