InputGenerationTime,0.07834984001237899
ProfilingTime,28.66022845596308
SimulationTime,18.072553111996967
FramaCExecutionTime,108.21301396400668
TotalExecutionTime,836.3764252410037
