InputGenerationTime,0.07230846700258553
ProfilingTime,26.189388311991934
SimulationTime,231.65600159502355
FramaCExecutionTime,106.69600580900442
TotalExecutionTime,21580.296642979025
