InputGenerationTime,0.36039209901355207
ProfilingTime,20.762496792944148
SimulationTime,209.7619473899249
FramaCExecutionTime,125.7520459779771
TotalExecutionTime,4849.191964191035
