InputGenerationTime,0.23651412897743285
ProfilingTime,23.43444990599528
SimulationTime,15.386393107939512
FramaCExecutionTime,114.27070531004574
TotalExecutionTime,686.3494517880026
