InputGenerationTime,0.07921701300074346
ProfilingTime,32.9952318870055
SimulationTime,21.502724717007368
FramaCExecutionTime,105.26931427200907
TotalExecutionTime,3537.990855044991
