InputGenerationTime,0.05441822297871113
ProfilingTime,22.476547854952514
SimulationTime,212.42208371381275
FramaCExecutionTime,93.7210614560172
TotalExecutionTime,1034.714892304968
