InputGenerationTime,0.07310996500018518
ProfilingTime,34.20717863300524
SimulationTime,17.151022855992778
FramaCExecutionTime,106.17393734199868
TotalExecutionTime,1726.5945134229987
