InputGenerationTime,0.06134531200223137
ProfilingTime,32.65131945500616
SimulationTime,15.633823162992485
FramaCExecutionTime,105.47228164300031
TotalExecutionTime,1731.2459537390096
