InputGenerationTime,0.0652667719987221
ProfilingTime,26.716593060991727
SimulationTime,21.721624257974327
FramaCExecutionTime,107.56037442997331
TotalExecutionTime,4061.680911953037
