InputGenerationTime,0.04915673100913409
ProfilingTime,38.99554350999824
SimulationTime,20.03034421701159
FramaCExecutionTime,104.74350526298804
TotalExecutionTime,906.3175111649907
