InputGenerationTime,0.04155284100124845
ProfilingTime,23.86939171799895
SimulationTime,12.027217358001508
FramaCExecutionTime,96.29844691299877
TotalExecutionTime,1125.2057380130027
