InputGenerationTime,0.229954885027837
ProfilingTime,26.071777042991016
SimulationTime,19.53528334700968
FramaCExecutionTime,111.18525936000515
TotalExecutionTime,767.0548086650087
