InputGenerationTime,0.18170733300212305
ProfilingTime,30.474112550997233
SimulationTime,17.71767899000406
FramaCExecutionTime,99.81084801500401
TotalExecutionTime,2757.653382782999
