InputGenerationTime,0.24126282497309148
ProfilingTime,20.06222746206913
SimulationTime,217.47712708299514
FramaCExecutionTime,107.74387342808768
TotalExecutionTime,1522.6149316719966
