InputGenerationTime,0.05511531299998751
ProfilingTime,22.539156961000117
SimulationTime,218.58657423200202
FramaCExecutionTime,94.72058908399777
TotalExecutionTime,14509.196082130999
