InputGenerationTime,0.18418349499552278
ProfilingTime,48.98483859200496
SimulationTime,274.68443227999524
FramaCExecutionTime,134.15536504299962
TotalExecutionTime,10974.515235824001
