InputGenerationTime,0.22577400295995176
ProfilingTime,20.00462335301563
SimulationTime,41.49761810398195
FramaCExecutionTime,109.5923128289869
TotalExecutionTime,2353.9275138670346
