InputGenerationTime,0.19021941302344203
ProfilingTime,21.342654978041537
SimulationTime,211.76485038199462
FramaCExecutionTime,113.54233702400234
TotalExecutionTime,6367.169169485976
