InputGenerationTime,0.13775036500010174
ProfilingTime,29.45637030600483
SimulationTime,107.12613343300472
FramaCExecutionTime,94.25399721999565
TotalExecutionTime,4509.275592208003
