InputGenerationTime,0.3203130920010153
ProfilingTime,34.546958647988504
SimulationTime,24.35474493802758
FramaCExecutionTime,125.05516551900655
TotalExecutionTime,686.4218419730023
