InputGenerationTime,0.19021941302344203
ProfilingTime,21.135687119036447
SimulationTime,212.6148620560416
FramaCExecutionTime,113.54233702400234
TotalExecutionTime,8276.745560696
