InputGenerationTime,0.19021941302344203
ProfilingTime,25.150081696978305
SimulationTime,214.04741865803953
FramaCExecutionTime,113.54233702400234
TotalExecutionTime,8042.943008213013
