InputGenerationTime,0.2893862620694563
ProfilingTime,21.504295252030715
SimulationTime,9.469424747978337
FramaCExecutionTime,117.19879986299202
TotalExecutionTime,1141.698791716015
