InputGenerationTime,0.24693168800149579
ProfilingTime,44.08526008100307
SimulationTime,39.18993562700052
FramaCExecutionTime,135.26416748500196
TotalExecutionTime,4293.004301715002
