InputGenerationTime,0.0990121210925281
ProfilingTime,40.64698718697764
SimulationTime,251.66176013601944
FramaCExecutionTime,107.4057569380384
TotalExecutionTime,2837.5499580109026
