InputGenerationTime,0.5491699959966354
ProfilingTime,35.21619326598011
SimulationTime,20.563626893010223
FramaCExecutionTime,132.03446686899406
TotalExecutionTime,680.2928649520036
