InputGenerationTime,0.04804642405360937
ProfilingTime,20.189268114976585
SimulationTime,12.271233248058707
FramaCExecutionTime,90.74596772296354
TotalExecutionTime,1246.8263083919883
