InputGenerationTime,0.21989744500024244
ProfilingTime,24.5593651359668
SimulationTime,212.61208370799432
FramaCExecutionTime,110.1814316730015
TotalExecutionTime,2692.355298792012
