InputGenerationTime,0.23457185400184244
ProfilingTime,23.29717055504443
SimulationTime,49.47066327597713
FramaCExecutionTime,100.63616595900385
TotalExecutionTime,2656.0685132920044
