InputGenerationTime,0.10281701199710369
ProfilingTime,23.614819605994853
SimulationTime,17.092208171001403
FramaCExecutionTime,95.94782013600343
TotalExecutionTime,3414.159973891001
