InputGenerationTime,0.08053681813180447
ProfilingTime,42.170909313019365
SimulationTime,343.3991158218123
FramaCExecutionTime,106.81704033003189
TotalExecutionTime,26487.957431314164
