InputGenerationTime,0.07310996500018518
ProfilingTime,38.333976289999555
SimulationTime,26.42605060299684
FramaCExecutionTime,106.17393734199868
TotalExecutionTime,2368.554046893987
