InputGenerationTime,0.23208729503676295
ProfilingTime,23.886325897998177
SimulationTime,73.57856654701754
FramaCExecutionTime,100.15079668501858
TotalExecutionTime,1564.7426251500146
