InputGenerationTime,0.20753930194769055
ProfilingTime,19.385442593018524
SimulationTime,216.08858188800514
FramaCExecutionTime,108.56039979495108
TotalExecutionTime,6640.957581127994
