InputGenerationTime,0.04561591404490173
ProfilingTime,19.488176027080044
SimulationTime,9.193828701041639
FramaCExecutionTime,88.03226714697666
TotalExecutionTime,617.7965000278782
