InputGenerationTime,0.07644303201232105
ProfilingTime,24.16296286000579
SimulationTime,14.703595159997349
FramaCExecutionTime,99.76022365198878
TotalExecutionTime,689.4065916459949
