InputGenerationTime,0.19766114899903187
ProfilingTime,28.17062269899907
SimulationTime,7.34847408800124
FramaCExecutionTime,120.10270344499804
TotalExecutionTime,979.7971448539975
