InputGenerationTime,0.3914520660182461
ProfilingTime,24.449269911972806
SimulationTime,12.10248063900508
FramaCExecutionTime,134.18783874309156
TotalExecutionTime,1343.151839531958
