InputGenerationTime,0.08908225699997274
ProfilingTime,13.354759949000254
SimulationTime,7.865466703000493
FramaCExecutionTime,48.71309677099998
TotalExecutionTime,754.334326659
