InputGenerationTime,0.06559167301747948
ProfilingTime,26.636801567976363
SimulationTime,15.700679584988393
FramaCExecutionTime,104.80555936798919
TotalExecutionTime,530.7655890400056
