InputGenerationTime,0.10281701199710369
ProfilingTime,22.425163714004157
SimulationTime,20.187814190001518
FramaCExecutionTime,95.94782013600343
TotalExecutionTime,3869.177036242996
