InputGenerationTime,0.20938648599985754
ProfilingTime,26.362797182999202
SimulationTime,19.932983236998552
FramaCExecutionTime,100.2116976210018
TotalExecutionTime,2050.640957388001
