InputGenerationTime,0.09734716100501828
ProfilingTime,29.481161282004905
SimulationTime,16.35416201100452
FramaCExecutionTime,106.48393925699929
TotalExecutionTime,5573.5247099879925
