InputGenerationTime,0.229954885027837
ProfilingTime,25.367875090043526
SimulationTime,18.154705433989875
FramaCExecutionTime,111.18525936000515
TotalExecutionTime,810.6384783060057
