InputGenerationTime,0.11737045999325346
ProfilingTime,50.82520369401027
SimulationTime,36.25369326000509
FramaCExecutionTime,130.64505490900774
TotalExecutionTime,5060.352565822002
