InputGenerationTime,0.27328697097254917
ProfilingTime,21.4538327199989
SimulationTime,12.228081465000287
FramaCExecutionTime,120.04880065802718
TotalExecutionTime,3039.137465681997
