InputGenerationTime,0.23457185400184244
ProfilingTime,23.677426148031373
SimulationTime,111.33329466899158
FramaCExecutionTime,100.63616595900385
TotalExecutionTime,3247.421817993978
