InputGenerationTime,0.10488404300122056
ProfilingTime,38.28099535000001
SimulationTime,19.22805410699948
FramaCExecutionTime,118.49847431200033
TotalExecutionTime,2117.9357230880014
