InputGenerationTime,0.2384402189636603
ProfilingTime,37.90320514503401
SimulationTime,76.46493218897376
FramaCExecutionTime,151.8234170480864
TotalExecutionTime,1958.6409267979907
