InputGenerationTime,0.06306902691721916
ProfilingTime,20.54819048009813
SimulationTime,12.571421235101297
FramaCExecutionTime,93.3677042729687
TotalExecutionTime,1450.6026647319086
