InputGenerationTime,0.23642875702353194
ProfilingTime,47.84051168098813
SimulationTime,6.584548440994695
FramaCExecutionTime,115.11188443098217
TotalExecutionTime,7491.345568518969
