InputGenerationTime,0.1322396129999106
ProfilingTime,11.41542683300031
SimulationTime,7.436543079999865
FramaCExecutionTime,55.91579891600031
TotalExecutionTime,125.44954622900059
