InputGenerationTime,0.3343403210164979
ProfilingTime,20.608926794026047
SimulationTime,8.73881526000332
FramaCExecutionTime,124.28450092894491
TotalExecutionTime,241.069860863965
