InputGenerationTime,0.2014430370181799
ProfilingTime,25.255172843986657
SimulationTime,17.494279145961627
FramaCExecutionTime,128.44977176899556
TotalExecutionTime,1441.2412547880085
