InputGenerationTime,0.04155284100124845
ProfilingTime,20.561716995998722
SimulationTime,11.783538260002388
FramaCExecutionTime,96.29844691299877
TotalExecutionTime,1089.201733758
