InputGenerationTime,0.08263851499941666
ProfilingTime,24.913049493989092
SimulationTime,17.77701072501077
FramaCExecutionTime,98.82215799900587
TotalExecutionTime,1453.6026889289933
