InputGenerationTime,0.08706269499816699
ProfilingTime,39.161265560000174
SimulationTime,30.239173620000656
FramaCExecutionTime,108.95056382500115
TotalExecutionTime,5031.069755172
