InputGenerationTime,0.1500415460000113
ProfilingTime,34.64175513800001
SimulationTime,21.768815971000095
FramaCExecutionTime,119.5390944679998
TotalExecutionTime,2415.937656562
