InputGenerationTime,0.145248580025509
ProfilingTime,37.555485573015176
SimulationTime,74.18727647099877
FramaCExecutionTime,108.04990905203158
TotalExecutionTime,9765.061782909965
