InputGenerationTime,0.27123504306655377
ProfilingTime,39.44723405991681
SimulationTime,241.16943646094296
FramaCExecutionTime,121.80990467895754
TotalExecutionTime,2020.3280447969446
