InputGenerationTime,0.24341501500020968
ProfilingTime,26.34287554400362
SimulationTime,109.66924140400079
FramaCExecutionTime,95.7353067160002
TotalExecutionTime,7753.890310433999
