InputGenerationTime,0.07921701300074346
ProfilingTime,36.59625467300066
SimulationTime,17.55668386600155
FramaCExecutionTime,105.26931427200907
TotalExecutionTime,3592.2725621299905
