InputGenerationTime,0.06828528999994887
ProfilingTime,23.115266092000184
SimulationTime,15.441560216000198
FramaCExecutionTime,95.84660604099963
TotalExecutionTime,2302.6772831609997
