InputGenerationTime,0.18785828900581691
ProfilingTime,43.012514480011305
SimulationTime,27.34835067599488
FramaCExecutionTime,130.39241952699376
TotalExecutionTime,468.11845557500783
