InputGenerationTime,0.18582355696707964
ProfilingTime,23.737741648976225
SimulationTime,15.615591988025699
FramaCExecutionTime,131.82039032201283
TotalExecutionTime,3057.549848829978
