InputGenerationTime,0.0851615320007113
ProfilingTime,10.941411955000149
SimulationTime,7.856438405999143
FramaCExecutionTime,48.46413284600021
TotalExecutionTime,67.35071664699899
