InputGenerationTime,0.21990838996134698
ProfilingTime,18.67940740706399
SimulationTime,8.437445085030049
FramaCExecutionTime,108.54226218396798
TotalExecutionTime,135.8818782970775
