InputGenerationTime,0.20753930194769055
ProfilingTime,18.785105709917843
SimulationTime,215.8832292770967
FramaCExecutionTime,108.56039979495108
TotalExecutionTime,6171.565769181005
