InputGenerationTime,0.08053681813180447
ProfilingTime,48.140737783163786
SimulationTime,351.4016108887736
FramaCExecutionTime,106.81704033003189
TotalExecutionTime,31218.90746372298
