InputGenerationTime,0.18446814600611106
ProfilingTime,20.138310934009496
SimulationTime,209.09069611300947
FramaCExecutionTime,112.07018067297759
TotalExecutionTime,16034.667819436
