InputGenerationTime,0.06828528999994887
ProfilingTime,23.53516804100036
SimulationTime,14.227751854000417
FramaCExecutionTime,95.84660604099963
TotalExecutionTime,2852.8220930040006
