InputGenerationTime,0.09243679200005772
ProfilingTime,40.03671866000013
SimulationTime,22.397838356000193
FramaCExecutionTime,140.29446766800004
TotalExecutionTime,1327.7804240249998
