InputGenerationTime,0.06064719200367108
ProfilingTime,26.223597244010307
SimulationTime,14.235419229022227
FramaCExecutionTime,106.90652724599931
TotalExecutionTime,1281.8174556190497
