InputGenerationTime,0.04219626891426742
ProfilingTime,19.363183193840086
SimulationTime,23.515205912990496
FramaCExecutionTime,89.77886800491251
TotalExecutionTime,1849.255324824946
