InputGenerationTime,0.04533246399660129
ProfilingTime,28.77772236400051
SimulationTime,225.13798050499463
FramaCExecutionTime,102.04172662799829
TotalExecutionTime,17880.668402359996
