InputGenerationTime,0.06828528999994887
ProfilingTime,22.823676726000485
SimulationTime,16.739107990000775
FramaCExecutionTime,95.84660604099963
TotalExecutionTime,2776.416734702
