InputGenerationTime,0.24175441300030798
ProfilingTime,35.11040008999407
SimulationTime,21.759098579059355
FramaCExecutionTime,151.40488299599383
TotalExecutionTime,2179.8022224750603
