InputGenerationTime,0.20938648599985754
ProfilingTime,30.454870686000504
SimulationTime,21.57973874900199
FramaCExecutionTime,100.2116976210018
TotalExecutionTime,2315.82971577
