InputGenerationTime,0.28151840600185096
ProfilingTime,26.32220120402053
SimulationTime,21.929979965963867
FramaCExecutionTime,123.84468328399817
TotalExecutionTime,4121.884329272027
