InputGenerationTime,0.15557446299999356
ProfilingTime,34.81077503300003
SimulationTime,19.16580467499989
FramaCExecutionTime,114.42043770899954
TotalExecutionTime,3419.6604722409998
