InputGenerationTime,0.0712742239702493
ProfilingTime,29.302566539030522
SimulationTime,18.93272701301612
FramaCExecutionTime,105.79948802501895
TotalExecutionTime,2302.9537923079915
