InputGenerationTime,0.05552351800724864
ProfilingTime,18.451010246993974
SimulationTime,227.68710467600613
FramaCExecutionTime,105.23009136799374
TotalExecutionTime,19997.353001476004
