InputGenerationTime,0.05441822297871113
ProfilingTime,22.7779392239172
SimulationTime,211.93607874889858
FramaCExecutionTime,93.7210614560172
TotalExecutionTime,799.7620586778503
