InputGenerationTime,0.5459449000190943
ProfilingTime,33.53296717800549
SimulationTime,20.01155915801064
FramaCExecutionTime,142.59089715700247
TotalExecutionTime,3408.6299751490005
