InputGenerationTime,0.12488321099954192
ProfilingTime,26.16097637799976
SimulationTime,16.01113403600175
FramaCExecutionTime,88.36304531300266
TotalExecutionTime,2527.1720722190003
