InputGenerationTime,0.5576207120029721
ProfilingTime,26.69187455100473
SimulationTime,16.810950165992836
FramaCExecutionTime,137.8231833819882
TotalExecutionTime,1812.4850358800031
