InputGenerationTime,0.17901038100171718
ProfilingTime,34.55978210199828
SimulationTime,16.387551797000924
FramaCExecutionTime,117.9092438819971
TotalExecutionTime,4293.604493985
