InputGenerationTime,0.131118303979747
ProfilingTime,48.163801342016086
SimulationTime,1103.1112130240072
FramaCExecutionTime,108.81593526701909
TotalExecutionTime,18940.194278321113
