InputGenerationTime,0.2550414989818819
ProfilingTime,24.512841403018683
SimulationTime,13.09807293501217
FramaCExecutionTime,119.64459108404117
TotalExecutionTime,2494.0304019009927
