InputGenerationTime,0.0675285549950786
ProfilingTime,26.781213515001582
SimulationTime,13.795062417004374
FramaCExecutionTime,100.22720573899278
TotalExecutionTime,1264.6711731269897
