InputGenerationTime,0.18538614409044385
ProfilingTime,21.832537062000483
SimulationTime,209.9868507559877
FramaCExecutionTime,110.43824010202661
TotalExecutionTime,4878.483421543031
