InputGenerationTime,0.1376757019897923
ProfilingTime,36.50475349096814
SimulationTime,148.7401982039446
FramaCExecutionTime,106.99266202299623
TotalExecutionTime,12648.440439788974
