InputGenerationTime,0.22147605799546
ProfilingTime,40.51663681100035
SimulationTime,27.948374428000534
FramaCExecutionTime,139.0204824370012
TotalExecutionTime,4316.577394073
