InputGenerationTime,0.0791702719998284
ProfilingTime,10.336502312000448
SimulationTime,7.583973655999216
FramaCExecutionTime,50.45893695700033
TotalExecutionTime,717.5190813189984
