InputGenerationTime,0.10281701199710369
ProfilingTime,25.641540426004212
SimulationTime,14.994280100996548
FramaCExecutionTime,95.94782013600343
TotalExecutionTime,3373.3412358999994
