InputGenerationTime,0.26157120897551067
ProfilingTime,30.87248423899291
SimulationTime,19.761839938000776
FramaCExecutionTime,121.93693389900727
TotalExecutionTime,1699.433386831981
