InputGenerationTime,0.15557446299999356
ProfilingTime,38.00919724399955
SimulationTime,23.281516496000222
FramaCExecutionTime,114.42043770899954
TotalExecutionTime,3776.823553826
