InputGenerationTime,0.12488321099954192
ProfilingTime,25.416024325000762
SimulationTime,19.401543372005108
FramaCExecutionTime,88.36304531300266
TotalExecutionTime,3256.6532557430037
