InputGenerationTime,0.1907245700713247
ProfilingTime,20.053606754983775
SimulationTime,534.1754170000786
FramaCExecutionTime,107.36546195601113
TotalExecutionTime,7131.90599396301
