InputGenerationTime,0.3203130920010153
ProfilingTime,31.072885525994934
SimulationTime,21.34746162200463
FramaCExecutionTime,125.05516551900655
TotalExecutionTime,1409.266503798979
