InputGenerationTime,0.24126282497309148
ProfilingTime,21.05985339405015
SimulationTime,217.26533094304614
FramaCExecutionTime,107.74387342808768
TotalExecutionTime,5115.811761772959
