InputGenerationTime,0.24733186499997828
ProfilingTime,26.328807279000102
SimulationTime,17.94749803800005
FramaCExecutionTime,124.64607925199971
TotalExecutionTime,2785.1946827909997
