InputGenerationTime,0.18249052000464872
ProfilingTime,24.848317491996568
SimulationTime,6.960431536950637
FramaCExecutionTime,95.15639482502593
TotalExecutionTime,5775.20439805201
