InputGenerationTime,0.22147605799546
ProfilingTime,45.713496614996984
SimulationTime,32.38313585300057
FramaCExecutionTime,139.0204824370012
TotalExecutionTime,4868.827651385996
