InputGenerationTime,0.08780007797759026
ProfilingTime,26.65994350402616
SimulationTime,13.680985750048421
FramaCExecutionTime,107.58787493401906
TotalExecutionTime,2722.2859537000186
