InputGenerationTime,0.3468931099996553
ProfilingTime,24.66908352599421
SimulationTime,18.53421186000196
FramaCExecutionTime,97.67858885599708
TotalExecutionTime,3434.494666598999
