InputGenerationTime,0.2538465560064651
ProfilingTime,44.75191930400615
SimulationTime,271.537428798998
FramaCExecutionTime,147.2809260690119
TotalExecutionTime,24932.529287779005
