InputGenerationTime,0.18170733300212305
ProfilingTime,28.649180341999454
SimulationTime,21.228299902999424
FramaCExecutionTime,99.81084801500401
TotalExecutionTime,3565.0037840799996
