InputGenerationTime,0.23208729503676295
ProfilingTime,24.466669726010878
SimulationTime,74.22607771400362
FramaCExecutionTime,100.15079668501858
TotalExecutionTime,668.2213112739846
