InputGenerationTime,0.10224440705496818
ProfilingTime,21.875480263028294
SimulationTime,19.80826908000745
FramaCExecutionTime,96.26200270303525
TotalExecutionTime,695.4172736820765
