InputGenerationTime,0.04915673100913409
ProfilingTime,33.55650392500684
SimulationTime,14.487716073999763
FramaCExecutionTime,104.74350526298804
TotalExecutionTime,638.6911023529974
