InputGenerationTime,0.05441822297871113
ProfilingTime,27.62529158196412
SimulationTime,218.47020296705887
FramaCExecutionTime,93.7210614560172
TotalExecutionTime,3250.6705870039295
