InputGenerationTime,0.03624822100005076
ProfilingTime,25.180157149000024
SimulationTime,15.575246448000144
FramaCExecutionTime,107.40131508900004
TotalExecutionTime,687.3371571949999
