InputGenerationTime,0.21990838996134698
ProfilingTime,20.692284138989635
SimulationTime,9.280178116983734
FramaCExecutionTime,108.54226218396798
TotalExecutionTime,390.55793191399425
