InputGenerationTime,0.05632666900055483
ProfilingTime,30.0069513740018
SimulationTime,18.47956440100097
FramaCExecutionTime,103.49272005399689
TotalExecutionTime,1485.475724738004
