InputGenerationTime,0.23651412897743285
ProfilingTime,22.430464630015194
SimulationTime,13.7577060329495
FramaCExecutionTime,114.27070531004574
TotalExecutionTime,758.775017577922
