InputGenerationTime,0.2941565380024258
ProfilingTime,29.33986885601189
SimulationTime,18.092760160012404
FramaCExecutionTime,119.22128029901069
TotalExecutionTime,3601.859982021997
