InputGenerationTime,0.3234236310236156
ProfilingTime,25.5136158830137
SimulationTime,249.18261708901264
FramaCExecutionTime,118.84747565101134
TotalExecutionTime,1761.061300397967
