InputGenerationTime,0.21722360595595092
ProfilingTime,33.479014690965414
SimulationTime,254.43863739608787
FramaCExecutionTime,123.38338132703211
TotalExecutionTime,10306.82228019298
