InputGenerationTime,0.3343403210164979
ProfilingTime,23.250063166953623
SimulationTime,13.03674253099598
FramaCExecutionTime,124.28450092894491
TotalExecutionTime,726.2212458510185
