InputGenerationTime,0.254091541050002
ProfilingTime,29.324972347007133
SimulationTime,13.743964073015377
FramaCExecutionTime,138.49859954905696
TotalExecutionTime,684.768870046013
