InputGenerationTime,0.05547416885383427
ProfilingTime,28.778110143961385
SimulationTime,20.77409655204974
FramaCExecutionTime,95.88349860697053
TotalExecutionTime,1849.129719296936
