InputGenerationTime,0.0712742239702493
ProfilingTime,27.51740209601121
SimulationTime,19.12920505402144
FramaCExecutionTime,105.79948802501895
TotalExecutionTime,2070.0065526139806
