InputGenerationTime,0.05953637699712999
ProfilingTime,22.495049496006686
SimulationTime,16.98645910599589
FramaCExecutionTime,106.16420628500055
TotalExecutionTime,674.4868542690019
