InputGenerationTime,0.04965436900238274
ProfilingTime,21.290624763001688
SimulationTime,218.89875601699896
FramaCExecutionTime,96.85920009500114
TotalExecutionTime,18248.799635183
