InputGenerationTime,0.19099381403066218
ProfilingTime,35.10400844202377
SimulationTime,218.48487578507047
FramaCExecutionTime,148.47174196795095
TotalExecutionTime,5020.127738622017
