InputGenerationTime,0.21752191695850343
ProfilingTime,21.514504177030176
SimulationTime,211.7717181800399
FramaCExecutionTime,113.90528678707778
TotalExecutionTime,8757.761150785023
