InputGenerationTime,0.1586757400073111
ProfilingTime,32.39708939002594
SimulationTime,133.28110997698968
FramaCExecutionTime,113.80346785899019
TotalExecutionTime,3700.1852896910277
