InputGenerationTime,0.21989744500024244
ProfilingTime,24.397087532968726
SimulationTime,212.9444834580063
FramaCExecutionTime,110.1814316730015
TotalExecutionTime,4626.254805706965
