InputGenerationTime,0.08813246099816752
ProfilingTime,39.83540891600205
SimulationTime,21.68379813700085
FramaCExecutionTime,108.73251284900107
TotalExecutionTime,977.8510250479994
