InputGenerationTime,0.05441822297871113
ProfilingTime,29.535396198974922
SimulationTime,220.8747020601295
FramaCExecutionTime,93.7210614560172
TotalExecutionTime,3004.527059240965
