InputGenerationTime,0.3234236310236156
ProfilingTime,24.465374295949005
SimulationTime,241.87171128799673
FramaCExecutionTime,118.84747565101134
TotalExecutionTime,1486.3042592009879
