InputGenerationTime,0.08297437703004107
ProfilingTime,25.612690797948744
SimulationTime,33.194802962010726
FramaCExecutionTime,103.6552166279871
TotalExecutionTime,4083.0925038930145
