InputGenerationTime,0.07921701300074346
ProfilingTime,39.45226358700893
SimulationTime,20.338419784995494
FramaCExecutionTime,105.26931427200907
TotalExecutionTime,3816.669370208998
