InputGenerationTime,0.08069608799996786
ProfilingTime,29.40029443599633
SimulationTime,16.303790398000274
FramaCExecutionTime,106.32470165600535
TotalExecutionTime,4891.497342799004
