InputGenerationTime,0.07230846700258553
ProfilingTime,26.358849482028745
SimulationTime,232.32664643402677
FramaCExecutionTime,106.69600580900442
TotalExecutionTime,22396.19350042002
