InputGenerationTime,0.31785363605013117
ProfilingTime,27.10385968501214
SimulationTime,20.160187172994483
FramaCExecutionTime,117.68211280897958
TotalExecutionTime,851.6240155799896
