InputGenerationTime,0.3232922659954056
ProfilingTime,20.447669924004003
SimulationTime,55.322571067954414
FramaCExecutionTime,123.42935546697117
TotalExecutionTime,2235.058946185978
