InputGenerationTime,0.04072097299649613
ProfilingTime,22.852211555000395
SimulationTime,14.24863911599823
FramaCExecutionTime,95.01072702199599
TotalExecutionTime,3113.0234447100047
