InputGenerationTime,0.05246901400096249
ProfilingTime,28.131450065993704
SimulationTime,15.809030134012573
FramaCExecutionTime,99.9211063440016
TotalExecutionTime,3478.187151304999
