InputGenerationTime,0.0791702719998284
ProfilingTime,11.998933395001586
SimulationTime,7.277196454000659
FramaCExecutionTime,50.45893695700033
TotalExecutionTime,916.2280262469994
