InputGenerationTime,0.24459180305711925
ProfilingTime,19.425999458995648
SimulationTime,8.536670583067462
FramaCExecutionTime,116.45146760297939
TotalExecutionTime,1480.7734211609932
