InputGenerationTime,0.36768036500143353
ProfilingTime,42.16303698899719
SimulationTime,25.377565630995377
FramaCExecutionTime,132.18089018899627
TotalExecutionTime,264.63571746499656
