InputGenerationTime,0.18076778999966336
ProfilingTime,35.69366672099932
SimulationTime,16.980556962000264
FramaCExecutionTime,117.59281498999917
TotalExecutionTime,5244.924049360001
