InputGenerationTime,0.23642875702353194
ProfilingTime,42.59066603600513
SimulationTime,244.9481212820392
FramaCExecutionTime,115.11188443098217
TotalExecutionTime,4319.202120795962
