InputGenerationTime,0.24126282497309148
ProfilingTime,18.885459457989782
SimulationTime,216.1467712330632
FramaCExecutionTime,107.74387342808768
TotalExecutionTime,578.2586218930082
