InputGenerationTime,0.13310052594169974
ProfilingTime,39.39447549008764
SimulationTime,6.172549735987559
FramaCExecutionTime,137.11517138092313
TotalExecutionTime,1252.4646222600713
