InputGenerationTime,0.30700588898616843
ProfilingTime,30.739706530002877
SimulationTime,21.56613162299618
FramaCExecutionTime,126.14888849700219
TotalExecutionTime,4794.332943827001
