InputGenerationTime,0.229954885027837
ProfilingTime,21.664281244040467
SimulationTime,18.41886098496616
FramaCExecutionTime,111.18525936000515
TotalExecutionTime,425.7908357139677
