InputGenerationTime,0.33293280099951517
ProfilingTime,29.656419080999513
SimulationTime,20.72372104799979
FramaCExecutionTime,130.06025948600018
TotalExecutionTime,4201.772823138
