InputGenerationTime,0.2978791029963759
ProfilingTime,26.023305617003643
SimulationTime,18.070080647994473
FramaCExecutionTime,94.0850575910008
TotalExecutionTime,265.55771580699366
