InputGenerationTime,0.08813246099816752
ProfilingTime,35.56226668599993
SimulationTime,20.360558287000458
FramaCExecutionTime,108.73251284900107
TotalExecutionTime,798.0818438230017
