InputGenerationTime,0.11123362099897349
ProfilingTime,40.640337935998105
SimulationTime,6.1498251740013075
FramaCExecutionTime,111.88471470699733
TotalExecutionTime,2588.1402618350003
