InputGenerationTime,0.2852700619987445
ProfilingTime,38.04069146900292
SimulationTime,27.02933637100068
FramaCExecutionTime,121.69274858300196
TotalExecutionTime,6251.000714140999
