InputGenerationTime,0.27974674600409344
ProfilingTime,25.270064875949174
SimulationTime,22.424432854983024
FramaCExecutionTime,116.81609825900523
TotalExecutionTime,3755.0491796819842
