InputGenerationTime,0.08888787199975923
ProfilingTime,37.9959851540043
SimulationTime,26.963361707996228
FramaCExecutionTime,102.41301443899283
TotalExecutionTime,1073.1881480039883
