InputGenerationTime,0.21990838996134698
ProfilingTime,18.9254482279066
SimulationTime,8.206032342044637
FramaCExecutionTime,108.54226218396798
TotalExecutionTime,190.3947354090633
