InputGenerationTime,0.03647145791910589
ProfilingTime,19.68154828203842
SimulationTime,210.9799530460732
FramaCExecutionTime,90.35240423900541
TotalExecutionTime,3552.317338138935
