InputGenerationTime,0.08780007797759026
ProfilingTime,27.929968774027657
SimulationTime,15.596198133018333
FramaCExecutionTime,107.58787493401906
TotalExecutionTime,2944.9487255860004
