InputGenerationTime,0.0851615320007113
ProfilingTime,13.017970502000026
SimulationTime,9.384195868000461
FramaCExecutionTime,48.46413284600021
TotalExecutionTime,354.8265095839997
