InputGenerationTime,0.24341501500020968
ProfilingTime,23.97809312299796
SimulationTime,111.09577700099908
FramaCExecutionTime,95.7353067160002
TotalExecutionTime,8995.405037522003
