InputGenerationTime,0.28151840600185096
ProfilingTime,28.141002670978196
SimulationTime,22.060055273002945
FramaCExecutionTime,123.84468328399817
TotalExecutionTime,4693.777584891999
