InputGenerationTime,0.04487435601186007
ProfilingTime,19.68591399001889
SimulationTime,8.47056236595381
FramaCExecutionTime,89.0224654530175
TotalExecutionTime,1355.3058189199073
