InputGenerationTime,0.06595401199956541
ProfilingTime,16.586309637999875
SimulationTime,10.569503185999565
FramaCExecutionTime,58.418587621999905
TotalExecutionTime,1371.3491629010005
