InputGenerationTime,0.27974674600409344
ProfilingTime,21.31935376400361
SimulationTime,19.023388666973915
FramaCExecutionTime,116.81609825900523
TotalExecutionTime,3486.2499492259813
