InputGenerationTime,0.06233766500008642
ProfilingTime,12.374913438001386
SimulationTime,8.002624458000355
FramaCExecutionTime,47.2595315919998
TotalExecutionTime,886.4858262629996
