InputGenerationTime,0.03625350189395249
ProfilingTime,31.088486665161327
SimulationTime,45.066627100110054
FramaCExecutionTime,93.29361514700577
TotalExecutionTime,2513.5783984998707
