InputGenerationTime,0.04915673100913409
ProfilingTime,32.98515132300963
SimulationTime,16.509747017000336
FramaCExecutionTime,104.74350526298804
TotalExecutionTime,590.5634176109888
