InputGenerationTime,0.27328697097254917
ProfilingTime,24.1624534939765
SimulationTime,14.403468844015151
FramaCExecutionTime,120.04880065802718
TotalExecutionTime,3216.8966528009623
