InputGenerationTime,0.30700588898616843
ProfilingTime,27.872015706001548
SimulationTime,25.437073877023067
FramaCExecutionTime,126.14888849700219
TotalExecutionTime,5050.059507444996
