InputGenerationTime,0.3231512999627739
ProfilingTime,20.237384364008904
SimulationTime,210.63342560292222
FramaCExecutionTime,122.18468638905324
TotalExecutionTime,8272.922841185005
