InputGenerationTime,0.02531034300045576
ProfilingTime,10.768882805999965
SimulationTime,6.690403217999119
FramaCExecutionTime,42.76689746500051
TotalExecutionTime,893.4206291749997
