InputGenerationTime,0.07569622099981643
ProfilingTime,10.85925449699971
SimulationTime,6.365581837999343
FramaCExecutionTime,48.96770703600032
TotalExecutionTime,66.27037275899966
