InputGenerationTime,0.05124002699449193
ProfilingTime,36.10168276699551
SimulationTime,51.75966502100346
FramaCExecutionTime,104.36231635800505
TotalExecutionTime,5438.835828224008
