InputGenerationTime,0.0801443759992253
ProfilingTime,28.39742457200191
SimulationTime,14.290114613992046
FramaCExecutionTime,100.1416515919991
TotalExecutionTime,3046.4712000559957
