InputGenerationTime,0.0724836889994549
ProfilingTime,21.48007555699951
SimulationTime,215.25047987000016
FramaCExecutionTime,96.025370673
TotalExecutionTime,1513.1686124720009
