InputGenerationTime,0.04072097299649613
ProfilingTime,24.087069016000896
SimulationTime,15.661697100003948
FramaCExecutionTime,95.01072702199599
TotalExecutionTime,3395.7250817710046
