InputGenerationTime,0.23457185400184244
ProfilingTime,25.02500228298595
SimulationTime,51.18432931700954
FramaCExecutionTime,100.63616595900385
TotalExecutionTime,4048.4142363609863
