InputGenerationTime,0.0712742239702493
ProfilingTime,27.305321754014585
SimulationTime,17.868693997967057
FramaCExecutionTime,105.79948802501895
TotalExecutionTime,1787.2317035259912
