InputGenerationTime,0.06782107497565448
ProfilingTime,19.67402502708137
SimulationTime,19.680574557976797
FramaCExecutionTime,91.11508935387246
TotalExecutionTime,1778.811685273191
