InputGenerationTime,0.05246901400096249
ProfilingTime,27.241461276993505
SimulationTime,16.194404594003572
FramaCExecutionTime,99.9211063440016
TotalExecutionTime,3861.153454208994
