InputGenerationTime,0.2328068589558825
ProfilingTime,46.73232115490828
SimulationTime,23.827630585990846
FramaCExecutionTime,120.70834039303008
TotalExecutionTime,1051.0715281269513
