InputGenerationTime,0.2780745880008908
ProfilingTime,46.42258542899799
SimulationTime,46.41012481300277
FramaCExecutionTime,147.1211182670013
TotalExecutionTime,6535.744324763
