InputGenerationTime,0.2087663629790768
ProfilingTime,23.27203606197145
SimulationTime,15.688246048986912
FramaCExecutionTime,115.82717773900367
TotalExecutionTime,295.74347999703605
