InputGenerationTime,0.06472448515705764
ProfilingTime,18.312835938995704
SimulationTime,209.8203985770233
FramaCExecutionTime,89.01774519495666
TotalExecutionTime,545.0624041778501
