InputGenerationTime,0.08263851499941666
ProfilingTime,23.880553681010497
SimulationTime,16.200565652994555
FramaCExecutionTime,98.82215799900587
TotalExecutionTime,1746.0534415610018
