InputGenerationTime,0.03244398299830209
ProfilingTime,21.94512684699839
SimulationTime,214.51728442700005
FramaCExecutionTime,92.58095922599932
TotalExecutionTime,8026.899799486001
