InputGenerationTime,0.0791702719998284
ProfilingTime,10.351127951000308
SimulationTime,6.457309716999589
FramaCExecutionTime,50.45893695700033
TotalExecutionTime,751.6418877669985
