InputGenerationTime,0.23825610300991684
ProfilingTime,23.628817457007244
SimulationTime,241.506396124023
FramaCExecutionTime,125.86535251897294
TotalExecutionTime,18692.246257176972
