InputGenerationTime,0.26520692789927125
ProfilingTime,31.913991517969407
SimulationTime,13.667732939939015
FramaCExecutionTime,172.96581168298144
TotalExecutionTime,1880.3082531099208
