InputGenerationTime,0.5117717100074515
ProfilingTime,24.48637163103558
SimulationTime,47.5693158240756
FramaCExecutionTime,127.56641766999383
TotalExecutionTime,1020.3986890669912
