InputGenerationTime,0.05547416885383427
ProfilingTime,22.37535794591531
SimulationTime,13.925550234038383
FramaCExecutionTime,95.88349860697053
TotalExecutionTime,2074.638875403907
