InputGenerationTime,0.0675285549950786
ProfilingTime,26.786017555001308
SimulationTime,14.199980153993238
FramaCExecutionTime,100.22720573899278
TotalExecutionTime,1346.0694025929988
