InputGenerationTime,0.08614854200277478
ProfilingTime,27.171146993001457
SimulationTime,13.731655482028145
FramaCExecutionTime,108.25941041699843
TotalExecutionTime,3618.8196924530203
