InputGenerationTime,0.08706269499816699
ProfilingTime,43.85563961200023
SimulationTime,30.716530440000497
FramaCExecutionTime,108.95056382500115
TotalExecutionTime,5620.485519547001
