InputGenerationTime,0.04837128699728055
ProfilingTime,24.845999523997307
SimulationTime,11.814325908999308
FramaCExecutionTime,95.57277957100086
TotalExecutionTime,2570.140777126002
