InputGenerationTime,0.22495511300076032
ProfilingTime,28.29890542999783
SimulationTime,233.21530654000162
FramaCExecutionTime,129.21610248100114
TotalExecutionTime,14809.384207496001
