InputGenerationTime,0.08637258899398148
ProfilingTime,28.72335484699579
SimulationTime,14.750057920988183
FramaCExecutionTime,104.87469518801663
TotalExecutionTime,2923.20741265401
