InputGenerationTime,0.11109681602101773
ProfilingTime,20.727108368068002
SimulationTime,43.84512137097772
FramaCExecutionTime,95.02735664101783
TotalExecutionTime,4745.754464987083
