InputGenerationTime,0.19782912300433964
ProfilingTime,32.968753269989975
SimulationTime,12.238743128022179
FramaCExecutionTime,120.83434996008873
TotalExecutionTime,1655.3552020519273
