InputGenerationTime,0.06748960799995984
ProfilingTime,13.408204198998646
SimulationTime,7.397473230999822
FramaCExecutionTime,45.455020551000416
TotalExecutionTime,385.06409982199875
