InputGenerationTime,0.23457185400184244
ProfilingTime,25.593934919976164
SimulationTime,77.65497344499454
FramaCExecutionTime,100.63616595900385
TotalExecutionTime,3424.727392970992
