InputGenerationTime,0.22495511300076032
ProfilingTime,26.358153675999347
SimulationTime,234.96885233400099
FramaCExecutionTime,129.21610248100114
TotalExecutionTime,15590.787054200002
