InputGenerationTime,0.2537088650001351
ProfilingTime,28.908284611
SimulationTime,20.386269683000137
FramaCExecutionTime,127.66620908499999
TotalExecutionTime,1645.003442005
