InputGenerationTime,0.08706269499816699
ProfilingTime,34.41132851299699
SimulationTime,23.804389747998357
FramaCExecutionTime,108.95056382500115
TotalExecutionTime,5284.1419021149995
