InputGenerationTime,0.08297437703004107
ProfilingTime,25.324302468972746
SimulationTime,33.805186711018905
FramaCExecutionTime,103.6552166279871
TotalExecutionTime,3788.4020385729964
