InputGenerationTime,0.18582355696707964
ProfilingTime,21.025763640005607
SimulationTime,15.638749391015153
FramaCExecutionTime,131.82039032201283
TotalExecutionTime,2610.973628496984
