InputGenerationTime,0.2616646940005012
ProfilingTime,56.765676397997595
SimulationTime,43.50132890399982
FramaCExecutionTime,136.35455956900114
TotalExecutionTime,3495.1838973330014
