InputGenerationTime,0.36768036500143353
ProfilingTime,47.283325642005366
SimulationTime,27.592922809999436
FramaCExecutionTime,132.18089018899627
TotalExecutionTime,925.9172748060009
