InputGenerationTime,0.07626064800024324
ProfilingTime,16.223144907999995
SimulationTime,8.72329267600071
FramaCExecutionTime,59.88686160399993
TotalExecutionTime,429.31950297500043
