InputGenerationTime,0.11123362099897349
ProfilingTime,32.92467330499858
SimulationTime,19.317649822998646
FramaCExecutionTime,111.88471470699733
TotalExecutionTime,1614.7588187420006
