InputGenerationTime,0.18929134996142238
ProfilingTime,24.78214470896637
SimulationTime,220.1155262690154
FramaCExecutionTime,116.21079802402528
TotalExecutionTime,19700.694750191993
