InputGenerationTime,0.06306902691721916
ProfilingTime,21.555974652059376
SimulationTime,12.780533541925251
FramaCExecutionTime,93.3677042729687
TotalExecutionTime,1154.369017045945
