InputGenerationTime,0.28151840600185096
ProfilingTime,26.114185947051737
SimulationTime,21.249634895997588
FramaCExecutionTime,123.84468328399817
TotalExecutionTime,4549.156392986013
