InputGenerationTime,0.05547416885383427
ProfilingTime,29.636586953885853
SimulationTime,14.308022340061143
FramaCExecutionTime,95.88349860697053
TotalExecutionTime,1673.3648191180546
