InputGenerationTime,0.15126023499760777
ProfilingTime,21.49011022702325
SimulationTime,22.22098730801372
FramaCExecutionTime,114.47119204199407
TotalExecutionTime,1768.74728830799
