InputGenerationTime,0.07834984001237899
ProfilingTime,26.1930180680356
SimulationTime,16.65118138503749
FramaCExecutionTime,108.21301396400668
TotalExecutionTime,193.27069055603351
