InputGenerationTime,0.145248580025509
ProfilingTime,41.025468943000305
SimulationTime,95.80049802100984
FramaCExecutionTime,108.04990905203158
TotalExecutionTime,10632.925004291988
