InputGenerationTime,0.2537088650001351
ProfilingTime,28.082634625000082
SimulationTime,20.199309730000095
FramaCExecutionTime,127.66620908499999
TotalExecutionTime,2091.69806203
