InputGenerationTime,0.08321001699914632
ProfilingTime,34.46145584700025
SimulationTime,107.75934151000001
FramaCExecutionTime,108.04663024299953
TotalExecutionTime,3700.1140194189993
