InputGenerationTime,0.5459449000190943
ProfilingTime,30.49601270601852
SimulationTime,15.080172604997642
FramaCExecutionTime,142.59089715700247
TotalExecutionTime,2953.1563122489897
