InputGenerationTime,0.229954885027837
ProfilingTime,20.989592615049332
SimulationTime,14.836054536979645
FramaCExecutionTime,111.18525936000515
TotalExecutionTime,147.26681966497563
