InputGenerationTime,0.1973126189550385
ProfilingTime,45.4831329290173
SimulationTime,48.19101268099621
FramaCExecutionTime,110.4989025190007
TotalExecutionTime,2440.5124281269964
