InputGenerationTime,0.03624822100005076
ProfilingTime,26.322927714000116
SimulationTime,17.83595868799989
FramaCExecutionTime,107.40131508900004
TotalExecutionTime,360.7319656520001
