InputGenerationTime,0.04804642405360937
ProfilingTime,20.65016529604327
SimulationTime,11.291348290978931
FramaCExecutionTime,90.74596772296354
TotalExecutionTime,1571.1795729859732
