InputGenerationTime,0.05547416885383427
ProfilingTime,27.519180024042726
SimulationTime,14.677024984033778
FramaCExecutionTime,95.88349860697053
TotalExecutionTime,1336.0092716088984
