InputGenerationTime,0.03244398299830209
ProfilingTime,21.90423850800107
SimulationTime,214.21238900099888
FramaCExecutionTime,92.58095922599932
TotalExecutionTime,10188.216390045
