InputGenerationTime,0.3468931099996553
ProfilingTime,26.46667093400174
SimulationTime,17.872342811002454
FramaCExecutionTime,97.67858885599708
TotalExecutionTime,2682.096097126996
