InputGenerationTime,0.21389529504813254
ProfilingTime,31.636587801971473
SimulationTime,66.58177929196972
FramaCExecutionTime,119.5768579680007
TotalExecutionTime,2837.8866091680247
