InputGenerationTime,0.0791702719998284
ProfilingTime,9.92383679500017
SimulationTime,7.018060792001052
FramaCExecutionTime,50.45893695700033
TotalExecutionTime,596.5929981129993
