InputGenerationTime,0.24459180305711925
ProfilingTime,18.711786707048304
SimulationTime,8.284925031010062
FramaCExecutionTime,116.45146760297939
TotalExecutionTime,962.9912203570129
