InputGenerationTime,0.2565058240434155
ProfilingTime,21.899748083902523
SimulationTime,12.07731252699159
FramaCExecutionTime,113.66936873702798
TotalExecutionTime,1110.6927143739304
