InputGenerationTime,0.02880856700357981
ProfilingTime,14.243491587003518
SimulationTime,7.58653607800079
FramaCExecutionTime,49.60165912899538
TotalExecutionTime,1451.002167933002
