InputGenerationTime,0.08706269499816699
ProfilingTime,33.032925313000305
SimulationTime,23.04753880699718
FramaCExecutionTime,108.95056382500115
TotalExecutionTime,4471.507055198999
