InputGenerationTime,0.04072097299649613
ProfilingTime,24.689927581996017
SimulationTime,15.338871872001619
FramaCExecutionTime,95.01072702199599
TotalExecutionTime,3435.863172694004
