InputGenerationTime,0.11135036498308182
ProfilingTime,20.165604686946608
SimulationTime,17.675927561009303
FramaCExecutionTime,94.48343334102537
TotalExecutionTime,1930.669422924053
