InputGenerationTime,0.05441822297871113
ProfilingTime,26.87406183499843
SimulationTime,217.13457622518763
FramaCExecutionTime,93.7210614560172
TotalExecutionTime,2754.0663862267975
