InputGenerationTime,0.07863106299191713
ProfilingTime,26.03775813401444
SimulationTime,14.826863606984261
FramaCExecutionTime,106.38991733599687
TotalExecutionTime,4384.64601233101
