InputGenerationTime,0.05550380299973767
ProfilingTime,30.368420011000126
SimulationTime,14.175624198993319
FramaCExecutionTime,105.84851150700706
TotalExecutionTime,3024.7277048000105
