InputGenerationTime,0.2978791029963759
ProfilingTime,29.314108944003237
SimulationTime,20.127104309998685
FramaCExecutionTime,94.0850575910008
TotalExecutionTime,407.0040925619978
