InputGenerationTime,0.11135036498308182
ProfilingTime,23.456720268935896
SimulationTime,19.558277188101783
FramaCExecutionTime,94.48343334102537
TotalExecutionTime,1615.2648454540176
