InputGenerationTime,0.24733186499997828
ProfilingTime,29.603935802999786
SimulationTime,19.601024916999904
FramaCExecutionTime,124.64607925199971
TotalExecutionTime,3178.147928294
