InputGenerationTime,0.03413906300011149
ProfilingTime,21.438048397001694
SimulationTime,10.26300304400138
FramaCExecutionTime,92.74365047799984
TotalExecutionTime,14788.28980667
