InputGenerationTime,0.08053681813180447
ProfilingTime,40.67792804422788
SimulationTime,331.29482740187086
FramaCExecutionTime,106.81704033003189
TotalExecutionTime,31590.987755205133
