InputGenerationTime,0.3914520660182461
ProfilingTime,23.176150980987586
SimulationTime,11.783108012983575
FramaCExecutionTime,134.18783874309156
TotalExecutionTime,1203.8953246440506
