InputGenerationTime,0.06134531200223137
ProfilingTime,36.372707371992874
SimulationTime,24.050391008000588
FramaCExecutionTime,105.47228164300031
TotalExecutionTime,2583.412742706001
