InputGenerationTime,0.06883503001881763
ProfilingTime,28.263341393962037
SimulationTime,17.82188798900461
FramaCExecutionTime,106.64326668903232
TotalExecutionTime,1522.9230199580197
