InputGenerationTime,0.07480276003479958
ProfilingTime,19.592895661015064
SimulationTime,20.180827701929957
FramaCExecutionTime,92.13790134200826
TotalExecutionTime,880.8556811951566
