InputGenerationTime,0.17436641099993722
ProfilingTime,37.842013596999095
SimulationTime,113.2508316250005
FramaCExecutionTime,111.46580506899954
TotalExecutionTime,2189.4178825910003
