InputGenerationTime,0.2155678939889185
ProfilingTime,23.084849452017806
SimulationTime,11.942966873000842
FramaCExecutionTime,117.01473909697961
TotalExecutionTime,1237.8198622379568
