InputGenerationTime,0.22179850202519447
ProfilingTime,32.657652606023476
SimulationTime,59.85537425300572
FramaCExecutionTime,150.7494653709
TotalExecutionTime,3196.0170309379464
