InputGenerationTime,0.2087663629790768
ProfilingTime,22.524245074018836
SimulationTime,12.882674965076149
FramaCExecutionTime,115.82717773900367
TotalExecutionTime,221.3145414540777
