InputGenerationTime,0.06782107497565448
ProfilingTime,18.98619651608169
SimulationTime,17.742002443876117
FramaCExecutionTime,91.11508935387246
TotalExecutionTime,1620.4586177011952
