InputGenerationTime,0.20753930194769055
ProfilingTime,20.038030197029002
SimulationTime,221.91073935700115
FramaCExecutionTime,108.56039979495108
TotalExecutionTime,7830.665051101008
