InputGenerationTime,0.07569622099981643
ProfilingTime,10.813906454000062
SimulationTime,6.116138405000129
FramaCExecutionTime,48.96770703600032
TotalExecutionTime,513.1513072689995
