InputGenerationTime,0.24733186499997828
ProfilingTime,27.54610638000031
SimulationTime,19.568270515999757
FramaCExecutionTime,124.64607925199971
TotalExecutionTime,3706.438837437
