InputGenerationTime,0.1586757400073111
ProfilingTime,33.835026622982696
SimulationTime,83.53671538596973
FramaCExecutionTime,113.80346785899019
TotalExecutionTime,348.21213230403373
