InputGenerationTime,0.21722360595595092
ProfilingTime,48.52169075899292
SimulationTime,248.42075872898567
FramaCExecutionTime,123.38338132703211
TotalExecutionTime,10891.021895482903
