InputGenerationTime,0.09517260299617192
ProfilingTime,29.318953342000896
SimulationTime,21.330291951002437
FramaCExecutionTime,103.24005353699613
TotalExecutionTime,648.8705374429992
