InputGenerationTime,0.0712742239702493
ProfilingTime,28.3347793109715
SimulationTime,17.319196449010633
FramaCExecutionTime,105.79948802501895
TotalExecutionTime,1646.6991190519766
