InputGenerationTime,0.08321001699914632
ProfilingTime,35.147857609999846
SimulationTime,110.14733446199898
FramaCExecutionTime,108.04663024299953
TotalExecutionTime,6557.447940034999
