InputGenerationTime,0.2035223109414801
ProfilingTime,19.145004502031952
SimulationTime,705.7253160040127
FramaCExecutionTime,108.50297766900621
TotalExecutionTime,15426.28365378303
