InputGenerationTime,0.18582355696707964
ProfilingTime,22.261047084000893
SimulationTime,12.807071837014519
FramaCExecutionTime,131.82039032201283
TotalExecutionTime,2348.4547581420047
