InputGenerationTime,0.26157120897551067
ProfilingTime,27.799641512014205
SimulationTime,18.77481724199606
FramaCExecutionTime,121.93693389900727
TotalExecutionTime,2051.2574078159814
