InputGenerationTime,0.24175441300030798
ProfilingTime,32.70361581793986
SimulationTime,18.656707635032944
FramaCExecutionTime,151.40488299599383
TotalExecutionTime,2341.5420454340056
