InputGenerationTime,0.06716115004383028
ProfilingTime,18.714917826931924
SimulationTime,17.359138190047815
FramaCExecutionTime,91.8677742651198
TotalExecutionTime,235.69187274295837
