InputGenerationTime,0.2567060510045849
ProfilingTime,22.978007534002245
SimulationTime,106.72662813199713
FramaCExecutionTime,101.65106537199608
TotalExecutionTime,11243.641872812004
