InputGenerationTime,0.18785828900581691
ProfilingTime,50.3248185729899
SimulationTime,32.99986604999867
FramaCExecutionTime,130.39241952699376
TotalExecutionTime,630.9626903129974
