InputGenerationTime,0.13892562800174346
ProfilingTime,40.29204273099458
SimulationTime,26.632587486004923
FramaCExecutionTime,111.13148282000111
TotalExecutionTime,1273.9518715740014
