InputGenerationTime,0.2328068589558825
ProfilingTime,33.32067764608655
SimulationTime,11.794036263017915
FramaCExecutionTime,120.70834039303008
TotalExecutionTime,166.0584885829594
