InputGenerationTime,0.05246901400096249
ProfilingTime,27.059088929992868
SimulationTime,12.543677453999408
FramaCExecutionTime,99.9211063440016
TotalExecutionTime,3646.4598695919994
