InputGenerationTime,0.18929134996142238
ProfilingTime,20.217555259005167
SimulationTime,209.00775569898542
FramaCExecutionTime,116.21079802402528
TotalExecutionTime,21410.944511284993
