InputGenerationTime,0.08263851499941666
ProfilingTime,25.080541304007056
SimulationTime,16.192620148009155
FramaCExecutionTime,98.82215799900587
TotalExecutionTime,1664.3402597419918
