InputGenerationTime,0.24341501500020968
ProfilingTime,25.557941945000493
SimulationTime,108.2445073340059
FramaCExecutionTime,95.7353067160002
TotalExecutionTime,8282.460600442006
