InputGenerationTime,0.19766114899903187
ProfilingTime,23.94183743800022
SimulationTime,21.999319805003324
FramaCExecutionTime,120.10270344499804
TotalExecutionTime,1125.8588389409997
