InputGenerationTime,0.03624822100005076
ProfilingTime,24.422259881999935
SimulationTime,16.08925241199995
FramaCExecutionTime,107.40131508900004
TotalExecutionTime,604.5253913420001
