InputGenerationTime,0.146842653004569
ProfilingTime,27.26505380999879
SimulationTime,20.206748602002335
FramaCExecutionTime,89.65716592899844
TotalExecutionTime,776.260102182001
