InputGenerationTime,0.23457185400184244
ProfilingTime,24.827021445031278
SimulationTime,49.46500455401838
FramaCExecutionTime,100.63616595900385
TotalExecutionTime,4233.4069691519835
