InputGenerationTime,0.06306902691721916
ProfilingTime,20.974686075001955
SimulationTime,13.009725420968607
FramaCExecutionTime,93.3677042729687
TotalExecutionTime,1553.49107550201
