InputGenerationTime,0.2537088650001351
ProfilingTime,31.169975398000133
SimulationTime,20.63748427099972
FramaCExecutionTime,127.66620908499999
TotalExecutionTime,1896.157657807
