InputGenerationTime,0.20294841800205177
ProfilingTime,40.279782879995764
SimulationTime,27.335328507004306
FramaCExecutionTime,122.89071526799671
TotalExecutionTime,2154.773530579998
