InputGenerationTime,0.0869224370107986
ProfilingTime,25.642607457004488
SimulationTime,17.3823069880018
FramaCExecutionTime,107.27235301001929
TotalExecutionTime,2890.5661130180233
