InputGenerationTime,0.05632666900055483
ProfilingTime,30.23156027799996
SimulationTime,18.989449080007034
FramaCExecutionTime,103.49272005399689
TotalExecutionTime,1588.5438537080045
