InputGenerationTime,0.20462099200085504
ProfilingTime,25.330023884002003
SimulationTime,19.79289300000164
FramaCExecutionTime,119.80521449099979
TotalExecutionTime,1520.7431453569989
