InputGenerationTime,0.23651412897743285
ProfilingTime,23.171812076936476
SimulationTime,12.7351376300212
FramaCExecutionTime,114.27070531004574
TotalExecutionTime,504.1939877009718
