InputGenerationTime,0.15557446299999356
ProfilingTime,37.51287531300022
SimulationTime,22.83149745999981
FramaCExecutionTime,114.42043770899954
TotalExecutionTime,3597.233220505
