InputGenerationTime,0.20075722900219262
ProfilingTime,26.867154815990943
SimulationTime,12.923399047052953
FramaCExecutionTime,120.85969471401768
TotalExecutionTime,16961.19313525298
