InputGenerationTime,0.08888787199975923
ProfilingTime,36.943954745001975
SimulationTime,19.53780589500093
FramaCExecutionTime,102.41301443899283
TotalExecutionTime,824.9648013629921
