InputGenerationTime,0.3231512999627739
ProfilingTime,19.772825925028883
SimulationTime,211.41996391909197
FramaCExecutionTime,122.18468638905324
TotalExecutionTime,5895.679457312101
