InputGenerationTime,0.08888787199975923
ProfilingTime,35.62119548198825
SimulationTime,18.321213723000255
FramaCExecutionTime,102.41301443899283
TotalExecutionTime,205.53831062799145
