InputGenerationTime,0.05974107002839446
ProfilingTime,22.472114634001628
SimulationTime,8.6396067480091
FramaCExecutionTime,94.46663717599586
TotalExecutionTime,220.76204945798963
