InputGenerationTime,0.20043562108185142
ProfilingTime,18.453463005949743
SimulationTime,28.63203383598011
FramaCExecutionTime,106.11862533399835
TotalExecutionTime,1194.0395903280005
