InputGenerationTime,0.07480276003479958
ProfilingTime,18.770997272105888
SimulationTime,18.37734920089133
FramaCExecutionTime,92.13790134200826
TotalExecutionTime,129.37747605517507
