InputGenerationTime,0.22147605799546
ProfilingTime,54.258580871995946
SimulationTime,35.22217439400265
FramaCExecutionTime,139.0204824370012
TotalExecutionTime,5542.522855966003
