InputGenerationTime,0.0652667719987221
ProfilingTime,27.655461916991044
SimulationTime,21.722018912958447
FramaCExecutionTime,107.56037442997331
TotalExecutionTime,4013.135059079039
