InputGenerationTime,0.0626839460019255
ProfilingTime,30.41776802900131
SimulationTime,13.004777009002282
FramaCExecutionTime,104.38985318000778
TotalExecutionTime,4024.071993749996
