InputGenerationTime,0.0712742239702493
ProfilingTime,27.52833208598895
SimulationTime,17.84922374499729
FramaCExecutionTime,105.79948802501895
TotalExecutionTime,1832.7044011959806
