InputGenerationTime,0.2250435840105638
ProfilingTime,24.41460045101121
SimulationTime,212.584560201969
FramaCExecutionTime,112.19995585503057
TotalExecutionTime,2448.1224486840656
