InputGenerationTime,0.2941565380024258
ProfilingTime,31.674240352003835
SimulationTime,19.936772513989126
FramaCExecutionTime,119.22128029901069
TotalExecutionTime,3111.278587866982
