InputGenerationTime,0.04965436900238274
ProfilingTime,22.842058461996203
SimulationTime,217.96197639499587
FramaCExecutionTime,96.85920009500114
TotalExecutionTime,21186.225336085
