InputGenerationTime,0.08069608799996786
ProfilingTime,31.813326609000796
SimulationTime,16.89326340399566
FramaCExecutionTime,106.32470165600535
TotalExecutionTime,4437.259807737006
