InputGenerationTime,0.2754530660167802
ProfilingTime,36.21115456201369
SimulationTime,19.787717222003266
FramaCExecutionTime,142.3172453920124
TotalExecutionTime,4317.936962482025
