InputGenerationTime,0.13892562800174346
ProfilingTime,40.40377715000068
SimulationTime,27.16742032199545
FramaCExecutionTime,111.13148282000111
TotalExecutionTime,1206.9467496909965
