InputGenerationTime,0.04533246399660129
ProfilingTime,35.00048295299348
SimulationTime,236.28443177600275
FramaCExecutionTime,102.04172662799829
TotalExecutionTime,13518.497361204005
