InputGenerationTime,0.04837128699728055
ProfilingTime,24.544628243998886
SimulationTime,9.662772834999487
FramaCExecutionTime,95.57277957100086
TotalExecutionTime,2054.3507224830028
