InputGenerationTime,0.26684155499970075
ProfilingTime,23.558029896004882
SimulationTime,106.90259904500272
FramaCExecutionTime,94.79318434699962
TotalExecutionTime,2814.5999416150007
