InputGenerationTime,0.10097159299766645
ProfilingTime,31.768953136983328
SimulationTime,195.23574554099469
FramaCExecutionTime,110.10803324502194
TotalExecutionTime,23985.18311988702
