InputGenerationTime,0.03244398299830209
ProfilingTime,20.39937785999973
SimulationTime,215.6334728260008
FramaCExecutionTime,92.58095922599932
TotalExecutionTime,5897.940293884
