InputGenerationTime,0.11488254508003592
ProfilingTime,31.28766843501944
SimulationTime,27.837418748997152
FramaCExecutionTime,134.28010943497065
TotalExecutionTime,3051.3870924870716
