InputGenerationTime,0.2852700619987445
ProfilingTime,39.23889765200147
SimulationTime,27.419265421995078
FramaCExecutionTime,121.69274858300196
TotalExecutionTime,6061.390397042003
