InputGenerationTime,0.17901038100171718
ProfilingTime,35.928749672002596
SimulationTime,20.807940547001635
FramaCExecutionTime,117.9092438819971
TotalExecutionTime,3252.7456822540007
