InputGenerationTime,0.22577400295995176
ProfilingTime,19.699671768932603
SimulationTime,40.65149284002837
FramaCExecutionTime,109.5923128289869
TotalExecutionTime,2537.2462354800664
