InputGenerationTime,0.03794739185832441
ProfilingTime,20.350218611070886
SimulationTime,10.195749157108366
FramaCExecutionTime,90.95548496907577
TotalExecutionTime,773.5148885408416
