InputGenerationTime,0.08069608799996786
ProfilingTime,34.078043750996585
SimulationTime,14.189163957998971
FramaCExecutionTime,106.32470165600535
TotalExecutionTime,4296.482605480996
