InputGenerationTime,0.2641803329997856
ProfilingTime,26.749737760001153
SimulationTime,232.46311675799916
FramaCExecutionTime,119.66695576599977
TotalExecutionTime,3787.971552109001
