InputGenerationTime,0.03413906300011149
ProfilingTime,21.13470082099957
SimulationTime,215.56594991699967
FramaCExecutionTime,92.74365047799984
TotalExecutionTime,12160.947122766
