InputGenerationTime,0.2567060510045849
ProfilingTime,25.275963762003812
SimulationTime,110.22734928600403
FramaCExecutionTime,101.65106537199608
TotalExecutionTime,12238.779673469006
