InputGenerationTime,0.07135240799834719
ProfilingTime,25.47897032000037
SimulationTime,14.237232316998416
FramaCExecutionTime,96.4827041699973
TotalExecutionTime,822.4277125030058
