InputGenerationTime,0.18076778999966336
ProfilingTime,39.05333121000149
SimulationTime,22.869653149999067
FramaCExecutionTime,117.59281498999917
TotalExecutionTime,5015.196046053999
