InputGenerationTime,0.11390176499844529
ProfilingTime,40.785533594997105
SimulationTime,22.1038218720023
FramaCExecutionTime,109.5342480060026
TotalExecutionTime,4255.327500913001
