InputGenerationTime,0.5249734570097644
ProfilingTime,31.55701918900013
SimulationTime,16.650773736997508
FramaCExecutionTime,148.15377748798346
TotalExecutionTime,4230.837669744011
