InputGenerationTime,0.38357829499727814
ProfilingTime,25.79440833899571
SimulationTime,20.91551668199827
FramaCExecutionTime,101.32164939100039
TotalExecutionTime,4663.712604789995
