InputGenerationTime,0.24733186499997828
ProfilingTime,25.158131679999315
SimulationTime,17.566226832999746
FramaCExecutionTime,124.64607925199971
TotalExecutionTime,3749.3003548879997
