InputGenerationTime,0.19782912300433964
ProfilingTime,39.602714571985416
SimulationTime,18.125838448060676
FramaCExecutionTime,120.83434996008873
TotalExecutionTime,2204.225364412996
