InputGenerationTime,0.02880856700357981
ProfilingTime,20.48744439300208
SimulationTime,11.27120215100149
FramaCExecutionTime,49.60165912899538
TotalExecutionTime,1116.7125936919983
