InputGenerationTime,0.09243679200005772
ProfilingTime,40.74382030700008
SimulationTime,24.23341040899959
FramaCExecutionTime,140.29446766800004
TotalExecutionTime,1265.272758687
