InputGenerationTime,0.26684155499970075
ProfilingTime,22.78284526999778
SimulationTime,105.95474734099844
FramaCExecutionTime,94.79318434699962
TotalExecutionTime,352.372747884001
