InputGenerationTime,0.04837128699728055
ProfilingTime,24.42318262000117
SimulationTime,11.975576089997048
FramaCExecutionTime,95.57277957100086
TotalExecutionTime,2163.7446284319994
