InputGenerationTime,0.09055162998265587
ProfilingTime,19.12680536499829
SimulationTime,17.81016423201072
FramaCExecutionTime,95.32764521898935
TotalExecutionTime,132.36846138499095
