InputGenerationTime,0.229954885027837
ProfilingTime,26.906057309999596
SimulationTime,19.029569905949757
FramaCExecutionTime,111.18525936000515
TotalExecutionTime,856.6581303169951
