InputGenerationTime,0.2754530660167802
ProfilingTime,37.036948571010726
SimulationTime,18.100298219011165
FramaCExecutionTime,142.3172453920124
TotalExecutionTime,5157.9069015850255
