InputGenerationTime,0.18582355696707964
ProfilingTime,20.305884669010993
SimulationTime,17.404245064011775
FramaCExecutionTime,131.82039032201283
TotalExecutionTime,3214.3328846399672
