InputGenerationTime,0.06233766500008642
ProfilingTime,12.216414919999806
SimulationTime,7.769620773999122
FramaCExecutionTime,47.2595315919998
TotalExecutionTime,926.2277714580005
