InputGenerationTime,0.2155678939889185
ProfilingTime,21.36568209104007
SimulationTime,12.296964979032055
FramaCExecutionTime,117.01473909697961
TotalExecutionTime,1347.5097782529774
