InputGenerationTime,0.06595401199956541
ProfilingTime,14.767090268000175
SimulationTime,7.3349878230001195
FramaCExecutionTime,58.418587621999905
TotalExecutionTime,1424.3104246910007
