InputGenerationTime,0.26520692789927125
ProfilingTime,29.906972635071725
SimulationTime,11.001453569973819
FramaCExecutionTime,172.96581168298144
TotalExecutionTime,2886.2595157409087
