InputGenerationTime,0.04837128699728055
ProfilingTime,24.82194446399808
SimulationTime,12.855029585996817
FramaCExecutionTime,95.57277957100086
TotalExecutionTime,2681.4712504890012
