InputGenerationTime,0.22197016500285827
ProfilingTime,27.645215174008626
SimulationTime,22.47323060000781
FramaCExecutionTime,102.733615930003
TotalExecutionTime,4807.423559108007
