InputGenerationTime,0.07834984001237899
ProfilingTime,28.645036881964188
SimulationTime,18.69877383898711
FramaCExecutionTime,108.21301396400668
TotalExecutionTime,418.94765823404305
