InputGenerationTime,0.06989308199990774
ProfilingTime,22.286081820995605
SimulationTime,14.478858875001606
FramaCExecutionTime,94.03919311700156
TotalExecutionTime,1241.018174384997
