InputGenerationTime,0.21389529504813254
ProfilingTime,23.875751573010348
SimulationTime,59.531684471992776
FramaCExecutionTime,119.5768579680007
TotalExecutionTime,3182.473258306971
