InputGenerationTime,0.07863106299191713
ProfilingTime,29.17907929600915
SimulationTime,16.38408745697234
FramaCExecutionTime,106.38991733599687
TotalExecutionTime,4115.443909535999
