InputGenerationTime,0.1216452280023077
ProfilingTime,33.09964954899988
SimulationTime,16.889725879998878
FramaCExecutionTime,109.55363374899753
TotalExecutionTime,1438.879048794999
