InputGenerationTime,0.2916732019511983
ProfilingTime,25.96317425603047
SimulationTime,19.511234005971346
FramaCExecutionTime,121.73228721501073
TotalExecutionTime,2811.974098190025
