InputGenerationTime,0.11109681602101773
ProfilingTime,18.80044204404112
SimulationTime,43.877089153043926
FramaCExecutionTime,95.02735664101783
TotalExecutionTime,3405.294670460047
