InputGenerationTime,0.19099381403066218
ProfilingTime,37.115855415933765
SimulationTime,221.40516501606908
FramaCExecutionTime,148.47174196795095
TotalExecutionTime,1894.359670386999
