InputGenerationTime,0.2554458619997604
ProfilingTime,29.08182160599972
SimulationTime,229.8031865640005
FramaCExecutionTime,133.5833892849987
TotalExecutionTime,22846.901259684
