InputGenerationTime,0.04619556199759245
ProfilingTime,25.26423294801498
SimulationTime,231.97828946402296
FramaCExecutionTime,102.9426576619735
TotalExecutionTime,6992.3178743720055
