InputGenerationTime,0.22147605799546
ProfilingTime,41.84663340199768
SimulationTime,30.95021469000494
FramaCExecutionTime,139.0204824370012
TotalExecutionTime,5694.742969788997
