InputGenerationTime,0.1322396129999106
ProfilingTime,11.821520469999996
SimulationTime,9.471756040999935
FramaCExecutionTime,55.91579891600031
TotalExecutionTime,325.489477694
