InputGenerationTime,0.3343403210164979
ProfilingTime,20.53688475198578
SimulationTime,9.015312425093725
FramaCExecutionTime,124.28450092894491
TotalExecutionTime,582.741741845035
