InputGenerationTime,0.11488254508003592
ProfilingTime,37.803500877926126
SimulationTime,28.443706434918568
FramaCExecutionTime,134.28010943497065
TotalExecutionTime,2992.212413759087
