InputGenerationTime,0.3489217610040214
ProfilingTime,26.252107710002747
SimulationTime,20.416453649995674
FramaCExecutionTime,101.74599396999838
TotalExecutionTime,2141.1336216369964
