InputGenerationTime,0.23457185400184244
ProfilingTime,25.241023759008385
SimulationTime,77.88113485195208
FramaCExecutionTime,100.63616595900385
TotalExecutionTime,3711.8531063200207
