InputGenerationTime,0.06883503001881763
ProfilingTime,27.894085868960246
SimulationTime,18.26808686001459
FramaCExecutionTime,106.64326668903232
TotalExecutionTime,2165.364388426009
