InputGenerationTime,0.2518795130017679
ProfilingTime,36.03883622799185
SimulationTime,17.722445474995766
FramaCExecutionTime,128.72929689101875
TotalExecutionTime,1968.8996721190051
