InputGenerationTime,0.5249734570097644
ProfilingTime,36.32564982800977
SimulationTime,26.036802998976782
FramaCExecutionTime,148.15377748798346
TotalExecutionTime,4718.902675302001
