InputGenerationTime,0.11123362099897349
ProfilingTime,35.5319325499986
SimulationTime,19.547676404999947
FramaCExecutionTime,111.88471470699733
TotalExecutionTime,2765.111260472
