InputGenerationTime,0.26684155499970075
ProfilingTime,26.860036817000946
SimulationTime,110.92503705899435
FramaCExecutionTime,94.79318434699962
TotalExecutionTime,2095.179244910003
