InputGenerationTime,0.06989308199990774
ProfilingTime,24.31355753200478
SimulationTime,14.9933258509991
FramaCExecutionTime,94.03919311700156
TotalExecutionTime,1556.7683112349987
