InputGenerationTime,0.0566682789940387
ProfilingTime,25.831802028988022
SimulationTime,11.638805360998958
FramaCExecutionTime,99.10822514499887
TotalExecutionTime,2600.046218573996
