InputGenerationTime,0.22719534100178862
ProfilingTime,41.91944653799874
SimulationTime,255.42696713099576
FramaCExecutionTime,129.50138765100564
TotalExecutionTime,1281.097435288997
