InputGenerationTime,0.05724849900070694
ProfilingTime,21.14664056300171
SimulationTime,12.125296206999337
FramaCExecutionTime,97.37556695500098
TotalExecutionTime,130.73691712900109
