InputGenerationTime,0.12488321099954192
ProfilingTime,29.975719905000005
SimulationTime,20.010198428004514
FramaCExecutionTime,88.36304531300266
TotalExecutionTime,2946.3514325470023
