InputGenerationTime,0.2698664650088176
ProfilingTime,32.36560354789253
SimulationTime,13.053813242004253
FramaCExecutionTime,179.84466144593898
TotalExecutionTime,1421.729044200969
