InputGenerationTime,0.07626064800024324
ProfilingTime,16.069280818999687
SimulationTime,12.691753988000528
FramaCExecutionTime,59.88686160399993
TotalExecutionTime,637.7199546770007
