InputGenerationTime,0.0497497089963872
ProfilingTime,31.14283202799561
SimulationTime,223.7895735619968
FramaCExecutionTime,106.16062168798817
TotalExecutionTime,870.8980840720033
