InputGenerationTime,0.06933283800026402
ProfilingTime,27.58566076599527
SimulationTime,18.585245951951947
FramaCExecutionTime,104.76876791298855
TotalExecutionTime,3312.686721407983
