InputGenerationTime,0.1586757400073111
ProfilingTime,47.783743378997315
SimulationTime,95.96141943195835
FramaCExecutionTime,113.80346785899019
TotalExecutionTime,2885.8795509440242
