InputGenerationTime,0.2450625509954989
ProfilingTime,26.65242285100976
SimulationTime,19.965948532975744
FramaCExecutionTime,119.58020104799652
TotalExecutionTime,2241.635038910026
