InputGenerationTime,0.2852700619987445
ProfilingTime,38.36349726199842
SimulationTime,25.438910422002664
FramaCExecutionTime,121.69274858300196
TotalExecutionTime,5729.754616119
