InputGenerationTime,0.2014430370181799
ProfilingTime,21.529272209038027
SimulationTime,18.67691741103772
FramaCExecutionTime,128.44977176899556
TotalExecutionTime,1702.2311930040014
