InputGenerationTime,0.2087663629790768
ProfilingTime,27.508596705971286
SimulationTime,15.856636810931377
FramaCExecutionTime,115.82717773900367
TotalExecutionTime,987.6739366269903
