InputGenerationTime,0.04074582800240023
ProfilingTime,24.755804027998238
SimulationTime,11.125080312998762
FramaCExecutionTime,95.56120953299978
TotalExecutionTime,1786.8642151370004
