InputGenerationTime,0.5125337750068866
ProfilingTime,31.09311253199121
SimulationTime,15.197733313019853
FramaCExecutionTime,149.69917792000342
TotalExecutionTime,4049.77740286701
