InputGenerationTime,0.31785363605013117
ProfilingTime,25.126818769960664
SimulationTime,18.975870736991055
FramaCExecutionTime,117.68211280897958
TotalExecutionTime,1177.6495846310281
