InputGenerationTime,0.21990838996134698
ProfilingTime,20.295595271978527
SimulationTime,8.885343673056923
FramaCExecutionTime,108.54226218396798
TotalExecutionTime,304.0140195880085
