InputGenerationTime,0.2616646940005012
ProfilingTime,38.82755216299847
SimulationTime,28.4575383420015
FramaCExecutionTime,136.35455956900114
TotalExecutionTime,3906.6474485630024
