InputGenerationTime,0.05552351800724864
ProfilingTime,27.91586917800305
SimulationTime,224.63518656700035
FramaCExecutionTime,105.23009136799374
TotalExecutionTime,19014.371541675006
