InputGenerationTime,0.2780745880008908
ProfilingTime,59.54310895200615
SimulationTime,47.5475271030009
FramaCExecutionTime,147.1211182670013
TotalExecutionTime,7299.245378608997
