InputGenerationTime,0.2937192200042773
ProfilingTime,35.08502322999993
SimulationTime,16.50627417699434
FramaCExecutionTime,131.4051270929922
TotalExecutionTime,2949.642781775008
