InputGenerationTime,0.1586757400073111
ProfilingTime,39.52176637301454
SimulationTime,186.58304424100788
FramaCExecutionTime,113.80346785899019
TotalExecutionTime,1012.4156245390186
