InputGenerationTime,0.20043562108185142
ProfilingTime,20.43577992694918
SimulationTime,27.30183102597948
FramaCExecutionTime,106.11862533399835
TotalExecutionTime,431.84535437100567
