InputGenerationTime,0.08706269499816699
ProfilingTime,40.08315062500333
SimulationTime,30.849842429997807
FramaCExecutionTime,108.95056382500115
TotalExecutionTime,5497.895777631002
