InputGenerationTime,0.11737045999325346
ProfilingTime,42.64017792401137
SimulationTime,27.38461958798871
FramaCExecutionTime,130.64505490900774
TotalExecutionTime,4762.983595345999
