InputGenerationTime,0.03413906300011149
ProfilingTime,20.304534327999136
SimulationTime,214.75757851300295
FramaCExecutionTime,92.74365047799984
TotalExecutionTime,15259.620575141002
