InputGenerationTime,0.0626839460019255
ProfilingTime,31.464566248003393
SimulationTime,14.903934348010807
FramaCExecutionTime,104.38985318000778
TotalExecutionTime,4113.959037790002
