InputGenerationTime,0.15126023499760777
ProfilingTime,26.324633708049078
SimulationTime,23.803820775996428
FramaCExecutionTime,114.47119204199407
TotalExecutionTime,1678.6824404150248
