InputGenerationTime,0.05724849900070694
ProfilingTime,26.526383436001197
SimulationTime,12.690872807997948
FramaCExecutionTime,97.37556695500098
TotalExecutionTime,546.2904931200028
