InputGenerationTime,0.08587797201471403
ProfilingTime,45.92784829199081
SimulationTime,81.70384792995173
FramaCExecutionTime,105.58347059699008
TotalExecutionTime,29551.44657917501
