InputGenerationTime,0.06825365099984992
ProfilingTime,23.92396096099992
SimulationTime,15.814398784000332
FramaCExecutionTime,96.30293493099998
TotalExecutionTime,1698.3101862629999
