InputGenerationTime,0.12260364304529503
ProfilingTime,24.850636996969115
SimulationTime,23.25351148605114
FramaCExecutionTime,105.3618222590303
TotalExecutionTime,2662.7620161629748
