InputGenerationTime,0.06828528999994887
ProfilingTime,23.325861737000196
SimulationTime,16.38007890500012
FramaCExecutionTime,95.84660604099963
TotalExecutionTime,2420.909676798
