InputGenerationTime,0.03647145791910589
ProfilingTime,19.656130213988945
SimulationTime,212.01360158296302
FramaCExecutionTime,90.35240423900541
TotalExecutionTime,3784.032395860995
