InputGenerationTime,0.0497497089963872
ProfilingTime,39.8599272499996
SimulationTime,240.74690573799307
FramaCExecutionTime,106.16062168798817
TotalExecutionTime,3255.5762199869932
