InputGenerationTime,0.05547416885383427
ProfilingTime,27.644226835109293
SimulationTime,15.679623144911602
FramaCExecutionTime,95.88349860697053
TotalExecutionTime,1293.729298040038
