InputGenerationTime,0.146842653004569
ProfilingTime,25.035487144996296
SimulationTime,17.072865973997978
FramaCExecutionTime,89.65716592899844
TotalExecutionTime,445.4301670440036
