InputGenerationTime,0.0566682789940387
ProfilingTime,26.74360289699689
SimulationTime,13.729746360011632
FramaCExecutionTime,99.10822514499887
TotalExecutionTime,2284.805423431004
