InputGenerationTime,0.02344999100023415
ProfilingTime,11.698361122998904
SimulationTime,7.59018176400059
FramaCExecutionTime,44.093769834998966
TotalExecutionTime,702.473260024999
