InputGenerationTime,0.46168155898340046
ProfilingTime,23.172710311017
SimulationTime,20.248476225999184
FramaCExecutionTime,128.98384912509937
TotalExecutionTime,1865.01311651594
