InputGenerationTime,0.04965436900238274
ProfilingTime,23.568844004999846
SimulationTime,219.19119599999976
FramaCExecutionTime,96.85920009500114
TotalExecutionTime,18980.261437872003
