InputGenerationTime,0.0566682789940387
ProfilingTime,26.77625450301275
SimulationTime,13.876348587989924
FramaCExecutionTime,99.10822514499887
TotalExecutionTime,2325.6151805580084
