InputGenerationTime,0.05953637699712999
ProfilingTime,24.748073471993848
SimulationTime,16.31463991200144
FramaCExecutionTime,106.16420628500055
TotalExecutionTime,634.9087637560006
