InputGenerationTime,0.0724836889994549
ProfilingTime,21.02938370999982
SimulationTime,215.2402183189988
FramaCExecutionTime,96.025370673
TotalExecutionTime,4625.980838847
