InputGenerationTime,0.15557446299999356
ProfilingTime,38.79953393199958
SimulationTime,23.998502101999293
FramaCExecutionTime,114.42043770899954
TotalExecutionTime,4197.020895160001
