InputGenerationTime,0.2893862620694563
ProfilingTime,24.562703319941647
SimulationTime,12.81639670196455
FramaCExecutionTime,117.19879986299202
TotalExecutionTime,1397.2355074769584
