InputGenerationTime,0.08587797201471403
ProfilingTime,31.46234559098957
SimulationTime,66.75822029798292
FramaCExecutionTime,105.58347059699008
TotalExecutionTime,29085.50520770502
