InputGenerationTime,0.2937192200042773
ProfilingTime,34.821476829005405
SimulationTime,17.63329791801516
FramaCExecutionTime,131.4051270929922
TotalExecutionTime,3683.6547035890108
