InputGenerationTime,0.36768036500143353
ProfilingTime,42.80331762300193
SimulationTime,25.275869597004203
FramaCExecutionTime,132.18089018899627
TotalExecutionTime,464.37448592099827
