InputGenerationTime,0.03560964995995164
ProfilingTime,19.199221416027285
SimulationTime,32.84057889797259
FramaCExecutionTime,89.09152986505069
TotalExecutionTime,1968.8962764060125
