InputGenerationTime,0.2754530660167802
ProfilingTime,34.978958152001724
SimulationTime,19.829871321999235
FramaCExecutionTime,142.3172453920124
TotalExecutionTime,4844.562791184027
