InputGenerationTime,0.06134430388920009
ProfilingTime,25.749984828056768
SimulationTime,15.864776288159192
FramaCExecutionTime,95.81497655203566
TotalExecutionTime,1541.7018515749369
