InputGenerationTime,0.19021941302344203
ProfilingTime,26.053157453017775
SimulationTime,216.10310689301696
FramaCExecutionTime,113.54233702400234
TotalExecutionTime,7084.338844192971
