InputGenerationTime,0.06559167301747948
ProfilingTime,28.268744164030068
SimulationTime,15.241076909005642
FramaCExecutionTime,104.80555936798919
TotalExecutionTime,662.5168284730171
