InputGenerationTime,0.15557446299999356
ProfilingTime,33.36344926899983
SimulationTime,20.819829189000302
FramaCExecutionTime,114.42043770899954
TotalExecutionTime,3365.4322581989995
