InputGenerationTime,0.11737045999325346
ProfilingTime,61.12899482900684
SimulationTime,39.67455558099027
FramaCExecutionTime,130.64505490900774
TotalExecutionTime,6534.741305894
