InputGenerationTime,0.11135036498308182
ProfilingTime,21.556895877001807
SimulationTime,19.12600486096926
FramaCExecutionTime,94.48343334102537
TotalExecutionTime,1693.692150454037
