InputGenerationTime,0.04619556199759245
ProfilingTime,24.774049955012742
SimulationTime,231.11528737295885
FramaCExecutionTime,102.9426576619735
TotalExecutionTime,6216.894192353007
