InputGenerationTime,0.06134531200223137
ProfilingTime,34.99484584800666
SimulationTime,17.305771455008653
FramaCExecutionTime,105.47228164300031
TotalExecutionTime,1635.340702166999
