InputGenerationTime,0.36768036500143353
ProfilingTime,41.65362908299721
SimulationTime,24.350670962994627
FramaCExecutionTime,132.18089018899627
TotalExecutionTime,992.0712105700004
