InputGenerationTime,0.30700588898616843
ProfilingTime,28.266920925991144
SimulationTime,23.583049851993565
FramaCExecutionTime,126.14888849700219
TotalExecutionTime,4274.886506811978
