InputGenerationTime,0.07921701300074346
ProfilingTime,38.82116875500651
SimulationTime,21.704101074006758
FramaCExecutionTime,105.26931427200907
TotalExecutionTime,4160.965228319998
