InputGenerationTime,0.05441822297871113
ProfilingTime,21.33211183710955
SimulationTime,212.51534691103734
FramaCExecutionTime,93.7210614560172
TotalExecutionTime,5520.594289647881
