InputGenerationTime,0.22577400295995176
ProfilingTime,20.164871647953987
SimulationTime,41.92960230598692
FramaCExecutionTime,109.5923128289869
TotalExecutionTime,1723.261716287001
