InputGenerationTime,0.08321001699914632
ProfilingTime,35.20515135400092
SimulationTime,106.83051612999952
FramaCExecutionTime,108.04663024299953
TotalExecutionTime,3842.2212598080005
