InputGenerationTime,0.27715257002273574
ProfilingTime,31.092486506007845
SimulationTime,19.619423455995275
FramaCExecutionTime,128.3411734039837
TotalExecutionTime,4096.780676815979
