InputGenerationTime,0.07626064800024324
ProfilingTime,18.618604154999957
SimulationTime,10.836101531000168
FramaCExecutionTime,59.88686160399993
TotalExecutionTime,581.3788869280006
