InputGenerationTime,0.2698664650088176
ProfilingTime,37.74867217801511
SimulationTime,17.708867933950387
FramaCExecutionTime,179.84466144593898
TotalExecutionTime,1324.4105417759856
