InputGenerationTime,0.2565058240434155
ProfilingTime,22.77570302807726
SimulationTime,13.95135459501762
FramaCExecutionTime,113.66936873702798
TotalExecutionTime,1364.4369058319135
