InputGenerationTime,0.0869224370107986
ProfilingTime,27.27366535400506
SimulationTime,18.722394464013632
FramaCExecutionTime,107.27235301001929
TotalExecutionTime,2936.653217229992
