InputGenerationTime,0.5491699959966354
ProfilingTime,25.747640137997223
SimulationTime,13.288849099015351
FramaCExecutionTime,132.03446686899406
TotalExecutionTime,1288.9231915950077
