InputGenerationTime,0.03413906300011149
ProfilingTime,22.318434624001384
SimulationTime,215.06466
FramaCExecutionTime,92.74365047799984
TotalExecutionTime,15731.449250370002
