InputGenerationTime,0.106488331919536
ProfilingTime,40.70219713100232
SimulationTime,191.54642515489832
FramaCExecutionTime,107.84012395399623
TotalExecutionTime,7642.064939552918
