InputGenerationTime,0.46168155898340046
ProfilingTime,20.12718784098979
SimulationTime,15.029339338070713
FramaCExecutionTime,128.98384912509937
TotalExecutionTime,1216.7885652139084
