InputGenerationTime,0.27715257002273574
ProfilingTime,33.29555142100435
SimulationTime,22.823914945009165
FramaCExecutionTime,128.3411734039837
TotalExecutionTime,3326.205581037997
