InputGenerationTime,0.27328697097254917
ProfilingTime,24.561410875001457
SimulationTime,14.947652406000998
FramaCExecutionTime,120.04880065802718
TotalExecutionTime,3443.078905072005
