InputGenerationTime,0.2916732019511983
ProfilingTime,25.18880096898647
SimulationTime,16.6819822639809
FramaCExecutionTime,121.73228721501073
TotalExecutionTime,2588.3602108419873
