InputGenerationTime,0.5117717100074515
ProfilingTime,23.113330803927965
SimulationTime,47.4364842500072
FramaCExecutionTime,127.56641766999383
TotalExecutionTime,1370.2002110308968
