InputGenerationTime,0.08053681813180447
ProfilingTime,29.775004679104313
SimulationTime,252.8894915059209
FramaCExecutionTime,106.81704033003189
TotalExecutionTime,32633.62922251213
