InputGenerationTime,0.05547416885383427
ProfilingTime,28.160618836060166
SimulationTime,14.42852779198438
FramaCExecutionTime,95.88349860697053
TotalExecutionTime,1250.3261745329946
