InputGenerationTime,0.09055162998265587
ProfilingTime,19.650129029003438
SimulationTime,17.876145291986177
FramaCExecutionTime,95.32764521898935
TotalExecutionTime,169.97390141099459
