InputGenerationTime,0.0801443759992253
ProfilingTime,25.72776444599731
SimulationTime,13.939837661993806
FramaCExecutionTime,100.1416515919991
TotalExecutionTime,2795.6669141339953
