InputGenerationTime,0.06673876900458708
ProfilingTime,29.28400209901156
SimulationTime,14.865832741023041
FramaCExecutionTime,105.7249488600064
TotalExecutionTime,1551.8592051080195
