InputGenerationTime,0.19099381403066218
ProfilingTime,39.189402658026665
SimulationTime,223.18326827208512
FramaCExecutionTime,148.47174196795095
TotalExecutionTime,4463.418500671978
