InputGenerationTime,0.02531034300045576
ProfilingTime,11.19224985999972
SimulationTime,6.783065743000407
FramaCExecutionTime,42.76689746500051
TotalExecutionTime,730.704489271
