InputGenerationTime,0.18076778999966336
ProfilingTime,39.983184421998885
SimulationTime,25.083354034999502
FramaCExecutionTime,117.59281498999917
TotalExecutionTime,5572.210306235
