InputGenerationTime,0.2518795130017679
ProfilingTime,30.102442036994034
SimulationTime,15.23522038399824
FramaCExecutionTime,128.72929689101875
TotalExecutionTime,2481.8427162900043
