InputGenerationTime,0.29270844598067924
ProfilingTime,30.31030507700052
SimulationTime,109.44990899099503
FramaCExecutionTime,116.0746045949927
TotalExecutionTime,984.5876432590012
