InputGenerationTime,0.04072097299649613
ProfilingTime,24.201836661995912
SimulationTime,13.746007073001238
FramaCExecutionTime,95.01072702199599
TotalExecutionTime,3873.931053094999
