InputGenerationTime,0.0497497089963872
ProfilingTime,33.815007393001
SimulationTime,226.72603192999668
FramaCExecutionTime,106.16062168798817
TotalExecutionTime,1909.3621700259973
