InputGenerationTime,0.20294841800205177
ProfilingTime,39.95540668499598
SimulationTime,25.10349635899911
FramaCExecutionTime,122.89071526799671
TotalExecutionTime,2086.9875643410014
