InputGenerationTime,0.05511531299998751
ProfilingTime,23.854899642996315
SimulationTime,10.893815998999344
FramaCExecutionTime,94.72058908399777
TotalExecutionTime,15033.125950704998
