InputGenerationTime,0.07747332500002813
ProfilingTime,35.89789163299429
SimulationTime,6.988650275990949
FramaCExecutionTime,107.59819377001259
TotalExecutionTime,1068.8337448219972
