InputGenerationTime,0.2567060510045849
ProfilingTime,24.232408760995895
SimulationTime,112.25390343999607
FramaCExecutionTime,101.65106537199608
TotalExecutionTime,11970.348229149
