InputGenerationTime,0.13503388699973584
ProfilingTime,38.05429111000194
SimulationTime,112.39042234999943
FramaCExecutionTime,114.96788224999909
TotalExecutionTime,13053.575278975
