InputGenerationTime,0.36039209901355207
ProfilingTime,21.879130951943807
SimulationTime,213.64798662799876
FramaCExecutionTime,125.7520459779771
TotalExecutionTime,3637.566938598058
