InputGenerationTime,0.3203130920010153
ProfilingTime,32.39709688100265
SimulationTime,22.39148498198483
FramaCExecutionTime,125.05516551900655
TotalExecutionTime,795.052341543982
