InputGenerationTime,0.28366624703630805
ProfilingTime,25.989636420970783
SimulationTime,54.62287848000415
FramaCExecutionTime,115.50214947399218
TotalExecutionTime,1407.463999161031
