InputGenerationTime,0.06933283800026402
ProfilingTime,24.80758494499605
SimulationTime,16.367437075008638
FramaCExecutionTime,104.76876791298855
TotalExecutionTime,2490.1221780179767
