InputGenerationTime,0.05953637699712999
ProfilingTime,24.630257641001663
SimulationTime,15.111419951004791
FramaCExecutionTime,106.16420628500055
TotalExecutionTime,962.932971080998
