InputGenerationTime,0.13892562800174346
ProfilingTime,39.9322965829997
SimulationTime,26.444425230998604
FramaCExecutionTime,111.13148282000111
TotalExecutionTime,1069.0886476310006
