InputGenerationTime,0.08813246099816752
ProfilingTime,34.614227554000536
SimulationTime,20.185735424001905
FramaCExecutionTime,108.73251284900107
TotalExecutionTime,163.6373837630017
