InputGenerationTime,0.08208400999865262
ProfilingTime,22.50520948399935
SimulationTime,214.99875534600142
FramaCExecutionTime,96.04302714300138
TotalExecutionTime,3210.0078120110047
