InputGenerationTime,0.07230846700258553
ProfilingTime,25.939936936018057
SimulationTime,232.7438011910417
FramaCExecutionTime,106.69600580900442
TotalExecutionTime,20542.935774778016
