InputGenerationTime,0.2538465560064651
ProfilingTime,47.460863873013295
SimulationTime,274.70202587000676
FramaCExecutionTime,147.2809260690119
TotalExecutionTime,24616.160461559004
