InputGenerationTime,0.08263851499941666
ProfilingTime,25.249169741000514
SimulationTime,17.509631346998503
FramaCExecutionTime,98.82215799900587
TotalExecutionTime,1876.7209666239942
