InputGenerationTime,0.5458302329934668
ProfilingTime,27.155216276994906
SimulationTime,15.721906457009027
FramaCExecutionTime,135.8646732600173
TotalExecutionTime,3363.633590197016
