InputGenerationTime,0.23825610300991684
ProfilingTime,25.750968604988884
SimulationTime,248.5744131100364
FramaCExecutionTime,125.86535251897294
TotalExecutionTime,21929.97028451698
