InputGenerationTime,0.18538614409044385
ProfilingTime,21.051163587952033
SimulationTime,208.9426687809173
FramaCExecutionTime,110.43824010202661
TotalExecutionTime,340.6372344510164
