InputGenerationTime,0.19015604798914865
ProfilingTime,25.451417581003625
SimulationTime,12.72566138295224
FramaCExecutionTime,110.16134787397459
TotalExecutionTime,652.0082401469699
