InputGenerationTime,0.10281701199710369
ProfilingTime,24.666210985997168
SimulationTime,14.399231287003204
FramaCExecutionTime,95.94782013600343
TotalExecutionTime,3294.604580316998
