InputGenerationTime,0.05953637699712999
ProfilingTime,27.590189640999597
SimulationTime,15.161514798004646
FramaCExecutionTime,106.16420628500055
TotalExecutionTime,230.20664673599822
