InputGenerationTime,0.04155284100124845
ProfilingTime,25.585468776997004
SimulationTime,13.008501266998792
FramaCExecutionTime,96.29844691299877
TotalExecutionTime,1657.552870626001
