InputGenerationTime,0.07310996500018518
ProfilingTime,38.650770897002076
SimulationTime,24.99273521199939
FramaCExecutionTime,106.17393734199868
TotalExecutionTime,2794.2354810189863
