InputGenerationTime,0.10281701199710369
ProfilingTime,26.128292507994047
SimulationTime,19.11455773700436
FramaCExecutionTime,95.94782013600343
TotalExecutionTime,4082.914878534997
