InputGenerationTime,0.18446814600611106
ProfilingTime,24.784258708008565
SimulationTime,213.53404665598646
FramaCExecutionTime,112.07018067297759
TotalExecutionTime,12449.897155468003
