InputGenerationTime,0.0675285549950786
ProfilingTime,27.713944614995853
SimulationTime,18.17806097101129
FramaCExecutionTime,100.22720573899278
TotalExecutionTime,1478.3630209129915
