InputGenerationTime,0.19766114899903187
ProfilingTime,28.72543097200105
SimulationTime,20.715786395001487
FramaCExecutionTime,120.10270344499804
TotalExecutionTime,843.6068241909998
