InputGenerationTime,0.24459180305711925
ProfilingTime,19.766519557102583
SimulationTime,9.312727037933655
FramaCExecutionTime,116.45146760297939
TotalExecutionTime,1423.44502336008
