InputGenerationTime,0.09517260299617192
ProfilingTime,31.40572140600125
SimulationTime,20.717121018999023
FramaCExecutionTime,103.24005353699613
TotalExecutionTime,598.1112374540025
