InputGenerationTime,0.03625350189395249
ProfilingTime,21.500426593003795
SimulationTime,38.18788989703171
FramaCExecutionTime,93.29361514700577
TotalExecutionTime,2766.5388372719754
