InputGenerationTime,0.03244398299830209
ProfilingTime,22.259849129999566
SimulationTime,214.9675876929996
FramaCExecutionTime,92.58095922599932
TotalExecutionTime,7081.133887414001
