InputGenerationTime,0.11390176499844529
ProfilingTime,38.893310509
SimulationTime,6.488748497002234
FramaCExecutionTime,109.5342480060026
TotalExecutionTime,4014.7911781539988
