InputGenerationTime,0.07854590803617612
ProfilingTime,26.104969386011362
SimulationTime,17.68732953403378
FramaCExecutionTime,107.89253767899936
TotalExecutionTime,3690.045463663002
