InputGenerationTime,0.0869224370107986
ProfilingTime,26.032646342006046
SimulationTime,18.447839657019358
FramaCExecutionTime,107.27235301001929
TotalExecutionTime,3293.3943113060086
