InputGenerationTime,0.2550414989818819
ProfilingTime,24.03469300305005
SimulationTime,13.175551488995552
FramaCExecutionTime,119.64459108404117
TotalExecutionTime,2678.3682138439617
