InputGenerationTime,0.2450625509954989
ProfilingTime,29.37581958901137
SimulationTime,20.81020195002202
FramaCExecutionTime,119.58020104799652
TotalExecutionTime,2194.8280759599875
