InputGenerationTime,0.2941565380024258
ProfilingTime,28.798792496003443
SimulationTime,18.091461739997612
FramaCExecutionTime,119.22128029901069
TotalExecutionTime,3158.4824298610038
