InputGenerationTime,0.04837128699728055
ProfilingTime,24.48792456600131
SimulationTime,9.140664529997593
FramaCExecutionTime,95.57277957100086
TotalExecutionTime,2789.7807376830024
