InputGenerationTime,0.06617910400382243
ProfilingTime,29.279600611000205
SimulationTime,12.973637955990853
FramaCExecutionTime,105.83214284598944
TotalExecutionTime,2769.1567801469937
