InputGenerationTime,0.04619556199759245
ProfilingTime,26.71180233103223
SimulationTime,233.37947255402105
FramaCExecutionTime,102.9426576619735
TotalExecutionTime,10393.847729080007
