InputGenerationTime,0.29120918099943083
ProfilingTime,44.66282258700812
SimulationTime,271.97434022900416
FramaCExecutionTime,140.39637216499978
TotalExecutionTime,17646.835061578997
