InputGenerationTime,0.04965436900238274
ProfilingTime,22.44716376299766
SimulationTime,219.2801474049993
FramaCExecutionTime,96.85920009500114
TotalExecutionTime,20703.108212220002
