InputGenerationTime,0.18929134996142238
ProfilingTime,25.413713332964107
SimulationTime,217.92134542699205
FramaCExecutionTime,116.21079802402528
TotalExecutionTime,19944.081256565987
