InputGenerationTime,0.03647145791910589
ProfilingTime,19.23462306300644
SimulationTime,210.94481277104933
FramaCExecutionTime,90.35240423900541
TotalExecutionTime,3321.6068776140455
