InputGenerationTime,0.08441820700682001
ProfilingTime,24.43010989100003
SimulationTime,19.013720572998864
FramaCExecutionTime,98.15719956099929
TotalExecutionTime,2033.2885259959949
