InputGenerationTime,0.22197016500285827
ProfilingTime,28.92260209599044
SimulationTime,22.679398501000833
FramaCExecutionTime,102.733615930003
TotalExecutionTime,4654.425234915005
