InputGenerationTime,0.0851615320007113
ProfilingTime,11.365365650999593
SimulationTime,7.962015713001165
FramaCExecutionTime,48.46413284600021
TotalExecutionTime,141.51704175899977
