InputGenerationTime,0.21990838996134698
ProfilingTime,19.406988197006285
SimulationTime,8.589555302052759
FramaCExecutionTime,108.54226218396798
TotalExecutionTime,245.78854882007
