InputGenerationTime,0.23651412897743285
ProfilingTime,23.59271165600512
SimulationTime,13.190241810982116
FramaCExecutionTime,114.27070531004574
TotalExecutionTime,285.18558839091565
