InputGenerationTime,0.03794739185832441
ProfilingTime,19.820340842939913
SimulationTime,9.311859066132456
FramaCExecutionTime,90.95548496907577
TotalExecutionTime,837.3571949449833
