InputGenerationTime,0.3234236310236156
ProfilingTime,24.9938497049734
SimulationTime,241.77498146501603
FramaCExecutionTime,118.84747565101134
TotalExecutionTime,953.9570598619757
