InputGenerationTime,0.16970555897569284
ProfilingTime,46.65614728501532
SimulationTime,543.1221155050443
FramaCExecutionTime,116.65334182599327
TotalExecutionTime,18361.473470711033
