InputGenerationTime,0.27715257002273574
ProfilingTime,33.13813716499135
SimulationTime,22.35933130601188
FramaCExecutionTime,128.3411734039837
TotalExecutionTime,3546.4521771789878
