InputGenerationTime,0.1860354489999736
ProfilingTime,30.28995205299998
SimulationTime,20.422512215000097
FramaCExecutionTime,133.846350332
TotalExecutionTime,1243.781809309
