InputGenerationTime,0.2893862620694563
ProfilingTime,21.829430200043134
SimulationTime,10.013944140984677
FramaCExecutionTime,117.19879986299202
TotalExecutionTime,1498.480752991978
