InputGenerationTime,0.106488331919536
ProfilingTime,32.439434494124725
SimulationTime,174.10874540894292
FramaCExecutionTime,107.84012395399623
TotalExecutionTime,6593.420802848879
