InputGenerationTime,0.27123504306655377
ProfilingTime,42.40219738101587
SimulationTime,243.00491303298622
FramaCExecutionTime,121.80990467895754
TotalExecutionTime,4271.330605497933
