InputGenerationTime,0.1500415460000113
ProfilingTime,40.018309817000045
SimulationTime,24.859223406000183
FramaCExecutionTime,119.5390944679998
TotalExecutionTime,2117.9262517059997
