InputGenerationTime,0.2650788240007387
ProfilingTime,34.68632176199935
SimulationTime,111.60978374299884
FramaCExecutionTime,114.57576221599993
TotalExecutionTime,8731.147562418999
