InputGenerationTime,0.02531034300045576
ProfilingTime,10.738175727001362
SimulationTime,7.507332667999435
FramaCExecutionTime,42.76689746500051
TotalExecutionTime,694.7028189370012
