InputGenerationTime,0.18836116197053343
ProfilingTime,21.80306802195264
SimulationTime,19.82538749696687
FramaCExecutionTime,111.69122295401758
TotalExecutionTime,1030.7605754410033
