InputGenerationTime,0.23825610300991684
ProfilingTime,26.217247563006822
SimulationTime,245.42634758498752
FramaCExecutionTime,125.86535251897294
TotalExecutionTime,23013.89737832296
