InputGenerationTime,0.08637258899398148
ProfilingTime,28.90728828002466
SimulationTime,15.394365730986465
FramaCExecutionTime,104.87469518801663
TotalExecutionTime,3148.301189057005
