InputGenerationTime,0.08069608799996786
ProfilingTime,34.38298006300465
SimulationTime,24.049240284002735
FramaCExecutionTime,106.32470165600535
TotalExecutionTime,5185.9309988919995
