InputGenerationTime,0.2518795130017679
ProfilingTime,34.15080744199804
SimulationTime,16.780072724999627
FramaCExecutionTime,128.72929689101875
TotalExecutionTime,2386.5595781930024
