InputGenerationTime,0.19015604798914865
ProfilingTime,25.208601680991706
SimulationTime,12.807838270964567
FramaCExecutionTime,110.16134787397459
TotalExecutionTime,318.6623549069627
