InputGenerationTime,0.2780745880008908
ProfilingTime,44.70089711800392
SimulationTime,38.949831268997514
FramaCExecutionTime,147.1211182670013
TotalExecutionTime,6442.812156253996
