InputGenerationTime,0.06429028999991715
ProfilingTime,27.240972646977752
SimulationTime,12.16855303500779
FramaCExecutionTime,107.19028882699786
TotalExecutionTime,1134.2668522160384
