InputGenerationTime,0.05124002699449193
ProfilingTime,30.398475922993384
SimulationTime,50.281022440001834
FramaCExecutionTime,104.36231635800505
TotalExecutionTime,4606.172819603002
