InputGenerationTime,0.06748960799995984
ProfilingTime,13.473225714000364
SimulationTime,8.304241570000158
FramaCExecutionTime,45.455020551000416
TotalExecutionTime,182.34957240199947
