InputGenerationTime,0.2538465560064651
ProfilingTime,51.53411297600542
SimulationTime,274.49974622999434
FramaCExecutionTime,147.2809260690119
TotalExecutionTime,27294.648697226003
