InputGenerationTime,0.05791807700006757
ProfilingTime,33.257756642997265
SimulationTime,13.466675201998441
FramaCExecutionTime,106.56665147199237
TotalExecutionTime,1465.491075753991
