InputGenerationTime,0.27715257002273574
ProfilingTime,33.24293872000999
SimulationTime,19.215973924001446
FramaCExecutionTime,128.3411734039837
TotalExecutionTime,3104.157169768994
