InputGenerationTime,0.0675285549950786
ProfilingTime,26.73552492298768
SimulationTime,17.202327460006927
FramaCExecutionTime,100.22720573899278
TotalExecutionTime,1432.3621784269926
