InputGenerationTime,0.2171286300290376
ProfilingTime,23.069292880943976
SimulationTime,211.51487545203418
FramaCExecutionTime,112.72816676006187
TotalExecutionTime,8450.904569945065
