InputGenerationTime,0.24693168800149579
ProfilingTime,42.54211274899717
SimulationTime,47.92088409999269
FramaCExecutionTime,135.26416748500196
TotalExecutionTime,2365.975250493997
