InputGenerationTime,0.04619556199759245
ProfilingTime,27.62337656703312
SimulationTime,233.56101982697146
FramaCExecutionTime,102.9426576619735
TotalExecutionTime,10693.021792936022
