InputGenerationTime,0.15557446299999356
ProfilingTime,41.00007904800077
SimulationTime,21.95473926700015
FramaCExecutionTime,114.42043770899954
TotalExecutionTime,4498.629553818
