InputGenerationTime,0.2749036009190604
ProfilingTime,34.6012701470172
SimulationTime,220.34470888401847
FramaCExecutionTime,159.24751158698928
TotalExecutionTime,7413.351181367063
