InputGenerationTime,0.1376757019897923
ProfilingTime,34.86059519601986
SimulationTime,162.0640779339592
FramaCExecutionTime,106.99266202299623
TotalExecutionTime,13029.436890223995
