InputGenerationTime,0.08813246099816752
ProfilingTime,42.40098586900058
SimulationTime,21.921966455000074
FramaCExecutionTime,108.73251284900107
TotalExecutionTime,1217.2613645890015
