InputGenerationTime,0.06989308199990774
ProfilingTime,24.681895061999967
SimulationTime,16.052511663998303
FramaCExecutionTime,94.03919311700156
TotalExecutionTime,1321.8006004109993
