InputGenerationTime,0.27715257002273574
ProfilingTime,34.27244026999688
SimulationTime,18.869475875020726
FramaCExecutionTime,128.3411734039837
TotalExecutionTime,3051.5857203640044
