InputGenerationTime,0.146842653004569
ProfilingTime,23.78026751500147
SimulationTime,16.724174732000392
FramaCExecutionTime,89.65716592899844
TotalExecutionTime,633.8089001680055
