InputGenerationTime,0.145248580025509
ProfilingTime,42.24051186698489
SimulationTime,105.05377949302783
FramaCExecutionTime,108.04990905203158
TotalExecutionTime,10938.302585894999
