InputGenerationTime,0.5576207120029721
ProfilingTime,30.006132709997473
SimulationTime,25.729202331014676
FramaCExecutionTime,137.8231833819882
TotalExecutionTime,2440.4546480420104
