InputGenerationTime,0.17561334901256487
ProfilingTime,27.404145781008992
SimulationTime,31.447904298984213
FramaCExecutionTime,126.73664757199003
TotalExecutionTime,7872.082510699984
