InputGenerationTime,0.2941565380024258
ProfilingTime,31.645563300000504
SimulationTime,17.781525547005003
FramaCExecutionTime,119.22128029901069
TotalExecutionTime,2959.911279463995
