InputGenerationTime,0.04561591404490173
ProfilingTime,18.370023248018697
SimulationTime,8.289443431189284
FramaCExecutionTime,88.03226714697666
TotalExecutionTime,305.97697358904406
