InputGenerationTime,0.06883503001881763
ProfilingTime,28.528855371987447
SimulationTime,18.03314836102072
FramaCExecutionTime,106.64326668903232
TotalExecutionTime,1569.5965552520356
