InputGenerationTime,0.2087663629790768
ProfilingTime,20.41775170096662
SimulationTime,11.721061334013939
FramaCExecutionTime,115.82717773900367
TotalExecutionTime,1019.9441651640227
