InputGenerationTime,0.24459180305711925
ProfilingTime,20.032494459068403
SimulationTime,9.209400394931436
FramaCExecutionTime,116.45146760297939
TotalExecutionTime,1394.3028723690659
