InputGenerationTime,0.09734716100501828
ProfilingTime,34.138638998003444
SimulationTime,19.58481225500873
FramaCExecutionTime,106.48393925699929
TotalExecutionTime,4412.826676239987
