InputGenerationTime,0.19766114899903187
ProfilingTime,28.65861741700064
SimulationTime,20.184731855999416
FramaCExecutionTime,120.10270344499804
TotalExecutionTime,1174.7987919929983
