InputGenerationTime,0.05246901400096249
ProfilingTime,26.349500630996772
SimulationTime,16.816086937993532
FramaCExecutionTime,99.9211063440016
TotalExecutionTime,4031.3616320869914
