InputGenerationTime,0.19766114899903187
ProfilingTime,28.52439796300314
SimulationTime,21.11462641199978
FramaCExecutionTime,120.10270344499804
TotalExecutionTime,944.1939633679976
