InputGenerationTime,0.06716115004383028
ProfilingTime,19.636255402117968
SimulationTime,17.817542942939326
FramaCExecutionTime,91.8677742651198
TotalExecutionTime,512.4150283979252
