InputGenerationTime,0.05550380299973767
ProfilingTime,36.41327353399538
SimulationTime,24.91075646301033
FramaCExecutionTime,105.84851150700706
TotalExecutionTime,3724.821140658998
