InputGenerationTime,0.08637258899398148
ProfilingTime,26.605472939030733
SimulationTime,11.93994918500539
FramaCExecutionTime,104.87469518801663
TotalExecutionTime,3315.4653846999863
