InputGenerationTime,0.22179850202519447
ProfilingTime,30.964927825029008
SimulationTime,57.90801944897976
FramaCExecutionTime,150.7494653709
TotalExecutionTime,3011.607096327003
