InputGenerationTime,0.07135240799834719
ProfilingTime,24.449446742000873
SimulationTime,11.304242136997345
FramaCExecutionTime,96.4827041699973
TotalExecutionTime,622.3659676270036
