InputGenerationTime,0.08888787199975923
ProfilingTime,30.23340525700769
SimulationTime,18.297955175003153
FramaCExecutionTime,102.41301443899283
TotalExecutionTime,1305.272363830998
