InputGenerationTime,0.05724849900070694
ProfilingTime,24.74525869199715
SimulationTime,11.243563020001602
FramaCExecutionTime,97.37556695500098
TotalExecutionTime,391.4117712870029
