InputGenerationTime,0.2916732019511983
ProfilingTime,25.751626808021683
SimulationTime,18.04855853697518
FramaCExecutionTime,121.73228721501073
TotalExecutionTime,3447.4869309210335
