InputGenerationTime,0.38357829499727814
ProfilingTime,26.120557669004484
SimulationTime,19.27548569499777
FramaCExecutionTime,101.32164939100039
TotalExecutionTime,3841.142087536995
