InputGenerationTime,0.18538614409044385
ProfilingTime,21.355447071953677
SimulationTime,210.06560077902395
FramaCExecutionTime,110.43824010202661
TotalExecutionTime,2931.3298855740577
