InputGenerationTime,0.30299885899876244
ProfilingTime,29.74763729600818
SimulationTime,17.577891913009807
FramaCExecutionTime,115.40188249299536
TotalExecutionTime,1141.3409012539778
