InputGenerationTime,0.0724836889994549
ProfilingTime,20.909670867000386
SimulationTime,214.89253757199913
FramaCExecutionTime,96.025370673
TotalExecutionTime,4389.647062721001
