InputGenerationTime,0.5458302329934668
ProfilingTime,33.650738222000655
SimulationTime,19.066010229988024
FramaCExecutionTime,135.8646732600173
TotalExecutionTime,2970.016312508
