InputGenerationTime,0.03560964995995164
ProfilingTime,19.60526292398572
SimulationTime,34.989365922054276
FramaCExecutionTime,89.09152986505069
TotalExecutionTime,2075.6954678830225
