InputGenerationTime,0.08441820700682001
ProfilingTime,24.992261374005466
SimulationTime,16.23425360100373
FramaCExecutionTime,98.15719956099929
TotalExecutionTime,1584.0579490269956
