InputGenerationTime,0.04072097299649613
ProfilingTime,22.529217017996416
SimulationTime,17.01740065899503
FramaCExecutionTime,95.01072702199599
TotalExecutionTime,3192.4853525940016
