InputGenerationTime,0.08069608799996786
ProfilingTime,34.66771605300892
SimulationTime,26.45768886100268
FramaCExecutionTime,106.32470165600535
TotalExecutionTime,5127.443684156999
