InputGenerationTime,0.06429028999991715
ProfilingTime,28.624637891945895
SimulationTime,16.754065928980708
FramaCExecutionTime,107.19028882699786
TotalExecutionTime,915.2755133199971
