InputGenerationTime,0.3489217610040214
ProfilingTime,27.214533325997763
SimulationTime,20.623676610994153
FramaCExecutionTime,101.74599396999838
TotalExecutionTime,2094.3652127209934
