InputGenerationTime,0.2538465560064651
ProfilingTime,40.59703397999692
SimulationTime,264.5688140449929
FramaCExecutionTime,147.2809260690119
TotalExecutionTime,22398.390490677004
