InputGenerationTime,0.21722360595595092
ProfilingTime,45.97822063800413
SimulationTime,9.881586679024622
FramaCExecutionTime,123.38338132703211
TotalExecutionTime,11238.735555727966
