InputGenerationTime,0.20753930194769055
ProfilingTime,19.7306388389552
SimulationTime,216.67193842295092
FramaCExecutionTime,108.56039979495108
TotalExecutionTime,9015.91478304693
