InputGenerationTime,0.06595401199956541
ProfilingTime,19.808391022999785
SimulationTime,11.044499436000478
FramaCExecutionTime,58.418587621999905
TotalExecutionTime,1402.204984596
