InputGenerationTime,0.11390176499844529
ProfilingTime,34.68320115900133
SimulationTime,19.938308130000223
FramaCExecutionTime,109.5342480060026
TotalExecutionTime,4192.363649172999
