InputGenerationTime,0.13775036500010174
ProfilingTime,23.899977966000733
SimulationTime,106.70375269500073
FramaCExecutionTime,94.25399721999565
TotalExecutionTime,3303.103996349004
