InputGenerationTime,0.05632666900055483
ProfilingTime,32.564599518998875
SimulationTime,21.936733563008602
FramaCExecutionTime,103.49272005399689
TotalExecutionTime,1743.889008683007
