InputGenerationTime,0.04804642405360937
ProfilingTime,21.050027381977998
SimulationTime,11.35330909001641
FramaCExecutionTime,90.74596772296354
TotalExecutionTime,1343.3689778639236
