InputGenerationTime,0.2333431259903591
ProfilingTime,32.072447835002095
SimulationTime,23.600835829012794
FramaCExecutionTime,126.27864418100216
TotalExecutionTime,2492.8214513479907
