InputGenerationTime,0.15126023499760777
ProfilingTime,25.573165167006664
SimulationTime,23.21217539702775
FramaCExecutionTime,114.47119204199407
TotalExecutionTime,1817.5815949040116
