InputGenerationTime,0.07644303201232105
ProfilingTime,26.113359795999713
SimulationTime,15.869001375001972
FramaCExecutionTime,99.76022365198878
TotalExecutionTime,607.9221871899936
