InputGenerationTime,0.2550414989818819
ProfilingTime,24.067458755976986
SimulationTime,11.877654814976268
FramaCExecutionTime,119.64459108404117
TotalExecutionTime,2563.885771792964
