InputGenerationTime,0.18901437100430485
ProfilingTime,39.57033130399941
SimulationTime,24.370202370999323
FramaCExecutionTime,120.16616172400245
TotalExecutionTime,4432.530631516998
