InputGenerationTime,0.07310996500018518
ProfilingTime,38.561473434005165
SimulationTime,25.820253917001537
FramaCExecutionTime,106.17393734199868
TotalExecutionTime,2433.033358332992
