InputGenerationTime,0.07480276003479958
ProfilingTime,20.126366450916976
SimulationTime,19.988228162983432
FramaCExecutionTime,92.13790134200826
TotalExecutionTime,483.6026920629665
