InputGenerationTime,0.27123504306655377
ProfilingTime,44.86764801200479
SimulationTime,245.54721956001595
FramaCExecutionTime,121.80990467895754
TotalExecutionTime,4859.375757962931
