InputGenerationTime,0.1376757019897923
ProfilingTime,35.31371868902352
SimulationTime,152.25474088499323
FramaCExecutionTime,106.99266202299623
TotalExecutionTime,13217.070502477
