InputGenerationTime,0.03731615799915744
ProfilingTime,26.321854268004245
SimulationTime,10.584495062001224
FramaCExecutionTime,98.2822837460044
TotalExecutionTime,1143.9496953390044
