InputGenerationTime,0.06134430388920009
ProfilingTime,28.9403112558648
SimulationTime,19.55440540285781
FramaCExecutionTime,95.81497655203566
TotalExecutionTime,2030.063815511996
