InputGenerationTime,0.03625350189395249
ProfilingTime,25.364026320166886
SimulationTime,42.87220932892524
FramaCExecutionTime,93.29361514700577
TotalExecutionTime,2128.4093990770634
