InputGenerationTime,0.11135036498308182
ProfilingTime,19.836741406004876
SimulationTime,17.213777360972017
FramaCExecutionTime,94.48343334102537
TotalExecutionTime,1286.8608843730763
