InputGenerationTime,0.2951946859830059
ProfilingTime,29.21870920600486
SimulationTime,61.47394116100622
FramaCExecutionTime,126.49901207099902
TotalExecutionTime,10489.943637902994
