InputGenerationTime,0.05632666900055483
ProfilingTime,32.475281132996315
SimulationTime,23.71541965000506
FramaCExecutionTime,103.49272005399689
TotalExecutionTime,1973.6710126990074
