InputGenerationTime,0.05441822297871113
ProfilingTime,30.582450308836997
SimulationTime,221.9086349841673
FramaCExecutionTime,93.7210614560172
TotalExecutionTime,3743.707545991987
