InputGenerationTime,0.04965436900238274
ProfilingTime,21.182881225002347
SimulationTime,218.16336814200622
FramaCExecutionTime,96.85920009500114
TotalExecutionTime,19701.885623085
