InputGenerationTime,0.2749036009190604
ProfilingTime,35.540601341985166
SimulationTime,9.871354490984231
FramaCExecutionTime,159.24751158698928
TotalExecutionTime,10264.51096217602
