InputGenerationTime,0.5117717100074515
ProfilingTime,21.93758357409388
SimulationTime,45.53407574596349
FramaCExecutionTime,127.56641766999383
TotalExecutionTime,1640.1594344609184
