InputGenerationTime,0.0652667719987221
ProfilingTime,30.055181465984788
SimulationTime,23.267538578016683
FramaCExecutionTime,107.56037442997331
TotalExecutionTime,4448.386911372014
