InputGenerationTime,0.0626839460019255
ProfilingTime,34.74719292600639
SimulationTime,13.369302322011208
FramaCExecutionTime,104.38985318000778
TotalExecutionTime,4463.913868396994
