InputGenerationTime,0.12488321099954192
ProfilingTime,24.24974364099762
SimulationTime,16.930559237000125
FramaCExecutionTime,88.36304531300266
TotalExecutionTime,2896.2748880120052
