InputGenerationTime,0.28366624703630805
ProfilingTime,21.927874646964483
SimulationTime,49.1261240770109
FramaCExecutionTime,115.50214947399218
TotalExecutionTime,1165.9824330320116
