InputGenerationTime,0.13775036500010174
ProfilingTime,26.73795077700197
SimulationTime,111.07212942200567
FramaCExecutionTime,94.25399721999565
TotalExecutionTime,5647.136440909002
