InputGenerationTime,0.2554458619997604
ProfilingTime,27.03646294400096
SimulationTime,11.617465282000921
FramaCExecutionTime,133.5833892849987
TotalExecutionTime,22328.532317122
