InputGenerationTime,0.26520692789927125
ProfilingTime,38.11399728001561
SimulationTime,20.52402808703482
FramaCExecutionTime,172.96581168298144
TotalExecutionTime,2635.701206346974
