InputGenerationTime,0.08888787199975923
ProfilingTime,33.38164496800164
SimulationTime,20.170467568997992
FramaCExecutionTime,102.41301443899283
TotalExecutionTime,878.6327650109888
