InputGenerationTime,0.06429028999991715
ProfilingTime,28.930891369003803
SimulationTime,12.927787430002354
FramaCExecutionTime,107.19028882699786
TotalExecutionTime,272.84872712701326
