InputGenerationTime,0.0497497089963872
ProfilingTime,33.4594483700057
SimulationTime,228.54372511401016
FramaCExecutionTime,106.16062168798817
TotalExecutionTime,3517.6365051320026
