InputGenerationTime,0.13310052594169974
ProfilingTime,36.594579895958304
SimulationTime,29.15136218292173
FramaCExecutionTime,137.11517138092313
TotalExecutionTime,935.6584547880339
