InputGenerationTime,0.03625350189395249
ProfilingTime,29.75662937690504
SimulationTime,39.87792730797082
FramaCExecutionTime,93.29361514700577
TotalExecutionTime,2060.123053693911
