InputGenerationTime,0.2171286300290376
ProfilingTime,21.451660074992105
SimulationTime,210.46741935703903
FramaCExecutionTime,112.72816676006187
TotalExecutionTime,8682.872366870055
