InputGenerationTime,0.18076778999966336
ProfilingTime,40.13592880500073
SimulationTime,23.156083316996956
FramaCExecutionTime,117.59281498999917
TotalExecutionTime,5308.366990835999
