InputGenerationTime,0.3914520660182461
ProfilingTime,20.386750412057154
SimulationTime,9.299831980024464
FramaCExecutionTime,134.18783874309156
TotalExecutionTime,1472.7870567840291
