InputGenerationTime,0.06933283800026402
ProfilingTime,26.730906091979705
SimulationTime,16.320455123030115
FramaCExecutionTime,104.76876791298855
TotalExecutionTime,2533.2767646599677
