InputGenerationTime,0.19782912300433964
ProfilingTime,47.427464711945504
SimulationTime,24.900002396898344
FramaCExecutionTime,120.83434996008873
TotalExecutionTime,2465.0280674489914
