InputGenerationTime,0.02880856700357981
ProfilingTime,22.487594667996746
SimulationTime,16.167874408994976
FramaCExecutionTime,49.60165912899538
TotalExecutionTime,1256.2463183159998
