InputGenerationTime,0.05511531299998751
ProfilingTime,22.21092943700205
SimulationTime,217.85348981800053
FramaCExecutionTime,94.72058908399777
TotalExecutionTime,15993.280981171003
