InputGenerationTime,0.11737045999325346
ProfilingTime,50.864333933001035
SimulationTime,38.228188485009014
FramaCExecutionTime,130.64505490900774
TotalExecutionTime,5656.621642644997
