InputGenerationTime,0.07921701300074346
ProfilingTime,33.59198848599044
SimulationTime,18.737290146993473
FramaCExecutionTime,105.26931427200907
TotalExecutionTime,3199.615036416988
