InputGenerationTime,0.27715257002273574
ProfilingTime,36.264976650010794
SimulationTime,22.274413379986072
FramaCExecutionTime,128.3411734039837
TotalExecutionTime,3823.2250461399963
