InputGenerationTime,0.04155284100124845
ProfilingTime,25.150540242000716
SimulationTime,11.886856367000291
FramaCExecutionTime,96.29844691299877
TotalExecutionTime,1733.551898986003
