InputGenerationTime,0.294005884003127
ProfilingTime,29.631779376009945
SimulationTime,14.439394895016449
FramaCExecutionTime,120.10160090000136
TotalExecutionTime,251.38391256402247
