InputGenerationTime,0.2384402189636603
ProfilingTime,32.65410024707671
SimulationTime,71.88113486906514
FramaCExecutionTime,151.8234170480864
TotalExecutionTime,975.0821371109923
