InputGenerationTime,0.04155284100124845
ProfilingTime,25.2162996679981
SimulationTime,13.988285199997335
FramaCExecutionTime,96.29844691299877
TotalExecutionTime,1273.927091487003
