InputGenerationTime,0.0626839460019255
ProfilingTime,30.09162356601155
SimulationTime,19.93488267500652
FramaCExecutionTime,104.38985318000778
TotalExecutionTime,4897.014457277997
