InputGenerationTime,0.33293280099951517
ProfilingTime,26.619111766999595
SimulationTime,21.061735909000163
FramaCExecutionTime,130.06025948600018
TotalExecutionTime,4825.407862374
