InputGenerationTime,0.27328697097254917
ProfilingTime,25.99103625002317
SimulationTime,15.68456150998827
FramaCExecutionTime,120.04880065802718
TotalExecutionTime,3676.351104281959
