InputGenerationTime,0.3231512999627739
ProfilingTime,21.316242897999473
SimulationTime,216.19767007802147
FramaCExecutionTime,122.18468638905324
TotalExecutionTime,6595.823939016089
