InputGenerationTime,0.26520692789927125
ProfilingTime,39.340503648039885
SimulationTime,20.109285440994427
FramaCExecutionTime,172.96581168298144
TotalExecutionTime,2577.0062088168925
