InputGenerationTime,0.06595401199956541
ProfilingTime,20.25522159100001
SimulationTime,13.068726276000234
FramaCExecutionTime,58.418587621999905
TotalExecutionTime,1251.022773005
