InputGenerationTime,0.04804642405360937
ProfilingTime,19.415724914055318
SimulationTime,10.363909724983387
FramaCExecutionTime,90.74596772296354
TotalExecutionTime,954.7905889139511
