InputGenerationTime,0.11737045999325346
ProfilingTime,60.65793823399872
SimulationTime,48.689440732996445
FramaCExecutionTime,130.64505490900774
TotalExecutionTime,5835.943923694009
