InputGenerationTime,0.06883503001881763
ProfilingTime,25.91975215903949
SimulationTime,17.489399743033573
FramaCExecutionTime,106.64326668903232
TotalExecutionTime,2208.934556782013
