InputGenerationTime,0.19015604798914865
ProfilingTime,25.748959586024284
SimulationTime,13.323741293977946
FramaCExecutionTime,110.16134787397459
TotalExecutionTime,470.12636021495564
