InputGenerationTime,0.2550414989818819
ProfilingTime,20.919930493051652
SimulationTime,12.113951035018545
FramaCExecutionTime,119.64459108404117
TotalExecutionTime,2300.9943207899923
