InputGenerationTime,0.24693168800149579
ProfilingTime,44.475294296003995
SimulationTime,52.680779985006666
FramaCExecutionTime,135.26416748500196
TotalExecutionTime,2852.4796923190006
