InputGenerationTime,0.03560964995995164
ProfilingTime,19.30403340095654
SimulationTime,33.27173446700908
FramaCExecutionTime,89.09152986505069
TotalExecutionTime,2180.419971805997
