InputGenerationTime,0.19766114899903187
ProfilingTime,25.94261455599917
SimulationTime,21.092246632997558
FramaCExecutionTime,120.10270344499804
TotalExecutionTime,498.39551749900056
