InputGenerationTime,0.2554458619997604
ProfilingTime,29.592990450000798
SimulationTime,236.73048309900332
FramaCExecutionTime,133.5833892849987
TotalExecutionTime,19664.357327132002
