InputGenerationTime,0.06782107497565448
ProfilingTime,19.38063922501169
SimulationTime,19.539793729083613
FramaCExecutionTime,91.11508935387246
TotalExecutionTime,1583.677165653091
