InputGenerationTime,0.1376757019897923
ProfilingTime,41.99777874501888
SimulationTime,182.63189224601956
FramaCExecutionTime,106.99266202299623
TotalExecutionTime,13851.43893049896
