InputGenerationTime,0.2563665369998489
ProfilingTime,23.634660368001278
SimulationTime,229.5509287980003
FramaCExecutionTime,119.80670238400126
TotalExecutionTime,6803.143877830999
