InputGenerationTime,0.3488004950049799
ProfilingTime,31.390802061010618
SimulationTime,26.323129382013576
FramaCExecutionTime,131.56218258899753
TotalExecutionTime,5496.694798796001
