InputGenerationTime,0.04533246399660129
ProfilingTime,39.02508077000675
SimulationTime,237.87390648199653
FramaCExecutionTime,102.04172662799829
TotalExecutionTime,16222.464014654994
