InputGenerationTime,0.18418349499552278
ProfilingTime,49.59861775299942
SimulationTime,272.14374644599593
FramaCExecutionTime,134.15536504299962
TotalExecutionTime,10024.524470571
