InputGenerationTime,0.19021941302344203
ProfilingTime,20.715110249002464
SimulationTime,210.29661596898222
FramaCExecutionTime,113.54233702400234
TotalExecutionTime,5671.595839935995
