InputGenerationTime,0.3203130920010153
ProfilingTime,32.06945498299319
SimulationTime,23.126735136000207
FramaCExecutionTime,125.05516551900655
TotalExecutionTime,1081.946689776989
