InputGenerationTime,0.20043562108185142
ProfilingTime,19.13115995004773
SimulationTime,26.908072207006626
FramaCExecutionTime,106.11862533399835
TotalExecutionTime,766.1210497820284
