InputGenerationTime,0.22719534100178862
ProfilingTime,49.35794697500387
SimulationTime,252.659952506001
FramaCExecutionTime,129.50138765100564
TotalExecutionTime,3079.011659445998
