InputGenerationTime,0.18418349499552278
ProfilingTime,56.73358631099836
SimulationTime,12.782234491001873
FramaCExecutionTime,134.15536504299962
TotalExecutionTime,12372.063037114
