InputGenerationTime,0.3488004950049799
ProfilingTime,29.27156334600295
SimulationTime,24.557212990010157
FramaCExecutionTime,131.56218258899753
TotalExecutionTime,4386.127486299985
