InputGenerationTime,0.01746885300053691
ProfilingTime,9.651926750999337
SimulationTime,6.526407605000713
FramaCExecutionTime,39.659135420000894
TotalExecutionTime,809.161573600999
