InputGenerationTime,0.131118303979747
ProfilingTime,46.25957345403731
SimulationTime,1030.9705848919693
FramaCExecutionTime,108.81593526701909
TotalExecutionTime,15510.666043758974
