InputGenerationTime,0.18170733300212305
ProfilingTime,32.39963727199938
SimulationTime,21.030967354992754
FramaCExecutionTime,99.81084801500401
TotalExecutionTime,3715.5166668699967
