InputGenerationTime,0.06617910400382243
ProfilingTime,37.43587273400044
SimulationTime,19.222079868006404
FramaCExecutionTime,105.83214284598944
TotalExecutionTime,3370.7713710660028
