InputGenerationTime,0.06595401199956541
ProfilingTime,22.726327082999887
SimulationTime,10.440644551000332
FramaCExecutionTime,58.418587621999905
TotalExecutionTime,975.8843205620005
