InputGenerationTime,0.26520692789927125
ProfilingTime,32.13632643490564
SimulationTime,13.30034346296452
FramaCExecutionTime,172.96581168298144
TotalExecutionTime,2093.5884069559397
