InputGenerationTime,0.18076778999966336
ProfilingTime,41.20302979199914
SimulationTime,23.621986569
FramaCExecutionTime,117.59281498999917
TotalExecutionTime,5755.256085216999
