InputGenerationTime,0.2951946859830059
ProfilingTime,27.795846623019315
SimulationTime,117.85542313699261
FramaCExecutionTime,126.49901207099902
TotalExecutionTime,11030.128255378979
