InputGenerationTime,0.03647145791910589
ProfilingTime,19.52279029903002
SimulationTime,211.06616040098015
FramaCExecutionTime,90.35240423900541
TotalExecutionTime,4274.398440059042
