InputGenerationTime,0.07626064800024324
ProfilingTime,19.932946955999796
SimulationTime,11.812339262000023
FramaCExecutionTime,59.88686160399993
TotalExecutionTime,551.9210575930001
