InputGenerationTime,0.2698664650088176
ProfilingTime,38.110328481998295
SimulationTime,19.20182759698946
FramaCExecutionTime,179.84466144593898
TotalExecutionTime,1268.900206998922
