InputGenerationTime,0.15295539499493316
ProfilingTime,28.32393370700447
SimulationTime,19.772190556999703
FramaCExecutionTime,89.9493181259968
TotalExecutionTime,1960.0859570190005
