InputGenerationTime,0.18076778999966336
ProfilingTime,35.18694678799875
SimulationTime,18.676121694003086
FramaCExecutionTime,117.59281498999917
TotalExecutionTime,4517.692759412999
