InputGenerationTime,0.29270844598067924
ProfilingTime,29.949407802982023
SimulationTime,80.8537311849941
FramaCExecutionTime,116.0746045949927
TotalExecutionTime,2231.0738844129955
