InputGenerationTime,0.04487435601186007
ProfilingTime,19.716909226961434
SimulationTime,8.625013223965652
FramaCExecutionTime,89.0224654530175
TotalExecutionTime,1101.6067694840021
