InputGenerationTime,0.18076778999966336
ProfilingTime,34.187750490000326
SimulationTime,17.505006953000702
FramaCExecutionTime,117.59281498999917
TotalExecutionTime,4463.534918246001
