InputGenerationTime,0.08780007797759026
ProfilingTime,30.661030928022228
SimulationTime,16.8122231150046
FramaCExecutionTime,107.58787493401906
TotalExecutionTime,3126.6997100370354
