InputGenerationTime,0.02880856700357981
ProfilingTime,15.588992320001125
SimulationTime,10.839497198998288
FramaCExecutionTime,49.60165912899538
TotalExecutionTime,1393.0124823380029
