InputGenerationTime,0.19782912300433964
ProfilingTime,34.40208323299885
SimulationTime,13.977934770984575
FramaCExecutionTime,120.83434996008873
TotalExecutionTime,2714.0890839619096
