InputGenerationTime,0.3234236310236156
ProfilingTime,28.275543735013343
SimulationTime,250.2053377170232
FramaCExecutionTime,118.84747565101134
TotalExecutionTime,687.1118816779926
