InputGenerationTime,0.08807973000511993
ProfilingTime,35.47508213600668
SimulationTime,20.481456548994174
FramaCExecutionTime,104.4215551840025
TotalExecutionTime,210.22428048000438
