InputGenerationTime,0.05974107002839446
ProfilingTime,23.733215491985902
SimulationTime,9.688187843188643
FramaCExecutionTime,94.46663717599586
TotalExecutionTime,601.5762684361544
