InputGenerationTime,0.04074582800240023
ProfilingTime,24.569305896002334
SimulationTime,9.61607374400046
FramaCExecutionTime,95.56120953299978
TotalExecutionTime,1119.616426798002
