InputGenerationTime,0.05547416885383427
ProfilingTime,25.780482342932373
SimulationTime,15.142306951107457
FramaCExecutionTime,95.88349860697053
TotalExecutionTime,1714.3593599840533
