InputGenerationTime,0.20462099200085504
ProfilingTime,29.344372282997938
SimulationTime,21.065269702001387
FramaCExecutionTime,119.80521449099979
TotalExecutionTime,2071.342762971999
