InputGenerationTime,0.23651412897743285
ProfilingTime,23.64135498693213
SimulationTime,12.396213577012531
FramaCExecutionTime,114.27070531004574
TotalExecutionTime,722.493492768961
