InputGenerationTime,0.294005884003127
ProfilingTime,33.06294893100858
SimulationTime,20.51452439199784
FramaCExecutionTime,120.10160090000136
TotalExecutionTime,672.180766726
