InputGenerationTime,0.05246901400096249
ProfilingTime,24.76714213300147
SimulationTime,16.955017230997328
FramaCExecutionTime,99.9211063440016
TotalExecutionTime,3988.0571050299914
