InputGenerationTime,0.06064719200367108
ProfilingTime,28.76166134903906
SimulationTime,16.43595410999842
FramaCExecutionTime,106.90652724599931
TotalExecutionTime,1821.4066329040215
