InputGenerationTime,0.11109681602101773
ProfilingTime,20.35670328408014
SimulationTime,43.867216793005355
FramaCExecutionTime,95.02735664101783
TotalExecutionTime,4317.004535038024
