InputGenerationTime,0.06782107497565448
ProfilingTime,18.637122398009524
SimulationTime,17.384023018879816
FramaCExecutionTime,91.11508935387246
TotalExecutionTime,1123.0503120301291
