InputGenerationTime,0.294005884003127
ProfilingTime,32.558472010015976
SimulationTime,22.250431391003076
FramaCExecutionTime,120.10160090000136
TotalExecutionTime,868.6827029660053
