InputGenerationTime,0.15126023499760777
ProfilingTime,21.219315938011277
SimulationTime,18.9543073370005
FramaCExecutionTime,114.47119204199407
TotalExecutionTime,1318.026238690014
