InputGenerationTime,0.06828528999994887
ProfilingTime,23.412508312999762
SimulationTime,16.189471972999854
FramaCExecutionTime,95.84660604099963
TotalExecutionTime,2539.997237814
