InputGenerationTime,0.02432121099991491
ProfilingTime,9.783037040999261
SimulationTime,6.000375331999749
FramaCExecutionTime,41.77757867699984
TotalExecutionTime,87.40103470199938
