InputGenerationTime,0.0851615320007113
ProfilingTime,11.541163453999616
SimulationTime,8.202753388999554
FramaCExecutionTime,48.46413284600021
TotalExecutionTime,237.2591389579993
