InputGenerationTime,0.229954885027837
ProfilingTime,24.600836606987286
SimulationTime,17.348583533021156
FramaCExecutionTime,111.18525936000515
TotalExecutionTime,555.9878286109888
