InputGenerationTime,0.0497497089963872
ProfilingTime,31.125660324003547
SimulationTime,223.48319486400578
FramaCExecutionTime,106.16062168798817
TotalExecutionTime,1125.5679363569943
