InputGenerationTime,0.2155678939889185
ProfilingTime,25.751953815983143
SimulationTime,15.64811525202822
FramaCExecutionTime,117.01473909697961
TotalExecutionTime,1649.5223937859992
