InputGenerationTime,0.09734716100501828
ProfilingTime,28.40223993800464
SimulationTime,19.85490496100101
FramaCExecutionTime,106.48393925699929
TotalExecutionTime,4726.573698294989
