InputGenerationTime,0.06559167301747948
ProfilingTime,28.49215040204581
SimulationTime,15.502738968993071
FramaCExecutionTime,104.80555936798919
TotalExecutionTime,311.5987151429872
