InputGenerationTime,0.0791702719998284
ProfilingTime,10.940085464000731
SimulationTime,6.920566251999844
FramaCExecutionTime,50.45893695700033
TotalExecutionTime,769.5076048329993
