InputGenerationTime,0.13892562800174346
ProfilingTime,38.722278611996444
SimulationTime,26.020945409996784
FramaCExecutionTime,111.13148282000111
TotalExecutionTime,809.2903447440003
