InputGenerationTime,0.05724849900070694
ProfilingTime,24.523660454000492
SimulationTime,11.659003875000053
FramaCExecutionTime,97.37556695500098
TotalExecutionTime,887.2331558030019
