InputGenerationTime,0.15557446299999356
ProfilingTime,38.776917195999886
SimulationTime,23.432358643000043
FramaCExecutionTime,114.42043770899954
TotalExecutionTime,4259.339494954001
