InputGenerationTime,0.11737045999325346
ProfilingTime,43.86571077500412
SimulationTime,25.595997271011584
FramaCExecutionTime,130.64505490900774
TotalExecutionTime,6433.458354000002
