InputGenerationTime,0.08780007797759026
ProfilingTime,26.117339249001816
SimulationTime,13.246805536036845
FramaCExecutionTime,107.58787493401906
TotalExecutionTime,2428.227571287018
