InputGenerationTime,0.2616646940005012
ProfilingTime,49.504785384997376
SimulationTime,38.155519813000865
FramaCExecutionTime,136.35455956900114
TotalExecutionTime,2788.7851533099965
