InputGenerationTime,0.2852700619987445
ProfilingTime,36.00013850800315
SimulationTime,25.749173418000282
FramaCExecutionTime,121.69274858300196
TotalExecutionTime,5602.086516168001
