InputGenerationTime,0.06883503001881763
ProfilingTime,27.71245963097317
SimulationTime,18.377905683009885
FramaCExecutionTime,106.64326668903232
TotalExecutionTime,2255.147155683022
