InputGenerationTime,0.09243679200005772
ProfilingTime,43.12058594999985
SimulationTime,23.88295956999991
FramaCExecutionTime,140.29446766800004
TotalExecutionTime,207.40592443799994
