InputGenerationTime,0.29120918099943083
ProfilingTime,40.38127345399698
SimulationTime,262.1960507850017
FramaCExecutionTime,140.39637216499978
TotalExecutionTime,15407.313562973002
