InputGenerationTime,0.1322396129999106
ProfilingTime,13.08601460600039
SimulationTime,7.979734804000145
FramaCExecutionTime,55.91579891600031
TotalExecutionTime,304.1931560940002
