InputGenerationTime,0.06595401199956541
ProfilingTime,16.83515058499961
SimulationTime,9.133137934999468
FramaCExecutionTime,58.418587621999905
TotalExecutionTime,1089.643201107
