InputGenerationTime,0.05632666900055483
ProfilingTime,28.849066103008226
SimulationTime,18.85226141900057
FramaCExecutionTime,103.49272005399689
TotalExecutionTime,2684.5039374909975
