InputGenerationTime,0.05974107002839446
ProfilingTime,28.228320487076417
SimulationTime,12.16255054809153
FramaCExecutionTime,94.46663717599586
TotalExecutionTime,454.12010666099377
