InputGenerationTime,0.05124002699449193
ProfilingTime,37.397326418999
SimulationTime,52.63111064200348
FramaCExecutionTime,104.36231635800505
TotalExecutionTime,5659.867972619002
