InputGenerationTime,0.2780745880008908
ProfilingTime,40.69741518999945
SimulationTime,37.450795439996
FramaCExecutionTime,147.1211182670013
TotalExecutionTime,7748.8556464540015
