InputGenerationTime,0.46168155898340046
ProfilingTime,25.06635100604035
SimulationTime,20.14140226005111
FramaCExecutionTime,128.98384912509937
TotalExecutionTime,1535.1331897019409
