InputGenerationTime,0.23208729503676295
ProfilingTime,24.677917121967766
SimulationTime,87.77162351401057
FramaCExecutionTime,100.15079668501858
TotalExecutionTime,780.7431744349888
