InputGenerationTime,0.02880856700357981
ProfilingTime,16.160761377999734
SimulationTime,8.831439642002806
FramaCExecutionTime,49.60165912899538
TotalExecutionTime,954.4336261990029
