InputGenerationTime,0.3489217610040214
ProfilingTime,24.102777145999426
SimulationTime,19.035414799000137
FramaCExecutionTime,101.74599396999838
TotalExecutionTime,1949.717483882996
