InputGenerationTime,0.05632666900055483
ProfilingTime,30.300226982013555
SimulationTime,20.968987712010858
FramaCExecutionTime,103.49272005399689
TotalExecutionTime,1689.3049544009991
