InputGenerationTime,0.5125337750068866
ProfilingTime,32.54539964097785
SimulationTime,21.348732118000044
FramaCExecutionTime,149.69917792000342
TotalExecutionTime,4296.994647765008
