InputGenerationTime,0.3232922659954056
ProfilingTime,23.471684959949926
SimulationTime,58.119718222063966
FramaCExecutionTime,123.42935546697117
TotalExecutionTime,2732.342614851892
