InputGenerationTime,0.08297437703004107
ProfilingTime,21.31123251200188
SimulationTime,28.297113250009716
FramaCExecutionTime,103.6552166279871
TotalExecutionTime,3729.22627115302
