InputGenerationTime,0.5125337750068866
ProfilingTime,29.07409004602232
SimulationTime,16.722908534982707
FramaCExecutionTime,149.69917792000342
TotalExecutionTime,5014.5024252470175
