InputGenerationTime,0.05441822297871113
ProfilingTime,22.268065773881972
SimulationTime,213.01355172204785
FramaCExecutionTime,93.7210614560172
TotalExecutionTime,329.0731165308971
