InputGenerationTime,0.10488404300122056
ProfilingTime,37.77905645099963
SimulationTime,20.65825380000024
FramaCExecutionTime,118.49847431200033
TotalExecutionTime,2588.3511397330003
