InputGenerationTime,0.26520692789927125
ProfilingTime,37.338862612028606
SimulationTime,18.90679466491565
FramaCExecutionTime,172.96581168298144
TotalExecutionTime,2691.999997471925
