InputGenerationTime,0.16970555897569284
ProfilingTime,40.83445461897645
SimulationTime,761.5886350049987
FramaCExecutionTime,116.65334182599327
TotalExecutionTime,12358.817135072022
