InputGenerationTime,0.03731615799915744
ProfilingTime,25.47074435200193
SimulationTime,14.586827616003575
FramaCExecutionTime,98.2822837460044
TotalExecutionTime,1771.105091063997
