InputGenerationTime,0.22147605799546
ProfilingTime,41.95661500999995
SimulationTime,28.180353085997922
FramaCExecutionTime,139.0204824370012
TotalExecutionTime,4939.047133763001
