InputGenerationTime,0.11390176499844529
ProfilingTime,37.17037865200109
SimulationTime,21.604119408999395
FramaCExecutionTime,109.5342480060026
TotalExecutionTime,4137.653491441
