InputGenerationTime,0.01746885300053691
ProfilingTime,9.950981407000654
SimulationTime,6.517318010999588
FramaCExecutionTime,39.659135420000894
TotalExecutionTime,730.5398870989993
