InputGenerationTime,0.21989744500024244
ProfilingTime,25.003346406039782
SimulationTime,214.1530756909633
FramaCExecutionTime,110.1814316730015
TotalExecutionTime,4114.84248837101
