InputGenerationTime,0.08807973000511993
ProfilingTime,31.486339741997654
SimulationTime,23.92836100999557
FramaCExecutionTime,104.4215551840025
TotalExecutionTime,1275.8816922859987
