InputGenerationTime,0.18170733300212305
ProfilingTime,26.90301807400101
SimulationTime,19.632623352008522
FramaCExecutionTime,99.81084801500401
TotalExecutionTime,3661.9541146819975
