InputGenerationTime,0.26684155499970075
ProfilingTime,22.70413296400511
SimulationTime,103.92295728599856
FramaCExecutionTime,94.79318434699962
TotalExecutionTime,609.4221735270039
