InputGenerationTime,0.12488321099954192
ProfilingTime,24.7148541380011
SimulationTime,17.686967228997673
FramaCExecutionTime,88.36304531300266
TotalExecutionTime,2988.8557437929994
