InputGenerationTime,0.1260524740209803
ProfilingTime,24.461065649986267
SimulationTime,46.76670212298632
FramaCExecutionTime,94.21775655599777
TotalExecutionTime,7815.2673166419845
