InputGenerationTime,0.03647145791910589
ProfilingTime,19.537504662992433
SimulationTime,210.74523975001648
FramaCExecutionTime,90.35240423900541
TotalExecutionTime,4014.363979195943
