InputGenerationTime,0.2171286300290376
ProfilingTime,21.96450855000876
SimulationTime,210.97642868803814
FramaCExecutionTime,112.72816676006187
TotalExecutionTime,6568.91542187403
