InputGenerationTime,0.26520692789927125
ProfilingTime,37.2826378790196
SimulationTime,16.87788823596202
FramaCExecutionTime,172.96581168298144
TotalExecutionTime,1934.539483462926
