InputGenerationTime,0.30299885899876244
ProfilingTime,28.397970205987804
SimulationTime,17.44631546799792
FramaCExecutionTime,115.40188249299536
TotalExecutionTime,1239.6566028739908
