InputGenerationTime,0.23208729503676295
ProfilingTime,23.55467447801493
SimulationTime,70.11292430199683
FramaCExecutionTime,100.15079668501858
TotalExecutionTime,287.56598881899845
