InputGenerationTime,0.106488331919536
ProfilingTime,49.55986992898397
SimulationTime,6.125238036969677
FramaCExecutionTime,107.84012395399623
TotalExecutionTime,10223.72930028895
