InputGenerationTime,0.3232922659954056
ProfilingTime,21.81158326403238
SimulationTime,60.20523734902963
FramaCExecutionTime,123.42935546697117
TotalExecutionTime,3400.503653924912
