InputGenerationTime,0.26157120897551067
ProfilingTime,29.409742585005006
SimulationTime,19.855595519009512
FramaCExecutionTime,121.93693389900727
TotalExecutionTime,1902.285904246004
