InputGenerationTime,0.06673876900458708
ProfilingTime,29.3146986340289
SimulationTime,15.827028601022903
FramaCExecutionTime,105.7249488600064
TotalExecutionTime,2052.6439637700096
