InputGenerationTime,0.06064719200367108
ProfilingTime,28.904782973986585
SimulationTime,16.06153105397243
FramaCExecutionTime,106.90652724599931
TotalExecutionTime,1729.5911505100084
