InputGenerationTime,0.18785828900581691
ProfilingTime,55.25946505100001
SimulationTime,38.91852807099349
FramaCExecutionTime,130.39241952699376
TotalExecutionTime,1260.283125656002
