InputGenerationTime,0.07230846700258553
ProfilingTime,23.80447740101954
SimulationTime,231.1874803720275
FramaCExecutionTime,106.69600580900442
TotalExecutionTime,18473.793874590017
