InputGenerationTime,0.06748960799995984
ProfilingTime,11.774828408999383
SimulationTime,7.683984202998545
FramaCExecutionTime,45.455020551000416
TotalExecutionTime,120.23651139499998
