InputGenerationTime,0.5117717100074515
ProfilingTime,23.479467228055
SimulationTime,48.05375701596495
FramaCExecutionTime,127.56641766999383
TotalExecutionTime,526.7566795909079
