InputGenerationTime,0.3232922659954056
ProfilingTime,24.503027840983123
SimulationTime,58.7390618249774
FramaCExecutionTime,123.42935546697117
TotalExecutionTime,2400.5440968389157
