InputGenerationTime,0.02344999100023415
ProfilingTime,12.053183538999292
SimulationTime,6.868379212999571
FramaCExecutionTime,44.093769834998966
TotalExecutionTime,601.3189521189997
