InputGenerationTime,0.07569622099981643
ProfilingTime,13.23588260699944
SimulationTime,7.431570572000055
FramaCExecutionTime,48.96770703600032
TotalExecutionTime,475.20557362099953
