InputGenerationTime,0.05989754600159358
ProfilingTime,24.610830506993807
SimulationTime,19.01364961999934
FramaCExecutionTime,101.61069593699358
TotalExecutionTime,2900.687711681996
