InputGenerationTime,0.11135036498308182
ProfilingTime,19.352185745025054
SimulationTime,17.07743211707566
FramaCExecutionTime,94.48343334102537
TotalExecutionTime,1249.7530331090093
