InputGenerationTime,0.36039209901355207
ProfilingTime,25.085764304967597
SimulationTime,214.84795461804606
FramaCExecutionTime,125.7520459779771
TotalExecutionTime,2462.477859154111
