InputGenerationTime,0.21752191695850343
ProfilingTime,25.610713263973594
SimulationTime,217.22645590803586
FramaCExecutionTime,113.90528678707778
TotalExecutionTime,9000.649195268052
