InputGenerationTime,0.22719534100178862
ProfilingTime,49.061466582999856
SimulationTime,253.6186902490008
FramaCExecutionTime,129.50138765100564
TotalExecutionTime,3973.114069827003
