InputGenerationTime,0.03413906300011149
ProfilingTime,20.89474122699903
SimulationTime,215.45841775400186
FramaCExecutionTime,92.74365047799984
TotalExecutionTime,13576.746150857001
