InputGenerationTime,0.1973126189550385
ProfilingTime,45.49354220798705
SimulationTime,59.97329009301029
FramaCExecutionTime,110.4989025190007
TotalExecutionTime,2263.997724062996
