InputGenerationTime,0.5458302329934668
ProfilingTime,28.5873303420085
SimulationTime,14.79936980799539
FramaCExecutionTime,135.8646732600173
TotalExecutionTime,3718.840281728015
