InputGenerationTime,0.2567060510045849
ProfilingTime,25.405640887001937
SimulationTime,112.00458982599957
FramaCExecutionTime,101.65106537199608
TotalExecutionTime,11660.048319812006
