InputGenerationTime,0.05978687900096702
ProfilingTime,13.058344714001578
SimulationTime,7.80820072700044
FramaCExecutionTime,49.88949812200008
TotalExecutionTime,893.2530725699999
