InputGenerationTime,0.0712742239702493
ProfilingTime,27.483724905003328
SimulationTime,18.551558930019382
FramaCExecutionTime,105.79948802501895
TotalExecutionTime,1878.9001437699771
