InputGenerationTime,0.08441820700682001
ProfilingTime,25.041472493001493
SimulationTime,14.637799628006178
FramaCExecutionTime,98.15719956099929
TotalExecutionTime,1298.7889830119966
