InputGenerationTime,0.22179850202519447
ProfilingTime,31.981670046923682
SimulationTime,67.35186550603248
FramaCExecutionTime,150.7494653709
TotalExecutionTime,3501.4657049139496
