InputGenerationTime,0.26157120897551067
ProfilingTime,33.432175747002475
SimulationTime,18.24831461699796
FramaCExecutionTime,121.93693389900727
TotalExecutionTime,2103.4044371589844
