InputGenerationTime,0.5459449000190943
ProfilingTime,31.07844709098572
SimulationTime,21.86358448700048
FramaCExecutionTime,142.59089715700247
TotalExecutionTime,3312.670078910014
