InputGenerationTime,0.04072097299649613
ProfilingTime,24.108278829000483
SimulationTime,15.734457498998381
FramaCExecutionTime,95.01072702199599
TotalExecutionTime,3756.859249669
