InputGenerationTime,0.06748960799995984
ProfilingTime,12.504045831999974
SimulationTime,7.184129735998795
FramaCExecutionTime,45.455020551000416
TotalExecutionTime,445.46352717099944
