InputGenerationTime,0.08587797201471403
ProfilingTime,38.63699908799026
SimulationTime,76.09698326600483
FramaCExecutionTime,105.58347059699008
TotalExecutionTime,29200.322004483023
