InputGenerationTime,0.04804642405360937
ProfilingTime,21.143100343993865
SimulationTime,10.247487180051394
FramaCExecutionTime,90.74596772296354
TotalExecutionTime,1018.153737498913
