InputGenerationTime,0.2581516409991309
ProfilingTime,25.098754753998946
SimulationTime,244.10650189500302
FramaCExecutionTime,121.72503140498884
TotalExecutionTime,7318.061153265007
