InputGenerationTime,0.08119252510368824
ProfilingTime,32.84221199899912
SimulationTime,26.443386886036023
FramaCExecutionTime,113.96024039201438
TotalExecutionTime,3049.7054026570404
