InputGenerationTime,0.18249052000464872
ProfilingTime,23.18227209500037
SimulationTime,66.81371414702153
FramaCExecutionTime,95.15639482502593
TotalExecutionTime,6110.391448095033
