InputGenerationTime,0.06134531200223137
ProfilingTime,39.3648149780056
SimulationTime,21.141888486003154
FramaCExecutionTime,105.47228164300031
TotalExecutionTime,2739.739377042002
