InputGenerationTime,0.328370483010076
ProfilingTime,29.713514262984972
SimulationTime,12.77895070600789
FramaCExecutionTime,125.33717997098574
TotalExecutionTime,1277.5661830740282
