InputGenerationTime,0.15126023499760777
ProfilingTime,21.940123177017085
SimulationTime,19.847036140039563
FramaCExecutionTime,114.47119204199407
TotalExecutionTime,1859.415187806997
