InputGenerationTime,0.2518795130017679
ProfilingTime,34.59409372898517
SimulationTime,17.165993847011123
FramaCExecutionTime,128.72929689101875
TotalExecutionTime,1643.8862310640106
