InputGenerationTime,0.15295539499493316
ProfilingTime,24.651708600002166
SimulationTime,17.39587631800532
FramaCExecutionTime,89.9493181259968
TotalExecutionTime,1573.469644880999
