InputGenerationTime,0.06825365099984992
ProfilingTime,23.180054397000276
SimulationTime,15.998769997000181
FramaCExecutionTime,96.30293493099998
TotalExecutionTime,1898.084099386
