InputGenerationTime,0.0626839460019255
ProfilingTime,31.116066176997265
SimulationTime,19.037120304012205
FramaCExecutionTime,104.38985318000778
TotalExecutionTime,4214.968926018992
