InputGenerationTime,0.08780276495963335
ProfilingTime,19.08347909990698
SimulationTime,138.0556623910088
FramaCExecutionTime,97.10535426600836
TotalExecutionTime,1745.4316587590147
