InputGenerationTime,0.5491699959966354
ProfilingTime,36.166785914014326
SimulationTime,20.701977739023278
FramaCExecutionTime,132.03446686899406
TotalExecutionTime,411.4899659579969
