InputGenerationTime,0.05974107002839446
ProfilingTime,32.60753086116165
SimulationTime,12.786703757941723
FramaCExecutionTime,94.46663717599586
TotalExecutionTime,735.8498847379815
