InputGenerationTime,0.2581516409991309
ProfilingTime,24.628553639049642
SimulationTime,245.27826300199376
FramaCExecutionTime,121.72503140498884
TotalExecutionTime,7588.0280834909645
