InputGenerationTime,0.23825610300991684
ProfilingTime,25.308043945988175
SimulationTime,244.99749167496338
FramaCExecutionTime,125.86535251897294
TotalExecutionTime,21384.862947607005
