InputGenerationTime,0.05550380299973767
ProfilingTime,27.28275669499999
SimulationTime,15.878873921988998
FramaCExecutionTime,105.84851150700706
TotalExecutionTime,3272.5240774440026
