InputGenerationTime,0.06716115004383028
ProfilingTime,18.89055300108157
SimulationTime,16.876123666996136
FramaCExecutionTime,91.8677742651198
TotalExecutionTime,199.53122793603688
