InputGenerationTime,0.08119252510368824
ProfilingTime,33.19272567995358
SimulationTime,26.966400898993015
FramaCExecutionTime,113.96024039201438
TotalExecutionTime,3609.565400858992
