InputGenerationTime,0.26157120897551067
ProfilingTime,28.342050906008808
SimulationTime,19.93324541999027
FramaCExecutionTime,121.93693389900727
TotalExecutionTime,2510.4472156830016
