InputGenerationTime,0.24693168800149579
ProfilingTime,49.77869060300873
SimulationTime,56.49656702300126
FramaCExecutionTime,135.26416748500196
TotalExecutionTime,4209.31673808601
