InputGenerationTime,0.08780007797759026
ProfilingTime,28.191331866953988
SimulationTime,15.933871590998024
FramaCExecutionTime,107.58787493401906
TotalExecutionTime,2637.0736987940036
