InputGenerationTime,0.1860354489999736
ProfilingTime,28.858829227999877
SimulationTime,20.084608074000016
FramaCExecutionTime,133.846350332
TotalExecutionTime,1050.077829504
