InputGenerationTime,0.18582355696707964
ProfilingTime,25.38140191999264
SimulationTime,17.808224531007
FramaCExecutionTime,131.82039032201283
TotalExecutionTime,2814.4527608579956
