InputGenerationTime,0.02344999100023415
ProfilingTime,12.561270982998394
SimulationTime,6.878629736000221
FramaCExecutionTime,44.093769834998966
TotalExecutionTime,830.3596000379985
