InputGenerationTime,0.03941600100370124
ProfilingTime,23.420591415000672
SimulationTime,217.33847092700307
FramaCExecutionTime,95.25604605099943
TotalExecutionTime,6932.213810033005
