InputGenerationTime,0.04533246399660129
ProfilingTime,28.356716880996828
SimulationTime,227.86299324900028
FramaCExecutionTime,102.04172662799829
TotalExecutionTime,17352.900548392994
