InputGenerationTime,0.20753930194769055
ProfilingTime,18.886739264940843
SimulationTime,215.97661274601705
FramaCExecutionTime,108.56039979495108
TotalExecutionTime,5936.846752939979
