InputGenerationTime,0.11390176499844529
ProfilingTime,34.153663644003245
SimulationTime,20.708132994001062
FramaCExecutionTime,109.5342480060026
TotalExecutionTime,3782.8994405390004
