InputGenerationTime,0.23651412897743285
ProfilingTime,24.05564992094878
SimulationTime,13.072826710063964
FramaCExecutionTime,114.27070531004574
TotalExecutionTime,468.20760462991893
