InputGenerationTime,0.2581516409991309
ProfilingTime,25.540173268993385
SimulationTime,244.31335279199993
FramaCExecutionTime,121.72503140498884
TotalExecutionTime,8403.99833478796
