InputGenerationTime,0.08813246099816752
ProfilingTime,38.677431026000704
SimulationTime,22.494431443003123
FramaCExecutionTime,108.73251284900107
TotalExecutionTime,859.3066922870021
