InputGenerationTime,0.10097159299766645
ProfilingTime,45.62044725799933
SimulationTime,227.61778033600422
FramaCExecutionTime,110.10803324502194
TotalExecutionTime,27046.428559068998
