InputGenerationTime,0.08706269499816699
ProfilingTime,40.7166068689985
SimulationTime,30.818368395997823
FramaCExecutionTime,108.95056382500115
TotalExecutionTime,5426.871976963001
