InputGenerationTime,0.2537088650001351
ProfilingTime,29.35543943699986
SimulationTime,20.040999459999966
FramaCExecutionTime,127.66620908499999
TotalExecutionTime,2043.2539003499999
