InputGenerationTime,0.2623665229184553
ProfilingTime,25.379727603984065
SimulationTime,12.552012086031027
FramaCExecutionTime,115.6550668469863
TotalExecutionTime,447.79259487998206
