InputGenerationTime,0.07569622099981643
ProfilingTime,12.67245284099954
SimulationTime,8.274854817000232
FramaCExecutionTime,48.96770703600032
TotalExecutionTime,236.61979122399953
