InputGenerationTime,0.17561334901256487
ProfilingTime,26.146905248024268
SimulationTime,151.21358155901544
FramaCExecutionTime,126.73664757199003
TotalExecutionTime,8366.149600698991
