InputGenerationTime,0.18418349499552278
ProfilingTime,56.88224477300537
SimulationTime,274.0213686460047
FramaCExecutionTime,134.15536504299962
TotalExecutionTime,12302.444448212002
