InputGenerationTime,0.03244398299830209
ProfilingTime,20.454952603999118
SimulationTime,213.9175461040013
FramaCExecutionTime,92.58095922599932
TotalExecutionTime,5661.786901928
