InputGenerationTime,0.06472448515705764
ProfilingTime,19.621868283953518
SimulationTime,211.78010481293313
FramaCExecutionTime,89.01774519495666
TotalExecutionTime,4960.310820052866
