InputGenerationTime,0.07569622099981643
ProfilingTime,12.393822590999662
SimulationTime,7.449186669000483
FramaCExecutionTime,48.96770703600032
TotalExecutionTime,157.02467425299983
