InputGenerationTime,0.05724849900070694
ProfilingTime,23.9117204260001
SimulationTime,11.025037620998773
FramaCExecutionTime,97.37556695500098
TotalExecutionTime,960.3530232830017
