InputGenerationTime,0.2518795130017679
ProfilingTime,35.77796368900454
SimulationTime,18.379868365009315
FramaCExecutionTime,128.72929689101875
TotalExecutionTime,2070.420711290004
