InputGenerationTime,0.11123362099897349
ProfilingTime,39.31628257000193
SimulationTime,24.52054262599995
FramaCExecutionTime,111.88471470699733
TotalExecutionTime,1953.8237540520022
