InputGenerationTime,0.106488331919536
ProfilingTime,33.41815485386178
SimulationTime,156.85375597304665
FramaCExecutionTime,107.84012395399623
TotalExecutionTime,7409.766518343007
