InputGenerationTime,0.11488254508003592
ProfilingTime,32.067215395043604
SimulationTime,27.562412503059022
FramaCExecutionTime,134.28010943497065
TotalExecutionTime,2190.7507793100085
