InputGenerationTime,0.07863106299191713
ProfilingTime,30.099328774027526
SimulationTime,15.963191491027828
FramaCExecutionTime,106.38991733599687
TotalExecutionTime,4025.1340589800384
