InputGenerationTime,0.04219626891426742
ProfilingTime,21.758001134032384
SimulationTime,6.313365719048306
FramaCExecutionTime,89.77886800491251
TotalExecutionTime,1761.0488351918757
