InputGenerationTime,0.2567060510045849
ProfilingTime,26.714996668997628
SimulationTime,114.79574379199767
FramaCExecutionTime,101.65106537199608
TotalExecutionTime,11522.552648347999
