InputGenerationTime,0.19766114899903187
ProfilingTime,28.874597686000925
SimulationTime,20.25032898900099
FramaCExecutionTime,120.10270344499804
TotalExecutionTime,1079.7806800830003
