InputGenerationTime,0.07626064800024324
ProfilingTime,18.39811606799958
SimulationTime,11.37679142199977
FramaCExecutionTime,59.88686160399993
TotalExecutionTime,487.58849979800016
