InputGenerationTime,0.08888787199975923
ProfilingTime,38.71908504900057
SimulationTime,25.573353133993805
FramaCExecutionTime,102.41301443899283
TotalExecutionTime,1008.0525046009861
