InputGenerationTime,0.2518795130017679
ProfilingTime,37.5422046459862
SimulationTime,17.00683932902757
FramaCExecutionTime,128.72929689101875
TotalExecutionTime,2536.6222395150107
