InputGenerationTime,0.03647145791910589
ProfilingTime,19.26441771897953
SimulationTime,210.9230082030408
FramaCExecutionTime,90.35240423900541
TotalExecutionTime,2629.0894715699833
