InputGenerationTime,0.0990121210925281
ProfilingTime,48.06605200399645
SimulationTime,249.28849777509458
FramaCExecutionTime,107.4057569380384
TotalExecutionTime,4492.931145718088
