InputGenerationTime,0.1727162059978582
ProfilingTime,32.14218630400137
SimulationTime,76.73097470001085
FramaCExecutionTime,121.51857166702393
TotalExecutionTime,7142.554260518984
