InputGenerationTime,0.146842653004569
ProfilingTime,29.280349128006492
SimulationTime,19.44433280100202
FramaCExecutionTime,89.65716592899844
TotalExecutionTime,593.1886101269993
