InputGenerationTime,0.18929134996142238
ProfilingTime,20.82506216096226
SimulationTime,210.84499162400607
FramaCExecutionTime,116.21079802402528
TotalExecutionTime,16843.44347762299
