InputGenerationTime,0.1907245700713247
ProfilingTime,18.413910857052542
SimulationTime,636.6523707209853
FramaCExecutionTime,107.36546195601113
TotalExecutionTime,12586.598761192057
