InputGenerationTime,0.1907245700713247
ProfilingTime,18.937483442015946
SimulationTime,609.9137436930323
FramaCExecutionTime,107.36546195601113
TotalExecutionTime,4380.051846662071
