InputGenerationTime,0.06595401199956541
ProfilingTime,17.57132208300027
SimulationTime,8.19807912899978
FramaCExecutionTime,58.418587621999905
TotalExecutionTime,804.4891456109999
