InputGenerationTime,0.29270844598067924
ProfilingTime,30.63971777301049
SimulationTime,79.25690043199575
FramaCExecutionTime,116.0746045949927
TotalExecutionTime,3127.4657244309783
