InputGenerationTime,0.11488254508003592
ProfilingTime,29.441269244998693
SimulationTime,26.734557160991244
FramaCExecutionTime,134.28010943497065
TotalExecutionTime,3179.2497541439952
