InputGenerationTime,0.19766114899903187
ProfilingTime,24.433452253000723
SimulationTime,21.447228419998282
FramaCExecutionTime,120.10270344499804
TotalExecutionTime,166.19987722599762
