InputGenerationTime,0.06134531200223137
ProfilingTime,30.955489764994127
SimulationTime,16.670746239993605
FramaCExecutionTime,105.47228164300031
TotalExecutionTime,1941.0897535440017
