InputGenerationTime,0.05632666900055483
ProfilingTime,32.841250956000295
SimulationTime,20.82147771900054
FramaCExecutionTime,103.49272005399689
TotalExecutionTime,1539.247021121002
