InputGenerationTime,0.07834984001237899
ProfilingTime,27.009349934000056
SimulationTime,17.544350689975545
FramaCExecutionTime,108.21301396400668
TotalExecutionTime,743.053164240031
