InputGenerationTime,0.01746885300053691
ProfilingTime,9.66287951599952
SimulationTime,6.373716735999551
FramaCExecutionTime,39.659135420000894
TotalExecutionTime,762.7345539399994
