InputGenerationTime,0.1776239509927109
ProfilingTime,31.404860552982427
SimulationTime,15.572808939032257
FramaCExecutionTime,144.69820828095544
TotalExecutionTime,332.88266654498875
