InputGenerationTime,0.21990838996134698
ProfilingTime,18.854585169930942
SimulationTime,8.35854460101109
FramaCExecutionTime,108.54226218396798
TotalExecutionTime,163.17203247104771
