InputGenerationTime,0.36039209901355207
ProfilingTime,19.97599691594951
SimulationTime,209.10508027498145
FramaCExecutionTime,125.7520459779771
TotalExecutionTime,814.6330669370946
