InputGenerationTime,0.20075722900219262
ProfilingTime,24.758427368011326
SimulationTime,240.72618697799044
FramaCExecutionTime,120.85969471401768
TotalExecutionTime,13159.278685709985
