InputGenerationTime,0.21722360595595092
ProfilingTime,32.533364583039656
SimulationTime,230.186573860934
FramaCExecutionTime,123.38338132703211
TotalExecutionTime,7247.680998375989
