InputGenerationTime,0.5117717100074515
ProfilingTime,25.454302893951535
SimulationTime,48.30737728194799
FramaCExecutionTime,127.56641766999383
TotalExecutionTime,814.4013095839182
