InputGenerationTime,0.08321001699914632
ProfilingTime,35.21929997799998
SimulationTime,110.50635099500141
FramaCExecutionTime,108.04663024299953
TotalExecutionTime,4724.254715575
