InputGenerationTime,0.1776239509927109
ProfilingTime,32.53179108595941
SimulationTime,17.465079871937633
FramaCExecutionTime,144.69820828095544
TotalExecutionTime,552.2672570029972
