InputGenerationTime,0.0869224370107986
ProfilingTime,26.74399030196946
SimulationTime,18.57018550200155
FramaCExecutionTime,107.27235301001929
TotalExecutionTime,2710.8909203170333
