InputGenerationTime,0.06673876900458708
ProfilingTime,28.99848695495166
SimulationTime,15.537303944001906
FramaCExecutionTime,105.7249488600064
TotalExecutionTime,1778.1135501239914
