InputGenerationTime,0.04219626891426742
ProfilingTime,18.77282127807848
SimulationTime,18.87261779489927
FramaCExecutionTime,89.77886800491251
TotalExecutionTime,1886.9533419378567
