InputGenerationTime,0.22197016500285827
ProfilingTime,26.01584698499937
SimulationTime,18.070881685009226
FramaCExecutionTime,102.733615930003
TotalExecutionTime,5003.580660268999
