InputGenerationTime,0.08637258899398148
ProfilingTime,29.02207093499601
SimulationTime,15.011359483003616
FramaCExecutionTime,104.87469518801663
TotalExecutionTime,3276.7152269380167
