InputGenerationTime,0.18446814600611106
ProfilingTime,20.524499622988515
SimulationTime,210.41292654396966
FramaCExecutionTime,112.07018067297759
TotalExecutionTime,11740.945681212004
