InputGenerationTime,0.30700588898616843
ProfilingTime,30.7134704850032
SimulationTime,21.61418970799423
FramaCExecutionTime,126.14888849700219
TotalExecutionTime,4170.665964892978
