InputGenerationTime,0.10224440705496818
ProfilingTime,20.151184989954345
SimulationTime,17.25059778103605
FramaCExecutionTime,96.26200270303525
TotalExecutionTime,279.9153343150392
