InputGenerationTime,0.18170733300212305
ProfilingTime,31.72328857499815
SimulationTime,20.89425915299944
FramaCExecutionTime,99.81084801500401
TotalExecutionTime,3411.460382024001
