InputGenerationTime,0.05974107002839446
ProfilingTime,32.29774319892749
SimulationTime,12.715198261896148
FramaCExecutionTime,94.46663717599586
TotalExecutionTime,690.39950645715
