InputGenerationTime,0.05511531299998751
ProfilingTime,21.103462499006127
SimulationTime,218.45789051199972
FramaCExecutionTime,94.72058908399777
TotalExecutionTime,13792.475981692005
