InputGenerationTime,0.2581516409991309
ProfilingTime,24.50731012102915
SimulationTime,243.78099120402476
FramaCExecutionTime,121.72503140498884
TotalExecutionTime,7048.7529935299535
