InputGenerationTime,0.20462099200085504
ProfilingTime,27.881265343999985
SimulationTime,23.117162234997522
FramaCExecutionTime,119.80521449099979
TotalExecutionTime,1670.7575409889978
