InputGenerationTime,0.5491699959966354
ProfilingTime,24.446035551984096
SimulationTime,14.890307927009417
FramaCExecutionTime,132.03446686899406
TotalExecutionTime,171.97181665399694
