InputGenerationTime,0.2537088650001351
ProfilingTime,26.448800794999897
SimulationTime,18.014632739999797
FramaCExecutionTime,127.66620908499999
TotalExecutionTime,1792.260279685
