InputGenerationTime,0.07747332500002813
ProfilingTime,36.87490685599914
SimulationTime,21.0347524809913
FramaCExecutionTime,107.59819377001259
TotalExecutionTime,903.9877112030081
