InputGenerationTime,0.27715257002273574
ProfilingTime,34.47495392500423
SimulationTime,20.251959715998964
FramaCExecutionTime,128.3411734039837
TotalExecutionTime,4151.677564231999
