InputGenerationTime,0.26520692789927125
ProfilingTime,37.05275748600252
SimulationTime,18.585518426960334
FramaCExecutionTime,172.96581168298144
TotalExecutionTime,2458.7237773069646
