InputGenerationTime,0.2852700619987445
ProfilingTime,35.380285180996
SimulationTime,25.992328416999953
FramaCExecutionTime,121.69274858300196
TotalExecutionTime,6185.825090233
