InputGenerationTime,0.3203130920010153
ProfilingTime,30.012117952981498
SimulationTime,22.97381950399722
FramaCExecutionTime,125.05516551900655
TotalExecutionTime,571.2778267249814
