InputGenerationTime,0.04219626891426742
ProfilingTime,18.75982915307395
SimulationTime,18.755710692843422
FramaCExecutionTime,89.77886800491251
TotalExecutionTime,1600.6754622568842
