InputGenerationTime,0.15295539499493316
ProfilingTime,24.496234955004184
SimulationTime,15.855132456003048
FramaCExecutionTime,89.9493181259968
TotalExecutionTime,1262.177564235004
