InputGenerationTime,0.3468931099996553
ProfilingTime,23.84662211900286
SimulationTime,17.710303193998698
FramaCExecutionTime,97.67858885599708
TotalExecutionTime,3014.339703505
