InputGenerationTime,0.2734934970503673
ProfilingTime,24.520222952007316
SimulationTime,17.521080525009893
FramaCExecutionTime,118.28702378703747
TotalExecutionTime,1949.1001212000847
