InputGenerationTime,0.08069608799996786
ProfilingTime,31.860134205999202
SimulationTime,13.790728815001785
FramaCExecutionTime,106.32470165600535
TotalExecutionTime,4342.244383465004
