InputGenerationTime,0.13310052594169974
ProfilingTime,40.06643967702985
SimulationTime,30.286232333048247
FramaCExecutionTime,137.11517138092313
TotalExecutionTime,1322.9058222500607
