InputGenerationTime,0.2171286300290376
ProfilingTime,20.346968283993192
SimulationTime,209.17523517995141
FramaCExecutionTime,112.72816676006187
TotalExecutionTime,6106.205514057074
