InputGenerationTime,0.294005884003127
ProfilingTime,36.03888362899306
SimulationTime,20.689584099018248
FramaCExecutionTime,120.10160090000136
TotalExecutionTime,454.8281005840108
