InputGenerationTime,0.07480276003479958
ProfilingTime,18.882124477997422
SimulationTime,19.24040643009357
FramaCExecutionTime,92.13790134200826
TotalExecutionTime,279.8329465140123
