InputGenerationTime,0.06828528999994887
ProfilingTime,23.240806361000068
SimulationTime,16.24396341700003
FramaCExecutionTime,95.84660604099963
TotalExecutionTime,2657.654766292
