InputGenerationTime,0.36768036500143353
ProfilingTime,53.17606120699929
SimulationTime,32.31608780699753
FramaCExecutionTime,132.18089018899627
TotalExecutionTime,1576.7775769049986
