InputGenerationTime,0.2978791029963759
ProfilingTime,24.48125972800335
SimulationTime,18.860621572996024
FramaCExecutionTime,94.0850575910008
TotalExecutionTime,450.4144944679938
