InputGenerationTime,0.2641803329997856
ProfilingTime,29.123213302000295
SimulationTime,235.3824856020001
FramaCExecutionTime,119.66695576599977
TotalExecutionTime,4573.197080279001
