InputGenerationTime,0.2734934970503673
ProfilingTime,21.200596449896693
SimulationTime,15.071460103034042
FramaCExecutionTime,118.28702378703747
TotalExecutionTime,1607.8038723310456
