InputGenerationTime,0.2095904320012778
ProfilingTime,22.524317458970472
SimulationTime,10.986086193006486
FramaCExecutionTime,113.9620377930114
TotalExecutionTime,1669.5606716659386
