InputGenerationTime,0.05978687900096702
ProfilingTime,12.878868505000355
SimulationTime,7.313203877998603
FramaCExecutionTime,49.88949812200008
TotalExecutionTime,851.472378000999
