InputGenerationTime,0.03941600100370124
ProfilingTime,22.524172598001314
SimulationTime,218.55118433000462
FramaCExecutionTime,95.25604605099943
TotalExecutionTime,7901.690684633002
