InputGenerationTime,0.07644303201232105
ProfilingTime,27.967876259004697
SimulationTime,17.339369645997067
FramaCExecutionTime,99.76022365198878
TotalExecutionTime,734.8243862389936
