InputGenerationTime,0.2650788240007387
ProfilingTime,36.031424484001036
SimulationTime,110.82184584499919
FramaCExecutionTime,114.57576221599993
TotalExecutionTime,9836.94299078
