InputGenerationTime,0.21989744500024244
ProfilingTime,21.462252224970143
SimulationTime,211.07205807196442
FramaCExecutionTime,110.1814316730015
TotalExecutionTime,4858.83766030398
