InputGenerationTime,0.30700588898616843
ProfilingTime,30.301888546993723
SimulationTime,19.860485382989282
FramaCExecutionTime,126.14888849700219
TotalExecutionTime,4844.862586187985
