InputGenerationTime,0.2328068589558825
ProfilingTime,45.350572088966146
SimulationTime,23.947482583927922
FramaCExecutionTime,120.70834039303008
TotalExecutionTime,1120.4206845109584
