InputGenerationTime,0.18785828900581691
ProfilingTime,42.001286083992454
SimulationTime,25.47033152700169
FramaCExecutionTime,130.39241952699376
TotalExecutionTime,1016.3234559450066
