InputGenerationTime,0.2087663629790768
ProfilingTime,21.554108959971927
SimulationTime,13.885150545975193
FramaCExecutionTime,115.82717773900367
TotalExecutionTime,418.14766672998667
