InputGenerationTime,0.1586757400073111
ProfilingTime,34.27032945497194
SimulationTime,116.80367281497456
FramaCExecutionTime,113.80346785899019
TotalExecutionTime,1304.013869115035
