InputGenerationTime,0.26684155499970075
ProfilingTime,25.64996900499682
SimulationTime,108.53284238700144
FramaCExecutionTime,94.79318434699962
TotalExecutionTime,2948.8350880840007
