InputGenerationTime,0.2538465560064651
ProfilingTime,42.18865180099965
SimulationTime,269.74994183299714
FramaCExecutionTime,147.2809260690119
TotalExecutionTime,25244.533795687996
