InputGenerationTime,0.23457185400184244
ProfilingTime,25.687463747977745
SimulationTime,77.20153720502276
FramaCExecutionTime,100.63616595900385
TotalExecutionTime,3972.1183062029886
