InputGenerationTime,0.17561334901256487
ProfilingTime,24.688081259984756
SimulationTime,219.0345297330059
FramaCExecutionTime,126.73664757199003
TotalExecutionTime,9775.876958327979
