InputGenerationTime,0.18249052000464872
ProfilingTime,24.59967303200392
SimulationTime,34.563826373021584
FramaCExecutionTime,95.15639482502593
TotalExecutionTime,5896.664043073019
