InputGenerationTime,0.46168155898340046
ProfilingTime,20.51699302101042
SimulationTime,15.57600653800182
FramaCExecutionTime,128.98384912509937
TotalExecutionTime,1323.6391290979227
