InputGenerationTime,0.22495511300076032
ProfilingTime,25.925947791001818
SimulationTime,232.10604400800003
FramaCExecutionTime,129.21610248100114
TotalExecutionTime,17455.901506295002
