InputGenerationTime,0.21752191695850343
ProfilingTime,20.93980618903879
SimulationTime,209.26508232799824
FramaCExecutionTime,113.90528678707778
TotalExecutionTime,6384.313981197076
