InputGenerationTime,0.09055162998265587
ProfilingTime,23.919016957981512
SimulationTime,261.9166348350118
FramaCExecutionTime,95.32764521898935
TotalExecutionTime,773.6751502129773
