InputGenerationTime,0.15126023499760777
ProfilingTime,26.177325125026982
SimulationTime,22.581010752997827
FramaCExecutionTime,114.47119204199407
TotalExecutionTime,1535.837249581993
