InputGenerationTime,0.29120918099943083
ProfilingTime,55.52092292701127
SimulationTime,277.1013945889863
FramaCExecutionTime,140.39637216499978
TotalExecutionTime,19632.459931068006
