InputGenerationTime,0.2852700619987445
ProfilingTime,33.33749811800226
SimulationTime,23.305190300001414
FramaCExecutionTime,121.69274858300196
TotalExecutionTime,4917.869927229
