InputGenerationTime,0.27715257002273574
ProfilingTime,33.295650972024305
SimulationTime,21.869714884000132
FramaCExecutionTime,128.3411734039837
TotalExecutionTime,3934.6105289800034
