InputGenerationTime,0.2893862620694563
ProfilingTime,25.4591044629924
SimulationTime,13.387655923957936
FramaCExecutionTime,117.19879986299202
TotalExecutionTime,1614.5764454109594
