InputGenerationTime,0.2581516409991309
ProfilingTime,26.514832063985523
SimulationTime,243.3588921360206
FramaCExecutionTime,121.72503140498884
TotalExecutionTime,10844.604270812997
