InputGenerationTime,0.0712742239702493
ProfilingTime,27.817556932976004
SimulationTime,16.164545584004372
FramaCExecutionTime,105.79948802501895
TotalExecutionTime,1414.3340402879985
