InputGenerationTime,0.3487831080565229
ProfilingTime,22.73275029088836
SimulationTime,18.406280504073948
FramaCExecutionTime,124.48829469003249
TotalExecutionTime,786.3364474949194
