InputGenerationTime,0.17436641099993722
ProfilingTime,43.826416183999754
SimulationTime,117.10152369699972
FramaCExecutionTime,111.46580506899954
TotalExecutionTime,2865.2116694199995
