InputGenerationTime,0.05552351800724864
ProfilingTime,21.96778877399629
SimulationTime,228.69267618599406
FramaCExecutionTime,105.23009136799374
TotalExecutionTime,20975.412238855002
