InputGenerationTime,0.06883503001881763
ProfilingTime,27.48101507104002
SimulationTime,17.010441998019814
FramaCExecutionTime,106.64326668903232
TotalExecutionTime,1892.354861129017
