InputGenerationTime,0.13892562800174346
ProfilingTime,37.59017217899964
SimulationTime,24.584059935998084
FramaCExecutionTime,111.13148282000111
TotalExecutionTime,416.90720127799796
