InputGenerationTime,0.23457185400184244
ProfilingTime,23.440103683969937
SimulationTime,49.2716210319777
FramaCExecutionTime,100.63616595900385
TotalExecutionTime,2728.8828733899863
