InputGenerationTime,0.2916732019511983
ProfilingTime,26.252801847993396
SimulationTime,20.11801157903392
FramaCExecutionTime,121.73228721501073
TotalExecutionTime,2947.7641315830406
