InputGenerationTime,0.24459180305711925
ProfilingTime,20.00914630002808
SimulationTime,9.628002456040122
FramaCExecutionTime,116.45146760297939
TotalExecutionTime,1076.772712654085
