InputGenerationTime,0.0791702719998284
ProfilingTime,10.557778636999501
SimulationTime,6.7152526329991815
FramaCExecutionTime,50.45893695700033
TotalExecutionTime,664.5085968809999
