InputGenerationTime,0.03731615799915744
ProfilingTime,25.155316155003675
SimulationTime,10.030698272006703
FramaCExecutionTime,98.2822837460044
TotalExecutionTime,1216.9444705100032
