InputGenerationTime,0.07921701300074346
ProfilingTime,28.832046386989532
SimulationTime,15.481267798008048
FramaCExecutionTime,105.26931427200907
TotalExecutionTime,4205.3728871259955
