InputGenerationTime,0.2937192200042773
ProfilingTime,31.03233146900311
SimulationTime,16.9580370199983
FramaCExecutionTime,131.4051270929922
TotalExecutionTime,3417.0038089530135
