InputGenerationTime,0.07310996500018518
ProfilingTime,29.733207064011367
SimulationTime,18.157204586008447
FramaCExecutionTime,106.17393734199868
TotalExecutionTime,1571.187348514999
