InputGenerationTime,0.2698664650088176
ProfilingTime,46.07632131699938
SimulationTime,22.666301375022158
FramaCExecutionTime,179.84466144593898
TotalExecutionTime,787.4914896299597
