InputGenerationTime,0.07626064800024324
ProfilingTime,18.060046909000448
SimulationTime,10.174934632999793
FramaCExecutionTime,59.88686160399993
TotalExecutionTime,324.48637471800066
