InputGenerationTime,0.07626064800024324
ProfilingTime,22.127506093999727
SimulationTime,10.797505720999652
FramaCExecutionTime,59.88686160399993
TotalExecutionTime,670.6479735830007
