InputGenerationTime,0.2698664650088176
ProfilingTime,39.51745823898818
SimulationTime,16.566877439967357
FramaCExecutionTime,179.84466144593898
TotalExecutionTime,1477.8830378839048
