InputGenerationTime,0.46168155898340046
ProfilingTime,20.11613183398731
SimulationTime,15.511782108922489
FramaCExecutionTime,128.98384912509937
TotalExecutionTime,1287.433181415894
