InputGenerationTime,0.07747332500002813
ProfilingTime,29.545812101991032
SimulationTime,17.839689157990506
FramaCExecutionTime,107.59819377001259
TotalExecutionTime,253.24161757300317
