InputGenerationTime,0.20753930194769055
ProfilingTime,18.394437641953118
SimulationTime,221.71670365391765
FramaCExecutionTime,108.56039979495108
TotalExecutionTime,10710.330322344904
