InputGenerationTime,0.5458302329934668
ProfilingTime,30.608929926005658
SimulationTime,21.632486843009247
FramaCExecutionTime,135.8646732600173
TotalExecutionTime,3523.5126372630184
