InputGenerationTime,0.05791807700006757
ProfilingTime,37.52543269500893
SimulationTime,18.889882104005665
FramaCExecutionTime,106.56665147199237
TotalExecutionTime,2119.6024910559936
