InputGenerationTime,0.11488254508003592
ProfilingTime,37.087906350032426
SimulationTime,29.093153066001832
FramaCExecutionTime,134.28010943497065
TotalExecutionTime,2057.8369881020626
