InputGenerationTime,0.3914520660182461
ProfilingTime,20.146394957089797
SimulationTime,9.042315174941905
FramaCExecutionTime,134.18783874309156
TotalExecutionTime,1109.2005300499732
