InputGenerationTime,0.24733186499997828
ProfilingTime,23.78989370399995
SimulationTime,17.75974666100001
FramaCExecutionTime,124.64607925199971
TotalExecutionTime,2695.5148798279997
