InputGenerationTime,0.3231512999627739
ProfilingTime,22.377977975062095
SimulationTime,215.013086121995
FramaCExecutionTime,122.18468638905324
TotalExecutionTime,9456.798086602008
