InputGenerationTime,0.18446814600611106
ProfilingTime,23.592007055005524
SimulationTime,213.1762429450173
FramaCExecutionTime,112.07018067297759
TotalExecutionTime,14343.117988637998
