InputGenerationTime,0.3203130920010153
ProfilingTime,33.63427456500358
SimulationTime,23.67499444700661
FramaCExecutionTime,125.05516551900655
TotalExecutionTime,237.1317307279969
