InputGenerationTime,0.06825365099984992
ProfilingTime,23.89467484099987
SimulationTime,15.841611023000041
FramaCExecutionTime,96.30293493099998
TotalExecutionTime,1937.9326478159999
