InputGenerationTime,0.2754530660167802
ProfilingTime,29.656533872010186
SimulationTime,13.502466450008797
FramaCExecutionTime,142.3172453920124
TotalExecutionTime,5201.45254868301
