InputGenerationTime,0.36768036500143353
ProfilingTime,38.31909138699848
SimulationTime,22.780665840000438
FramaCExecutionTime,132.18089018899627
TotalExecutionTime,1870.5635080369975
