InputGenerationTime,0.19782912300433964
ProfilingTime,30.542914630961604
SimulationTime,10.798102376051247
FramaCExecutionTime,120.83434996008873
TotalExecutionTime,2822.153446001932
