InputGenerationTime,0.09517260299617192
ProfilingTime,29.323049739999988
SimulationTime,19.758246778001194
FramaCExecutionTime,103.24005353699613
TotalExecutionTime,293.0731762900032
