InputGenerationTime,0.06782107497565448
ProfilingTime,18.647396004060283
SimulationTime,18.622733004856855
FramaCExecutionTime,91.11508935387246
TotalExecutionTime,1388.0749567099847
