InputGenerationTime,0.145248580025509
ProfilingTime,35.49380762298824
SimulationTime,122.43368368397932
FramaCExecutionTime,108.04990905203158
TotalExecutionTime,10790.946208841982
