InputGenerationTime,0.29120918099943083
ProfilingTime,42.54409138999472
SimulationTime,271.8987635199883
FramaCExecutionTime,140.39637216499978
TotalExecutionTime,17961.379732322996
