InputGenerationTime,0.2734934970503673
ProfilingTime,21.85698587098159
SimulationTime,15.639842450036667
FramaCExecutionTime,118.28702378703747
TotalExecutionTime,1688.222662862041
