InputGenerationTime,0.0626839460019255
ProfilingTime,32.062340646996745
SimulationTime,17.08815901199705
FramaCExecutionTime,104.38985318000778
TotalExecutionTime,4513.1746356660005
