InputGenerationTime,0.12260364304529503
ProfilingTime,20.93873870902462
SimulationTime,21.746454039996024
FramaCExecutionTime,105.3618222590303
TotalExecutionTime,2891.738220632018
