InputGenerationTime,0.08208400999865262
ProfilingTime,22.78966059999948
SimulationTime,215.06595244500204
FramaCExecutionTime,96.04302714300138
TotalExecutionTime,577.188573504005
