InputGenerationTime,0.08780007797759026
ProfilingTime,29.40612310502911
SimulationTime,15.63434349099407
FramaCExecutionTime,107.58787493401906
TotalExecutionTime,3034.383479439013
