InputGenerationTime,0.08888787199975923
ProfilingTime,37.94991236900387
SimulationTime,26.986041680007474
FramaCExecutionTime,102.41301443899283
TotalExecutionTime,943.6713812429953
