InputGenerationTime,0.18836116197053343
ProfilingTime,20.93849308899371
SimulationTime,24.682332559954375
FramaCExecutionTime,111.69122295401758
TotalExecutionTime,1122.8039097979781
