InputGenerationTime,0.08888787199975923
ProfilingTime,33.95877734500391
SimulationTime,21.694674608996138
FramaCExecutionTime,102.41301443899283
TotalExecutionTime,1256.6168738219858
