InputGenerationTime,0.1586757400073111
ProfilingTime,33.89308640197851
SimulationTime,146.51395804603817
FramaCExecutionTime,113.80346785899019
TotalExecutionTime,1961.338209249021
