InputGenerationTime,0.07135240799834719
ProfilingTime,24.788813921004476
SimulationTime,9.850482305999321
FramaCExecutionTime,96.4827041699973
TotalExecutionTime,390.70369898300123
