InputGenerationTime,0.12260364304529503
ProfilingTime,21.117882072983775
SimulationTime,18.800260381016415
FramaCExecutionTime,105.3618222590303
TotalExecutionTime,2526.2657227179734
