InputGenerationTime,0.22495511300076032
ProfilingTime,26.429978157000733
SimulationTime,11.027044747999753
FramaCExecutionTime,129.21610248100114
TotalExecutionTime,16412.839500986
