InputGenerationTime,0.10281701199710369
ProfilingTime,22.7410646060016
SimulationTime,17.689605200997903
FramaCExecutionTime,95.94782013600343
TotalExecutionTime,3579.7076014049962
