InputGenerationTime,0.2155678939889185
ProfilingTime,25.657433441025205
SimulationTime,13.468145279970486
FramaCExecutionTime,117.01473909697961
TotalExecutionTime,1727.0064720179653
