InputGenerationTime,0.06883503001881763
ProfilingTime,27.393089163000695
SimulationTime,17.83770137099782
FramaCExecutionTime,106.64326668903232
TotalExecutionTime,1709.028431926039
