InputGenerationTime,0.08637258899398148
ProfilingTime,28.992242609965615
SimulationTime,14.43513142701704
FramaCExecutionTime,104.87469518801663
TotalExecutionTime,2576.1436829200247
