InputGenerationTime,0.24693168800149579
ProfilingTime,43.008483965008054
SimulationTime,40.81830049799464
FramaCExecutionTime,135.26416748500196
TotalExecutionTime,2450.1472044320108
