InputGenerationTime,0.2650788240007387
ProfilingTime,32.791131817999485
SimulationTime,106.093347344
FramaCExecutionTime,114.57576221599993
TotalExecutionTime,7383.631928366
