InputGenerationTime,0.2087663629790768
ProfilingTime,21.03051392303314
SimulationTime,12.950842694030143
FramaCExecutionTime,115.82717773900367
TotalExecutionTime,150.0312601630576
