InputGenerationTime,0.08637258899398148
ProfilingTime,26.68442760402104
SimulationTime,15.32944864500314
FramaCExecutionTime,104.87469518801663
TotalExecutionTime,2793.4162313420093
