InputGenerationTime,0.04533246399660129
ProfilingTime,39.715857722010696
SimulationTime,238.28206852699805
FramaCExecutionTime,102.04172662799829
TotalExecutionTime,16830.498549441996
