InputGenerationTime,0.19782912300433964
ProfilingTime,33.361425773007795
SimulationTime,13.674721382092685
FramaCExecutionTime,120.83434996008873
TotalExecutionTime,2146.4366038009757
