InputGenerationTime,0.02880856700357981
ProfilingTime,16.67984831800277
SimulationTime,8.834463886996673
FramaCExecutionTime,49.60165912899538
TotalExecutionTime,1084.9517488860001
