InputGenerationTime,0.05552351800724864
ProfilingTime,28.45786641300947
SimulationTime,220.52198031099397
FramaCExecutionTime,105.23009136799374
TotalExecutionTime,23602.111060415
