InputGenerationTime,0.131118303979747
ProfilingTime,33.34803444193676
SimulationTime,937.4058994930238
FramaCExecutionTime,108.81593526701909
TotalExecutionTime,22000.898171282024
