InputGenerationTime,0.08053681813180447
ProfilingTime,39.799952905857936
SimulationTime,344.8123903630767
FramaCExecutionTime,106.81704033003189
TotalExecutionTime,27991.691823344096
