InputGenerationTime,0.1036995750037022
ProfilingTime,57.42671513798996
SimulationTime,38.81773672600684
FramaCExecutionTime,128.76921959100582
TotalExecutionTime,7892.77467398101
