InputGenerationTime,0.2087663629790768
ProfilingTime,25.754967677989043
SimulationTime,17.259275638032705
FramaCExecutionTime,115.82717773900367
TotalExecutionTime,826.6126021080418
