InputGenerationTime,0.04804642405360937
ProfilingTime,21.26418476901017
SimulationTime,11.653871131013148
FramaCExecutionTime,90.74596772296354
TotalExecutionTime,1115.860017088009
