InputGenerationTime,0.18446814600611106
ProfilingTime,21.242099041992333
SimulationTime,211.49739267502446
FramaCExecutionTime,112.07018067297759
TotalExecutionTime,11973.735312130011
