InputGenerationTime,0.5126059039903339
ProfilingTime,28.85231395397568
SimulationTime,22.93212877298356
FramaCExecutionTime,134.92843663701206
TotalExecutionTime,2419.221954689012
