InputGenerationTime,0.29120918099943083
ProfilingTime,54.290709217006224
SimulationTime,273.98776298199664
FramaCExecutionTime,140.39637216499978
TotalExecutionTime,20025.542220342002
