InputGenerationTime,0.22495511300076032
ProfilingTime,28.122532905003027
SimulationTime,235.60817031899933
FramaCExecutionTime,129.21610248100114
TotalExecutionTime,14547.813794704001
