InputGenerationTime,0.18446814600611106
ProfilingTime,23.940268068981823
SimulationTime,214.29522939299932
FramaCExecutionTime,112.07018067297759
TotalExecutionTime,14823.859404639981
