InputGenerationTime,0.24341501500020968
ProfilingTime,22.834376847000385
SimulationTime,105.82202712399885
FramaCExecutionTime,95.7353067160002
TotalExecutionTime,6664.028187797005
