InputGenerationTime,0.10281701199710369
ProfilingTime,21.71925406000082
SimulationTime,14.727757501001179
FramaCExecutionTime,95.94782013600343
TotalExecutionTime,3494.882823979002
