InputGenerationTime,0.2951946859830059
ProfilingTime,29.41365687601501
SimulationTime,62.83642118301941
FramaCExecutionTime,126.49901207099902
TotalExecutionTime,10582.26380842799
