InputGenerationTime,0.03794739185832441
ProfilingTime,20.382519295904785
SimulationTime,10.050128747010604
FramaCExecutionTime,90.95548496907577
TotalExecutionTime,538.6437137778848
