InputGenerationTime,0.06064719200367108
ProfilingTime,26.780056710005738
SimulationTime,12.80273977300385
FramaCExecutionTime,106.90652724599931
TotalExecutionTime,2281.0005656120484
