InputGenerationTime,0.10224440705496818
ProfilingTime,24.81278671801556
SimulationTime,19.361816777964123
FramaCExecutionTime,96.26200270303525
TotalExecutionTime,366.88627080398146
