InputGenerationTime,0.06989308199990774
ProfilingTime,24.091379591001896
SimulationTime,15.301005922003242
FramaCExecutionTime,94.03919311700156
TotalExecutionTime,1674.8881156349962
