InputGenerationTime,0.04619556199759245
ProfilingTime,25.548289008031134
SimulationTime,236.96425690798787
FramaCExecutionTime,102.9426576619735
TotalExecutionTime,7515.06326686102
