InputGenerationTime,0.33293280099951517
ProfilingTime,26.32324651199997
SimulationTime,17.28119825400063
FramaCExecutionTime,130.06025948600018
TotalExecutionTime,4009.9187218959996
