InputGenerationTime,0.29270844598067924
ProfilingTime,28.573649199999636
SimulationTime,145.0367878380057
FramaCExecutionTime,116.0746045949927
TotalExecutionTime,2404.7709800149896
