InputGenerationTime,0.06989308199990774
ProfilingTime,23.60984599999938
SimulationTime,14.90350570299779
FramaCExecutionTime,94.03919311700156
TotalExecutionTime,1901.9412611529988
