InputGenerationTime,0.22577400295995176
ProfilingTime,20.02954487898387
SimulationTime,40.87660233990755
FramaCExecutionTime,109.5923128289869
TotalExecutionTime,2225.718429052038
