InputGenerationTime,0.1036995750037022
ProfilingTime,41.4574544269999
SimulationTime,24.73835448898899
FramaCExecutionTime,128.76921959100582
TotalExecutionTime,6796.028937270006
