InputGenerationTime,0.22197016500285827
ProfilingTime,28.68609064100019
SimulationTime,22.326248493001913
FramaCExecutionTime,102.733615930003
TotalExecutionTime,4757.122846120008
