InputGenerationTime,0.17436641099993722
ProfilingTime,34.95302420900043
SimulationTime,107.93450056199981
FramaCExecutionTime,111.46580506899954
TotalExecutionTime,3159.258295431
