InputGenerationTime,0.08119252510368824
ProfilingTime,40.318704548990354
SimulationTime,33.74862894404214
FramaCExecutionTime,113.96024039201438
TotalExecutionTime,3549.318553760997
