InputGenerationTime,0.21989744500024244
ProfilingTime,21.68734847701853
SimulationTime,212.025793222012
FramaCExecutionTime,110.1814316730015
TotalExecutionTime,3398.9645438059815
