InputGenerationTime,0.19782912300433964
ProfilingTime,33.28814558801241
SimulationTime,12.462903709034435
FramaCExecutionTime,120.83434996008873
TotalExecutionTime,1610.0874910959974
