InputGenerationTime,0.02880856700357981
ProfilingTime,15.078455921000568
SimulationTime,7.849200553995615
FramaCExecutionTime,49.60165912899538
TotalExecutionTime,796.7141763149993
