InputGenerationTime,0.06828528999994887
ProfilingTime,22.697964592999597
SimulationTime,16.750790779
FramaCExecutionTime,95.84660604099963
TotalExecutionTime,2381.0955753589997
