InputGenerationTime,0.06559167301747948
ProfilingTime,24.8865015769843
SimulationTime,14.359839447017293
FramaCExecutionTime,104.80555936798919
TotalExecutionTime,144.15309178101597
