InputGenerationTime,0.23208729503676295
ProfilingTime,24.46836911002174
SimulationTime,76.26632259698818
FramaCExecutionTime,100.15079668501858
TotalExecutionTime,1245.604557625018
