InputGenerationTime,0.04072097299649613
ProfilingTime,24.694231968998793
SimulationTime,15.052144840999972
FramaCExecutionTime,95.01072702199599
TotalExecutionTime,3152.855202406001
