InputGenerationTime,0.24733186499997828
ProfilingTime,28.63993648700034
SimulationTime,20.224536269000055
FramaCExecutionTime,124.64607925199971
TotalExecutionTime,3371.425764576
