InputGenerationTime,0.0724836889994549
ProfilingTime,20.77121281899963
SimulationTime,214.4994264699999
FramaCExecutionTime,96.025370673
TotalExecutionTime,3171.0145343369995
