InputGenerationTime,0.3489217610040214
ProfilingTime,31.523215066001285
SimulationTime,21.589384516999417
FramaCExecutionTime,101.74599396999838
TotalExecutionTime,1551.9857537110001
