InputGenerationTime,0.27715257002273574
ProfilingTime,33.96794697002042
SimulationTime,19.375690184999257
FramaCExecutionTime,128.3411734039837
TotalExecutionTime,3210.817480526981
