InputGenerationTime,0.17436641099993722
ProfilingTime,35.854108665999775
SimulationTime,109.66069746699941
FramaCExecutionTime,111.46580506899954
TotalExecutionTime,1286.5352483890001
