InputGenerationTime,0.03244398299830209
ProfilingTime,20.841878283999904
SimulationTime,214.80169349000062
FramaCExecutionTime,92.58095922599932
TotalExecutionTime,8262.608227451
