InputGenerationTime,0.22197016500285827
ProfilingTime,27.12429010499909
SimulationTime,19.986300335993292
FramaCExecutionTime,102.733615930003
TotalExecutionTime,4001.3866749730078
