InputGenerationTime,0.11737045999325346
ProfilingTime,61.80240613799833
SimulationTime,53.66711142299755
FramaCExecutionTime,130.64505490900774
TotalExecutionTime,5951.764336402004
