InputGenerationTime,0.06716115004383028
ProfilingTime,19.55413265596144
SimulationTime,17.906233177985996
FramaCExecutionTime,91.8677742651198
TotalExecutionTime,586.4579548928887
