InputGenerationTime,0.18170733300212305
ProfilingTime,25.89187163799943
SimulationTime,20.350841121005942
FramaCExecutionTime,99.81084801500401
TotalExecutionTime,3209.543011724003
