InputGenerationTime,0.07644303201232105
ProfilingTime,27.61256222600059
SimulationTime,17.47422360398923
FramaCExecutionTime,99.76022365198878
TotalExecutionTime,914.8065543699922
