InputGenerationTime,0.22197016500285827
ProfilingTime,27.87300760000653
SimulationTime,18.926466464006808
FramaCExecutionTime,102.733615930003
TotalExecutionTime,3954.1716637579957
