InputGenerationTime,0.36768036500143353
ProfilingTime,49.486846134997904
SimulationTime,27.48266243699618
FramaCExecutionTime,132.18089018899627
TotalExecutionTime,1069.181744057998
