InputGenerationTime,0.2581516409991309
ProfilingTime,26.279348208976444
SimulationTime,242.7110663849744
FramaCExecutionTime,121.72503140498884
TotalExecutionTime,9218.872604582983
