InputGenerationTime,0.18418349499552278
ProfilingTime,59.0173726130015
SimulationTime,281.7655509519973
FramaCExecutionTime,134.15536504299962
TotalExecutionTime,11971.48507604
