InputGenerationTime,0.1500415460000113
ProfilingTime,37.59996158900003
SimulationTime,20.475471782999648
FramaCExecutionTime,119.5390944679998
TotalExecutionTime,1931.0101593
