InputGenerationTime,0.28366624703630805
ProfilingTime,34.47341830295045
SimulationTime,59.929096957086585
FramaCExecutionTime,115.50214947399218
TotalExecutionTime,868.427041937015
