InputGenerationTime,0.04915673100913409
ProfilingTime,31.833153370011132
SimulationTime,14.316694948996883
FramaCExecutionTime,104.74350526298804
TotalExecutionTime,791.3927750519942
