InputGenerationTime,0.08780007797759026
ProfilingTime,28.668985572992824
SimulationTime,15.997036914981436
FramaCExecutionTime,107.58787493401906
TotalExecutionTime,3079.1381012530182
