InputGenerationTime,0.2916732019511983
ProfilingTime,26.540247384051327
SimulationTime,19.20926575001795
FramaCExecutionTime,121.73228721501073
TotalExecutionTime,2766.383500883996
