InputGenerationTime,0.18582355696707964
ProfilingTime,24.660806650994346
SimulationTime,16.53945541504072
FramaCExecutionTime,131.82039032201283
TotalExecutionTime,2533.1772814569995
