InputGenerationTime,0.08441820700682001
ProfilingTime,25.40245564399811
SimulationTime,14.500468712998554
FramaCExecutionTime,98.15719956099929
TotalExecutionTime,1338.7838652790015
