InputGenerationTime,0.2623665229184553
ProfilingTime,24.127982313046232
SimulationTime,11.475163956987672
FramaCExecutionTime,115.6550668469863
TotalExecutionTime,803.4051128539722
