InputGenerationTime,0.07569622099981643
ProfilingTime,13.583207525000034
SimulationTime,8.26645290200031
FramaCExecutionTime,48.96770703600032
TotalExecutionTime,454.53456671299955
