InputGenerationTime,0.0566682789940387
ProfilingTime,25.690302279006573
SimulationTime,12.34722178899392
FramaCExecutionTime,99.10822514499887
TotalExecutionTime,2523.4236447820076
