InputGenerationTime,0.11390176499844529
ProfilingTime,35.447380853998766
SimulationTime,20.164909151997563
FramaCExecutionTime,109.5342480060026
TotalExecutionTime,3257.364413235002
