InputGenerationTime,0.05791807700006757
ProfilingTime,31.88459885100019
SimulationTime,15.493231956992531
FramaCExecutionTime,106.56665147199237
TotalExecutionTime,2016.682006816991
