InputGenerationTime,0.2087663629790768
ProfilingTime,25.413710105000064
SimulationTime,16.64675138797611
FramaCExecutionTime,115.82717773900367
TotalExecutionTime,503.2390264790738
