InputGenerationTime,0.06134430388920009
ProfilingTime,22.07523898407817
SimulationTime,10.495584602002054
FramaCExecutionTime,95.81497655203566
TotalExecutionTime,1981.5199065140914
