InputGenerationTime,0.03731615799915744
ProfilingTime,25.148723125006654
SimulationTime,13.77434033699683
FramaCExecutionTime,98.2822837460044
TotalExecutionTime,1455.289339107003
