InputGenerationTime,0.30700588898616843
ProfilingTime,29.250232922990108
SimulationTime,19.902346262999345
FramaCExecutionTime,126.14888849700219
TotalExecutionTime,4067.943217803986
