InputGenerationTime,0.2581516409991309
ProfilingTime,27.20305496500805
SimulationTime,246.78240545996232
FramaCExecutionTime,121.72503140498884
TotalExecutionTime,8949.789527441957
