InputGenerationTime,0.3231512999627739
ProfilingTime,21.784441971918568
SimulationTime,215.2895417509135
FramaCExecutionTime,122.18468638905324
TotalExecutionTime,9965.551042029052
