InputGenerationTime,0.05511531299998751
ProfilingTime,23.18880492199969
SimulationTime,218.92607624299853
FramaCExecutionTime,94.72058908399777
TotalExecutionTime,14998.316277334001
