InputGenerationTime,0.06617910400382243
ProfilingTime,26.99867528899631
SimulationTime,12.024937834008597
FramaCExecutionTime,105.83214284598944
TotalExecutionTime,3790.520886389
