InputGenerationTime,0.18836116197053343
ProfilingTime,24.66529997700127
SimulationTime,20.415090856025927
FramaCExecutionTime,111.69122295401758
TotalExecutionTime,592.2047147339908
