InputGenerationTime,0.18785828900581691
ProfilingTime,55.9355797770113
SimulationTime,36.29470549400139
FramaCExecutionTime,130.39241952699376
TotalExecutionTime,1894.2643540620047
