InputGenerationTime,0.02344999100023415
ProfilingTime,11.780050782001126
SimulationTime,6.648265457999514
FramaCExecutionTime,44.093769834998966
TotalExecutionTime,619.7502336589987
