InputGenerationTime,0.15295539499493316
ProfilingTime,32.463281117001316
SimulationTime,21.04446987400297
FramaCExecutionTime,89.9493181259968
TotalExecutionTime,1821.5693994620015
