InputGenerationTime,0.18418349499552278
ProfilingTime,46.70210902999679
SimulationTime,312.83253105999756
FramaCExecutionTime,134.15536504299962
TotalExecutionTime,14041.118675677004
