InputGenerationTime,0.2978791029963759
ProfilingTime,27.225545130000683
SimulationTime,21.47577860900492
FramaCExecutionTime,94.0850575910008
TotalExecutionTime,782.2772477639955
