InputGenerationTime,0.20938648599985754
ProfilingTime,28.8827442230031
SimulationTime,18.84264381200046
FramaCExecutionTime,100.2116976210018
TotalExecutionTime,1444.5267228650046
