InputGenerationTime,0.05791807700006757
ProfilingTime,39.21150248400227
SimulationTime,18.961211672998616
FramaCExecutionTime,106.56665147199237
TotalExecutionTime,1969.222940266991
