InputGenerationTime,0.15295539499493316
ProfilingTime,27.919590444995265
SimulationTime,7.1339591430005385
FramaCExecutionTime,89.9493181259968
TotalExecutionTime,2043.5417943440043
