InputGenerationTime,0.0675285549950786
ProfilingTime,27.038218846995733
SimulationTime,17.644475788998534
FramaCExecutionTime,100.22720573899278
TotalExecutionTime,1912.1236426319956
