InputGenerationTime,0.06472448515705764
ProfilingTime,19.672239335952327
SimulationTime,211.86481534480117
FramaCExecutionTime,89.01774519495666
TotalExecutionTime,3543.1894424038474
