InputGenerationTime,0.07921701300074346
ProfilingTime,35.281090987002244
SimulationTime,19.935337493996485
FramaCExecutionTime,105.26931427200907
TotalExecutionTime,3647.5947356359975
