InputGenerationTime,0.09243679200005772
ProfilingTime,39.44612025099991
SimulationTime,24.866065744999787
FramaCExecutionTime,140.29446766800004
TotalExecutionTime,570.294402912
