InputGenerationTime,0.36039209901355207
ProfilingTime,21.946956072933972
SimulationTime,213.71377841592766
FramaCExecutionTime,125.7520459779771
TotalExecutionTime,4618.6078809060855
