InputGenerationTime,0.05791807700006757
ProfilingTime,29.83370462099265
SimulationTime,10.628578340998502
FramaCExecutionTime,106.56665147199237
TotalExecutionTime,2535.1745288759994
