InputGenerationTime,0.1216452280023077
ProfilingTime,40.78438040800029
SimulationTime,21.252366087002883
FramaCExecutionTime,109.55363374899753
TotalExecutionTime,1151.4954806599999
