InputGenerationTime,0.2563665369998489
ProfilingTime,29.64389324900003
SimulationTime,234.6116057600011
FramaCExecutionTime,119.80670238400126
TotalExecutionTime,9432.810452460999
