InputGenerationTime,0.3487831080565229
ProfilingTime,21.705678079044446
SimulationTime,14.91358510707505
FramaCExecutionTime,124.48829469003249
TotalExecutionTime,301.3416774569778
