InputGenerationTime,0.5249734570097644
ProfilingTime,32.02258397301193
SimulationTime,25.109692000987707
FramaCExecutionTime,148.15377748798346
TotalExecutionTime,4394.289089889004
