InputGenerationTime,0.03625350189395249
ProfilingTime,28.338352905819193
SimulationTime,43.162060589995235
FramaCExecutionTime,93.29361514700577
TotalExecutionTime,2329.141108765034
