InputGenerationTime,0.2780745880008908
ProfilingTime,40.937043436999375
SimulationTime,34.61140337100369
FramaCExecutionTime,147.1211182670013
TotalExecutionTime,7099.478503863997
