InputGenerationTime,0.12341600493527949
ProfilingTime,32.52235432108864
SimulationTime,39.713515660958365
FramaCExecutionTime,109.50403061194811
TotalExecutionTime,181.8782840310596
