InputGenerationTime,0.0990121210925281
ProfilingTime,31.908066573087126
SimulationTime,223.83375612087548
FramaCExecutionTime,107.4057569380384
TotalExecutionTime,884.5465617119335
