InputGenerationTime,0.06933283800026402
ProfilingTime,33.132536511984654
SimulationTime,19.267868486000225
FramaCExecutionTime,104.76876791298855
TotalExecutionTime,3456.4191560119507
