InputGenerationTime,0.26684155499970075
ProfilingTime,26.765143388998695
SimulationTime,110.82228721900174
FramaCExecutionTime,94.79318434699962
TotalExecutionTime,2684.0767149370004
