InputGenerationTime,0.3232922659954056
ProfilingTime,23.016957520972937
SimulationTime,61.083844291977584
FramaCExecutionTime,123.42935546697117
TotalExecutionTime,3318.4252845519222
