InputGenerationTime,0.294005884003127
ProfilingTime,31.860358409001492
SimulationTime,14.847072945005493
FramaCExecutionTime,120.10160090000136
TotalExecutionTime,344.37415066201356
