InputGenerationTime,0.27974674600409344
ProfilingTime,24.24364531203173
SimulationTime,19.408140203973744
FramaCExecutionTime,116.81609825900523
TotalExecutionTime,4154.166313299967
