InputGenerationTime,0.21752191695850343
ProfilingTime,20.903896615025587
SimulationTime,209.3643426100025
FramaCExecutionTime,113.90528678707778
TotalExecutionTime,5923.394650536007
