InputGenerationTime,0.5576207120029721
ProfilingTime,35.19054258300457
SimulationTime,21.47050193301402
FramaCExecutionTime,137.8231833819882
TotalExecutionTime,2595.281809433014
