InputGenerationTime,0.07834984001237899
ProfilingTime,29.419332494959235
SimulationTime,17.251910127990413
FramaCExecutionTime,108.21301396400668
TotalExecutionTime,653.4196745840018
