InputGenerationTime,0.19782912300433964
ProfilingTime,38.885142215993255
SimulationTime,18.148198817973025
FramaCExecutionTime,120.83434996008873
TotalExecutionTime,2099.3518046209356
