InputGenerationTime,0.0652667719987221
ProfilingTime,26.216620049031917
SimulationTime,19.321145295980386
FramaCExecutionTime,107.56037442997331
TotalExecutionTime,4641.290633950033
