InputGenerationTime,0.2951946859830059
ProfilingTime,29.573811375012156
SimulationTime,59.61786968700471
FramaCExecutionTime,126.49901207099902
TotalExecutionTime,12032.427696739003
