InputGenerationTime,0.10224440705496818
ProfilingTime,19.36309063702356
SimulationTime,17.00618021399714
FramaCExecutionTime,96.26200270303525
TotalExecutionTime,1010.4854245419847
