InputGenerationTime,0.1586757400073111
ProfilingTime,46.15162955201231
SimulationTime,164.7240910839755
FramaCExecutionTime,113.80346785899019
TotalExecutionTime,2453.570150213025
