InputGenerationTime,0.2749036009190604
ProfilingTime,32.53011467203032
SimulationTime,216.38078420097008
FramaCExecutionTime,159.24751158698928
TotalExecutionTime,7919.8514876470435
