InputGenerationTime,0.328370483010076
ProfilingTime,33.74305518399342
SimulationTime,17.534643552004127
FramaCExecutionTime,125.33717997098574
TotalExecutionTime,873.2610959140002
