InputGenerationTime,0.03624822100005076
ProfilingTime,24.215010066000104
SimulationTime,16.76833648899992
FramaCExecutionTime,107.40131508900004
TotalExecutionTime,808.4943366230002
