InputGenerationTime,0.1376757019897923
ProfilingTime,35.4251079710084
SimulationTime,219.21646789897932
FramaCExecutionTime,106.99266202299623
TotalExecutionTime,15025.191972459957
