InputGenerationTime,0.02531034300045576
ProfilingTime,10.90141041500101
SimulationTime,7.492994059000921
FramaCExecutionTime,42.76689746500051
TotalExecutionTime,785.2691596670011
