InputGenerationTime,0.18076778999966336
ProfilingTime,35.066778033000446
SimulationTime,19.100207339997723
FramaCExecutionTime,117.59281498999917
TotalExecutionTime,4677.0005099810005
