InputGenerationTime,0.2328068589558825
ProfilingTime,33.836437222897075
SimulationTime,12.086827205959707
FramaCExecutionTime,120.70834039303008
TotalExecutionTime,302.4174061989179
