InputGenerationTime,0.08512004901422188
ProfilingTime,29.342569231987
SimulationTime,36.94894991500769
FramaCExecutionTime,94.62754339398816
TotalExecutionTime,579.5245339070098
