InputGenerationTime,0.05511531299998751
ProfilingTime,22.750790814003267
SimulationTime,217.4545739219975
FramaCExecutionTime,94.72058908399777
TotalExecutionTime,11619.799989908002
