InputGenerationTime,0.05953637699712999
ProfilingTime,23.804600801006018
SimulationTime,19.187793495002552
FramaCExecutionTime,106.16420628500055
TotalExecutionTime,393.3375359369966
