InputGenerationTime,0.27123504306655377
ProfilingTime,44.22553442395292
SimulationTime,241.91798188106623
FramaCExecutionTime,121.80990467895754
TotalExecutionTime,6030.823235331918
