InputGenerationTime,0.24175441300030798
ProfilingTime,35.743034654064104
SimulationTime,22.382969719008543
FramaCExecutionTime,151.40488299599383
TotalExecutionTime,2290.0759715150343
