InputGenerationTime,0.07569622099981643
ProfilingTime,12.893399218999548
SimulationTime,8.104886781999994
FramaCExecutionTime,48.96770703600032
TotalExecutionTime,496.21829717000037
