InputGenerationTime,0.2623665229184553
ProfilingTime,27.31930067797657
SimulationTime,11.541600528988056
FramaCExecutionTime,115.6550668469863
TotalExecutionTime,873.8312494209968
