InputGenerationTime,0.2171286300290376
ProfilingTime,22.745679341023788
SimulationTime,213.05251389206387
FramaCExecutionTime,112.72816676006187
TotalExecutionTime,6804.768273208989
