InputGenerationTime,0.20018389399956504
ProfilingTime,33.21283999699972
SimulationTime,21.68235545600055
FramaCExecutionTime,114.37678537700049
TotalExecutionTime,4828.816504177001
