InputGenerationTime,0.10224440705496818
ProfilingTime,23.251337502035312
SimulationTime,6.118662338936701
FramaCExecutionTime,96.26200270303525
TotalExecutionTime,809.0411924840882
