InputGenerationTime,0.09517260299617192
ProfilingTime,27.729472013001214
SimulationTime,19.687361887001316
FramaCExecutionTime,103.24005353699613
TotalExecutionTime,1155.0045521700013
