InputGenerationTime,0.18836116197053343
ProfilingTime,21.607798451033887
SimulationTime,18.80242941097822
FramaCExecutionTime,111.69122295401758
TotalExecutionTime,723.2730224439874
