InputGenerationTime,0.05974107002839446
ProfilingTime,23.435866985935718
SimulationTime,9.63847029604949
FramaCExecutionTime,94.46663717599586
TotalExecutionTime,253.89935775008053
