InputGenerationTime,0.18901437100430485
ProfilingTime,36.549946667997574
SimulationTime,23.29210858699662
FramaCExecutionTime,120.16616172400245
TotalExecutionTime,4172.335756921002
