InputGenerationTime,0.2250435840105638
ProfilingTime,23.60061719699297
SimulationTime,213.94866140489466
FramaCExecutionTime,112.19995585503057
TotalExecutionTime,1505.5752857200569
