InputGenerationTime,0.09517260299617192
ProfilingTime,30.714868872004445
SimulationTime,21.231990650005173
FramaCExecutionTime,103.24005353699613
TotalExecutionTime,899.4850644160033
