InputGenerationTime,0.294005884003127
ProfilingTime,37.49772264200146
SimulationTime,20.282880702987313
FramaCExecutionTime,120.10160090000136
TotalExecutionTime,771.3861087800178
