InputGenerationTime,0.0712742239702493
ProfilingTime,26.58845278096851
SimulationTime,16.669241936004255
FramaCExecutionTime,105.79948802501895
TotalExecutionTime,1370.2345552589977
