InputGenerationTime,0.06933283800026402
ProfilingTime,27.860684093029704
SimulationTime,19.18491600098787
FramaCExecutionTime,104.76876791298855
TotalExecutionTime,2758.709824176971
