InputGenerationTime,0.146842653004569
ProfilingTime,29.50926930100104
SimulationTime,19.907368091000535
FramaCExecutionTime,89.65716592899844
TotalExecutionTime,352.109608095001
