InputGenerationTime,0.05550380299973767
ProfilingTime,29.008632507000584
SimulationTime,14.957182519996422
FramaCExecutionTime,105.84851150700706
TotalExecutionTime,4000.496078561002
