InputGenerationTime,0.03244398299830209
ProfilingTime,20.50307604900081
SimulationTime,214.90845748799984
FramaCExecutionTime,92.58095922599932
TotalExecutionTime,6369.059024200001
