InputGenerationTime,0.2941565380024258
ProfilingTime,32.17622275502072
SimulationTime,18.230776325974148
FramaCExecutionTime,119.22128029901069
TotalExecutionTime,2910.0562689189974
