InputGenerationTime,0.30299885899876244
ProfilingTime,32.36926246000803
SimulationTime,17.94004921001033
FramaCExecutionTime,115.40188249299536
TotalExecutionTime,838.8428810769983
