InputGenerationTime,0.11390176499844529
ProfilingTime,33.43339448799816
SimulationTime,20.785353999999643
FramaCExecutionTime,109.5342480060026
TotalExecutionTime,3433.6804228750007
