InputGenerationTime,0.08807973000511993
ProfilingTime,38.01046253499226
SimulationTime,26.231492106991936
FramaCExecutionTime,104.4215551840025
TotalExecutionTime,1386.0094170100056
