InputGenerationTime,0.28151840600185096
ProfilingTime,24.178801122994628
SimulationTime,17.473118908004835
FramaCExecutionTime,123.84468328399817
TotalExecutionTime,3707.1797474860214
