InputGenerationTime,0.2734934970503673
ProfilingTime,21.17223259503953
SimulationTime,15.415937690064311
FramaCExecutionTime,118.28702378703747
TotalExecutionTime,1443.1164851650828
