InputGenerationTime,0.10281701199710369
ProfilingTime,23.377921762999904
SimulationTime,18.856056637996517
FramaCExecutionTime,95.94782013600343
TotalExecutionTime,3826.4932211470004
