InputGenerationTime,0.2754530660167802
ProfilingTime,33.13129512401065
SimulationTime,15.372047747019678
FramaCExecutionTime,142.3172453920124
TotalExecutionTime,4210.04871467402
