InputGenerationTime,0.08263851499941666
ProfilingTime,25.715213834002498
SimulationTime,16.91665247399942
FramaCExecutionTime,98.82215799900587
TotalExecutionTime,1622.9663778309914
