InputGenerationTime,0.06782107497565448
ProfilingTime,19.697368654888123
SimulationTime,19.09566610516049
FramaCExecutionTime,91.11508935387246
TotalExecutionTime,1507.4412895161659
