InputGenerationTime,0.0869224370107986
ProfilingTime,29.787366538017523
SimulationTime,18.643940954993013
FramaCExecutionTime,107.27235301001929
TotalExecutionTime,3248.790062337008
