InputGenerationTime,0.18446814600611106
ProfilingTime,21.519594251003582
SimulationTime,211.9378186770482
FramaCExecutionTime,112.07018067297759
TotalExecutionTime,14106.29801830399
