InputGenerationTime,0.2538465560064651
ProfilingTime,42.13777076899714
SimulationTime,263.96220050400007
FramaCExecutionTime,147.2809260690119
TotalExecutionTime,22093.088556461997
