InputGenerationTime,0.07921701300074346
ProfilingTime,38.097582389003946
SimulationTime,21.6408819520002
FramaCExecutionTime,105.26931427200907
TotalExecutionTime,3995.967250640999
