InputGenerationTime,0.2518795130017679
ProfilingTime,33.20549516598112
SimulationTime,13.995122712018201
FramaCExecutionTime,128.72929689101875
TotalExecutionTime,1545.4044422320148
