InputGenerationTime,0.06989308199990774
ProfilingTime,23.64347883099981
SimulationTime,14.726384939996933
FramaCExecutionTime,94.03919311700156
TotalExecutionTime,1635.3503048130005
