InputGenerationTime,0.18538614409044385
ProfilingTime,25.64387333393097
SimulationTime,213.9439868479967
FramaCExecutionTime,110.43824010202661
TotalExecutionTime,4130.509470078046
