InputGenerationTime,0.20043562108185142
ProfilingTime,20.05932484101504
SimulationTime,27.876532566035166
FramaCExecutionTime,106.11862533399835
TotalExecutionTime,623.9864655340789
