InputGenerationTime,0.2951946859830059
ProfilingTime,24.609531068999786
SimulationTime,60.68260806502076
FramaCExecutionTime,126.49901207099902
TotalExecutionTime,10162.778283674998
