InputGenerationTime,0.5125337750068866
ProfilingTime,31.76229723598226
SimulationTime,23.588553676992888
FramaCExecutionTime,149.69917792000342
TotalExecutionTime,4453.578019303008
