InputGenerationTime,0.05791807700006757
ProfilingTime,38.13264803799393
SimulationTime,18.987136808005744
FramaCExecutionTime,106.56665147199237
TotalExecutionTime,2345.7814249090006
