InputGenerationTime,0.2518795130017679
ProfilingTime,33.92380308100837
SimulationTime,20.159767420002026
FramaCExecutionTime,128.72929689101875
TotalExecutionTime,1914.5760321970156
