InputGenerationTime,0.08053681813180447
ProfilingTime,41.858392348047346
SimulationTime,351.5241660568863
FramaCExecutionTime,106.81704033003189
TotalExecutionTime,26102.27459519508
