InputGenerationTime,0.27715257002273574
ProfilingTime,30.819625111995265
SimulationTime,17.59913421800593
FramaCExecutionTime,128.3411734039837
TotalExecutionTime,4200.201796202979
