InputGenerationTime,0.10097159299766645
ProfilingTime,37.43386684998404
SimulationTime,252.53185763198417
FramaCExecutionTime,110.10803324502194
TotalExecutionTime,24542.768106528034
