InputGenerationTime,0.04487435601186007
ProfilingTime,19.265270152012818
SimulationTime,8.618746654014103
FramaCExecutionTime,89.0224654530175
TotalExecutionTime,987.9740361089353
