InputGenerationTime,0.02531034300045576
ProfilingTime,11.127582342998721
SimulationTime,6.860152322999056
FramaCExecutionTime,42.76689746500051
TotalExecutionTime,584.1664683100007
