InputGenerationTime,0.2035223109414801
ProfilingTime,18.82881316205021
SimulationTime,764.5339423090918
FramaCExecutionTime,108.50297766900621
TotalExecutionTime,22898.340258940007
