InputGenerationTime,0.2749036009190604
ProfilingTime,32.02586799405981
SimulationTime,215.6998560859356
FramaCExecutionTime,159.24751158698928
TotalExecutionTime,11021.941457108012
