InputGenerationTime,0.11488254508003592
ProfilingTime,32.324671486974694
SimulationTime,27.943573567084968
FramaCExecutionTime,134.28010943497065
TotalExecutionTime,2582.2887940449873
