InputGenerationTime,0.0791702719998284
ProfilingTime,10.589044800999545
SimulationTime,6.482931875001668
FramaCExecutionTime,50.45893695700033
TotalExecutionTime,859.3909744839984
