InputGenerationTime,0.15126023499760777
ProfilingTime,26.061683770967647
SimulationTime,6.345000618021004
FramaCExecutionTime,114.47119204199407
TotalExecutionTime,2034.129646817979
