InputGenerationTime,0.2563665369998489
ProfilingTime,28.74591637500089
SimulationTime,238.24286306400063
FramaCExecutionTime,119.80670238400126
TotalExecutionTime,8902.316213328999
