InputGenerationTime,0.22147605799546
ProfilingTime,55.712566938003874
SimulationTime,34.016449715993076
FramaCExecutionTime,139.0204824370012
TotalExecutionTime,5784.599120658
