InputGenerationTime,0.10281701199710369
ProfilingTime,23.550223281999934
SimulationTime,15.50356474599539
FramaCExecutionTime,95.94782013600343
TotalExecutionTime,4037.571560094002
