InputGenerationTime,0.3343403210164979
ProfilingTime,22.190677187987603
SimulationTime,11.27616357896477
FramaCExecutionTime,124.28450092894491
TotalExecutionTime,859.078918352956
