InputGenerationTime,0.3488004950049799
ProfilingTime,34.51362764497753
SimulationTime,27.281934703991283
FramaCExecutionTime,131.56218258899753
TotalExecutionTime,4671.216282249981
