InputGenerationTime,0.0566682789940387
ProfilingTime,26.408628908000537
SimulationTime,14.306263043996296
FramaCExecutionTime,99.10822514499887
TotalExecutionTime,2763.3545431110033
