InputGenerationTime,0.06617910400382243
ProfilingTime,30.614415493997512
SimulationTime,14.961334606006858
FramaCExecutionTime,105.83214284598944
TotalExecutionTime,2726.810019208002
