InputGenerationTime,0.23642875702353194
ProfilingTime,41.42261954897549
SimulationTime,193.46095311199315
FramaCExecutionTime,115.11188443098217
TotalExecutionTime,4031.5972136529745
