InputGenerationTime,0.21752191695850343
ProfilingTime,25.30709819693584
SimulationTime,215.17470172804315
FramaCExecutionTime,113.90528678707778
TotalExecutionTime,10482.63600990607
