InputGenerationTime,0.0652667719987221
ProfilingTime,25.677994017023593
SimulationTime,24.182135844021104
FramaCExecutionTime,107.56037442997331
TotalExecutionTime,4595.628146097995
