InputGenerationTime,0.11737045999325346
ProfilingTime,41.29712471799576
SimulationTime,26.5981478169997
FramaCExecutionTime,130.64505490900774
TotalExecutionTime,4831.397304801008
