InputGenerationTime,0.30299885899876244
ProfilingTime,30.110168233019067
SimulationTime,16.86162042399519
FramaCExecutionTime,115.40188249299536
TotalExecutionTime,342.50256261997856
