InputGenerationTime,0.21990838996134698
ProfilingTime,18.97852176602464
SimulationTime,8.274661205941811
FramaCExecutionTime,108.54226218396798
TotalExecutionTime,217.72388974705245
