InputGenerationTime,0.21989744500024244
ProfilingTime,24.387889129982796
SimulationTime,212.15130366402445
FramaCExecutionTime,110.1814316730015
TotalExecutionTime,3635.553602960019
