InputGenerationTime,0.146842653004569
ProfilingTime,27.337355071002094
SimulationTime,20.265097354000318
FramaCExecutionTime,89.65716592899844
TotalExecutionTime,1090.4065869379992
