InputGenerationTime,0.07854590803617612
ProfilingTime,24.494162197981495
SimulationTime,16.3806329210056
FramaCExecutionTime,107.89253767899936
TotalExecutionTime,3646.1212644999614
