InputGenerationTime,0.3234236310236156
ProfilingTime,26.56564475002233
SimulationTime,244.75286530295853
FramaCExecutionTime,118.84747565101134
TotalExecutionTime,4185.449180612981
