InputGenerationTime,0.02531034300045576
ProfilingTime,10.781990880001104
SimulationTime,6.58615431600083
FramaCExecutionTime,42.76689746500051
TotalExecutionTime,494.3707463110004
