InputGenerationTime,0.07310996500018518
ProfilingTime,36.555237075008336
SimulationTime,19.689174625993473
FramaCExecutionTime,106.17393734199868
TotalExecutionTime,1782.942066824995
