InputGenerationTime,0.38357829499727814
ProfilingTime,24.90531385900249
SimulationTime,23.53263860900188
FramaCExecutionTime,101.32164939100039
TotalExecutionTime,4524.810726058997
