InputGenerationTime,0.09734716100501828
ProfilingTime,30.897271560999798
SimulationTime,23.094054223998683
FramaCExecutionTime,106.48393925699929
TotalExecutionTime,5417.705610859994
