InputGenerationTime,0.03625350189395249
ProfilingTime,29.241919881198555
SimulationTime,6.427015361841768
FramaCExecutionTime,93.29361514700577
TotalExecutionTime,2437.3540014389437
