InputGenerationTime,0.28366624703630805
ProfilingTime,22.19442054000683
SimulationTime,48.016179776983336
FramaCExecutionTime,115.50214947399218
TotalExecutionTime,1712.7929581479402
