InputGenerationTime,0.22495511300076032
ProfilingTime,26.596308069998486
SimulationTime,234.42200011899695
FramaCExecutionTime,129.21610248100114
TotalExecutionTime,15851.882478587002
