InputGenerationTime,0.1776239509927109
ProfilingTime,36.34920316201169
SimulationTime,21.214359494973905
FramaCExecutionTime,144.69820828095544
TotalExecutionTime,731.0658134380355
