InputGenerationTime,0.08053681813180447
ProfilingTime,49.57597708096728
SimulationTime,390.07399789313786
FramaCExecutionTime,106.81704033003189
TotalExecutionTime,30819.248580935062
