InputGenerationTime,0.11390176499844529
ProfilingTime,39.265809340002306
SimulationTime,23.437704821000807
FramaCExecutionTime,109.5342480060026
TotalExecutionTime,3907.060245386001
