InputGenerationTime,0.13892562800174346
ProfilingTime,34.13845679700171
SimulationTime,24.689810488001967
FramaCExecutionTime,111.13148282000111
TotalExecutionTime,1594.8198255510033
