InputGenerationTime,0.06989308199990774
ProfilingTime,24.26311128600355
SimulationTime,14.923100881002028
FramaCExecutionTime,94.03919311700156
TotalExecutionTime,1714.1598354669986
