InputGenerationTime,0.03624822100005076
ProfilingTime,25.11498685300012
SimulationTime,16.26724843099987
FramaCExecutionTime,107.40131508900004
TotalExecutionTime,272.5583153320001
