InputGenerationTime,0.29270844598067924
ProfilingTime,25.03222892098711
SimulationTime,88.73467251000693
FramaCExecutionTime,116.0746045949927
TotalExecutionTime,455.98648391099414
