InputGenerationTime,0.33293280099951517
ProfilingTime,28.383742672000153
SimulationTime,20.889892142000463
FramaCExecutionTime,130.06025948600018
TotalExecutionTime,4777.588574859
