InputGenerationTime,0.30700588898616843
ProfilingTime,28.302497512020636
SimulationTime,20.85305375600001
FramaCExecutionTime,126.14888849700219
TotalExecutionTime,4479.976397008984
