InputGenerationTime,0.09734716100501828
ProfilingTime,32.345728619999136
SimulationTime,24.273929101997055
FramaCExecutionTime,106.48393925699929
TotalExecutionTime,4678.204102102987
