InputGenerationTime,0.13503388699973584
ProfilingTime,36.20817681599874
SimulationTime,112.07522471099946
FramaCExecutionTime,114.96788224999909
TotalExecutionTime,11823.343198578
