InputGenerationTime,0.07480276003479958
ProfilingTime,20.00697878585197
SimulationTime,20.368706707144156
FramaCExecutionTime,92.13790134200826
TotalExecutionTime,524.064876326127
