InputGenerationTime,0.11135036498308182
ProfilingTime,22.348527497029863
SimulationTime,18.617557200952433
FramaCExecutionTime,94.48343334102537
TotalExecutionTime,1327.8849580630194
