InputGenerationTime,0.2941565380024258
ProfilingTime,31.541419651010074
SimulationTime,19.953097201010678
FramaCExecutionTime,119.22128029901069
TotalExecutionTime,3257.367897471995
