InputGenerationTime,0.08807973000511993
ProfilingTime,39.605111999000655
SimulationTime,26.53803096599586
FramaCExecutionTime,104.4215551840025
TotalExecutionTime,1091.189995876004
