InputGenerationTime,0.21722360595595092
ProfilingTime,39.58835071499925
SimulationTime,238.63840344594792
FramaCExecutionTime,123.38338132703211
TotalExecutionTime,11806.810617737938
