InputGenerationTime,0.0724836889994549
ProfilingTime,23.04835076800009
SimulationTime,214.49626218399953
FramaCExecutionTime,96.025370673
TotalExecutionTime,2935.684570421
