InputGenerationTime,0.20018389399956504
ProfilingTime,38.287604680000186
SimulationTime,24.387461941000765
FramaCExecutionTime,114.37678537700049
TotalExecutionTime,5251.220996068
