InputGenerationTime,0.1376757019897923
ProfilingTime,41.04866784502519
SimulationTime,186.4208060730016
FramaCExecutionTime,106.99266202299623
TotalExecutionTime,14770.471838864964
