InputGenerationTime,0.04965436900238274
ProfilingTime,20.45964340500359
SimulationTime,217.7762820909993
FramaCExecutionTime,96.85920009500114
TotalExecutionTime,16566.236760475003
