InputGenerationTime,0.03244398299830209
ProfilingTime,20.49419225299971
SimulationTime,214.54972057500163
FramaCExecutionTime,92.58095922599932
TotalExecutionTime,7316.232632462
