InputGenerationTime,0.22719534100178862
ProfilingTime,40.06458038299752
SimulationTime,243.1116500069984
FramaCExecutionTime,129.50138765100564
TotalExecutionTime,412.9210877490041
