InputGenerationTime,0.08637258899398148
ProfilingTime,29.055481364019215
SimulationTime,15.268417045008391
FramaCExecutionTime,104.87469518801663
TotalExecutionTime,3103.5895842890022
