InputGenerationTime,0.2537088650001351
ProfilingTime,27.157233883000117
SimulationTime,17.734916595999948
FramaCExecutionTime,127.66620908499999
TotalExecutionTime,1595.5148665509998
