InputGenerationTime,0.24126282497309148
ProfilingTime,19.992871305090375
SimulationTime,217.4385902370559
FramaCExecutionTime,107.74387342808768
TotalExecutionTime,3660.9882603979204
