InputGenerationTime,0.22197016500285827
ProfilingTime,27.77791767200688
SimulationTime,19.995401681997464
FramaCExecutionTime,102.733615930003
TotalExecutionTime,4049.317401046006
