InputGenerationTime,0.1260524740209803
ProfilingTime,23.20103385997936
SimulationTime,42.9945878929575
FramaCExecutionTime,94.21775655599777
TotalExecutionTime,6472.704132054991
