InputGenerationTime,0.0801443759992253
ProfilingTime,26.07446584799618
SimulationTime,13.434181610995438
FramaCExecutionTime,100.1416515919991
TotalExecutionTime,2755.872084892995
