InputGenerationTime,0.07747332500002813
ProfilingTime,34.26360987999942
SimulationTime,24.64197944100306
FramaCExecutionTime,107.59819377001259
TotalExecutionTime,466.45547463900584
