InputGenerationTime,0.1322396129999106
ProfilingTime,11.493547871999908
SimulationTime,8.212297748999845
FramaCExecutionTime,55.91579891600031
TotalExecutionTime,430.67163620300016
