InputGenerationTime,0.3343403210164979
ProfilingTime,22.125212776940316
SimulationTime,12.23084855102934
FramaCExecutionTime,124.28450092894491
TotalExecutionTime,760.6376789109781
