InputGenerationTime,0.145248580025509
ProfilingTime,35.203951697039884
SimulationTime,90.40101587900426
FramaCExecutionTime,108.04990905203158
TotalExecutionTime,9517.027552601998
