InputGenerationTime,0.20075722900219262
ProfilingTime,27.37766862299759
SimulationTime,244.49411290499847
FramaCExecutionTime,120.85969471401768
TotalExecutionTime,15837.614678528975
