InputGenerationTime,0.08441820700682001
ProfilingTime,23.785557340001105
SimulationTime,15.006682160004857
FramaCExecutionTime,98.15719956099929
TotalExecutionTime,1989.7532370920017
