InputGenerationTime,0.03413906300011149
ProfilingTime,20.57317712999793
SimulationTime,213.99435717099914
FramaCExecutionTime,92.74365047799984
TotalExecutionTime,14282.253296197003
