InputGenerationTime,0.5126059039903339
ProfilingTime,31.961464724998223
SimulationTime,23.329124971001875
FramaCExecutionTime,134.92843663701206
TotalExecutionTime,2203.8283321570198
