InputGenerationTime,0.15126023499760777
ProfilingTime,25.54241529299179
SimulationTime,20.843789712002035
FramaCExecutionTime,114.47119204199407
TotalExecutionTime,2001.6684435040224
