InputGenerationTime,0.19015604798914865
ProfilingTime,20.785444789973553
SimulationTime,9.818008936010301
FramaCExecutionTime,110.16134787397459
TotalExecutionTime,950.7634544720058
