InputGenerationTime,0.1036995750037022
ProfilingTime,51.395653304003645
SimulationTime,35.69257877601194
FramaCExecutionTime,128.76921959100582
TotalExecutionTime,7238.26029827501
