InputGenerationTime,0.05724849900070694
ProfilingTime,25.36290629299765
SimulationTime,13.030128366001009
FramaCExecutionTime,97.37556695500098
TotalExecutionTime,278.25525202800054
