InputGenerationTime,0.2754530660167802
ProfilingTime,34.661306658003014
SimulationTime,14.064605129999109
FramaCExecutionTime,142.3172453920124
TotalExecutionTime,4161.207104765024
