InputGenerationTime,0.2565058240434155
ProfilingTime,21.897930028033443
SimulationTime,11.987463817931712
FramaCExecutionTime,113.66936873702798
TotalExecutionTime,1178.505674527958
