InputGenerationTime,0.17436641099993722
ProfilingTime,37.13970786699974
SimulationTime,110.57949650099908
FramaCExecutionTime,111.46580506899954
TotalExecutionTime,1885.8055570870001
