InputGenerationTime,0.04561591404490173
ProfilingTime,18.746791996993124
SimulationTime,8.1563804410398
FramaCExecutionTime,88.03226714697666
TotalExecutionTime,418.5326439628843
