InputGenerationTime,0.19766114899903187
ProfilingTime,29.243697021000116
SimulationTime,21.516394629001297
FramaCExecutionTime,120.10270344499804
TotalExecutionTime,894.4612414479998
