InputGenerationTime,0.46168155898340046
ProfilingTime,22.001809212961234
SimulationTime,18.438852826948278
FramaCExecutionTime,128.98384912509937
TotalExecutionTime,2024.2955042039976
