InputGenerationTime,0.3232922659954056
ProfilingTime,20.285644717048854
SimulationTime,56.26388682995457
FramaCExecutionTime,123.42935546697117
TotalExecutionTime,3557.848358994932
