InputGenerationTime,0.254091541050002
ProfilingTime,21.072073118994012
SimulationTime,9.389979948056862
FramaCExecutionTime,138.49859954905696
TotalExecutionTime,1007.7559301860165
