InputGenerationTime,0.06748960799995984
ProfilingTime,11.825874651998674
SimulationTime,7.609039863000362
FramaCExecutionTime,45.455020551000416
TotalExecutionTime,464.9012687209997
