InputGenerationTime,0.22179850202519447
ProfilingTime,36.69619298703037
SimulationTime,68.03211302601267
FramaCExecutionTime,150.7494653709
TotalExecutionTime,3708.169555515051
