InputGenerationTime,0.11123362099897349
ProfilingTime,38.60657236800034
SimulationTime,21.18145974199797
FramaCExecutionTime,111.88471470699733
TotalExecutionTime,2300.803432454002
