InputGenerationTime,0.02880856700357981
ProfilingTime,22.60139651600184
SimulationTime,14.581385844998294
FramaCExecutionTime,49.60165912899538
TotalExecutionTime,1333.6465880719988
