InputGenerationTime,0.3232922659954056
ProfilingTime,20.1296507359948
SimulationTime,65.54826486995444
FramaCExecutionTime,123.42935546697117
TotalExecutionTime,2982.6016926629236
