InputGenerationTime,0.1260524740209803
ProfilingTime,24.72358528902987
SimulationTime,62.368257013033144
FramaCExecutionTime,94.21775655599777
TotalExecutionTime,7181.890340188984
