InputGenerationTime,0.27715257002273574
ProfilingTime,30.574039798986632
SimulationTime,21.31437280398677
FramaCExecutionTime,128.3411734039837
TotalExecutionTime,3378.216567127005
