InputGenerationTime,0.2780745880008908
ProfilingTime,46.60969723299786
SimulationTime,38.655733043997316
FramaCExecutionTime,147.1211182670013
TotalExecutionTime,6782.5101244909965
