InputGenerationTime,0.07834984001237899
ProfilingTime,27.776864237035625
SimulationTime,17.51355790696107
FramaCExecutionTime,108.21301396400668
TotalExecutionTime,1016.3930618710001
