InputGenerationTime,0.06064719200367108
ProfilingTime,28.92879598296713
SimulationTime,13.69808187399758
FramaCExecutionTime,106.90652724599931
TotalExecutionTime,1366.2686508159968
