InputGenerationTime,0.5126059039903339
ProfilingTime,34.832970557006774
SimulationTime,20.080042694986332
FramaCExecutionTime,134.92843663701206
TotalExecutionTime,1686.02164034202
