InputGenerationTime,0.20294841800205177
ProfilingTime,39.298573512001894
SimulationTime,27.369940226002655
FramaCExecutionTime,122.89071526799671
TotalExecutionTime,2881.133542118998
