InputGenerationTime,0.24733186499997828
ProfilingTime,27.754257263
SimulationTime,17.398559139999634
FramaCExecutionTime,124.64607925199971
TotalExecutionTime,2740.7822729030004
