InputGenerationTime,0.1036995750037022
ProfilingTime,51.20276934800495
SimulationTime,35.98959648399614
FramaCExecutionTime,128.76921959100582
TotalExecutionTime,7727.3761148019985
