InputGenerationTime,0.2852700619987445
ProfilingTime,33.886557293000806
SimulationTime,23.742008704997716
FramaCExecutionTime,121.69274858300196
TotalExecutionTime,6308.718878613003
