InputGenerationTime,0.02432121099991491
ProfilingTime,10.254916990999845
SimulationTime,6.461964379999699
FramaCExecutionTime,41.77757867699984
TotalExecutionTime,297.44243208199987
