InputGenerationTime,0.29120918099943083
ProfilingTime,47.77795203300775
SimulationTime,280.5631093720003
FramaCExecutionTime,140.39637216499978
TotalExecutionTime,17330.123463564
