InputGenerationTime,0.2734934970503673
ProfilingTime,24.722673217067495
SimulationTime,17.395820955978706
FramaCExecutionTime,118.28702378703747
TotalExecutionTime,1730.494530050084
