InputGenerationTime,0.02531034300045576
ProfilingTime,11.151847175999137
SimulationTime,6.795170878000135
FramaCExecutionTime,42.76689746500051
TotalExecutionTime,803.2192858489998
