InputGenerationTime,0.2734934970503673
ProfilingTime,24.193840088904835
SimulationTime,17.201924163964577
FramaCExecutionTime,118.28702378703747
TotalExecutionTime,1571.4203153540147
