InputGenerationTime,0.1973126189550385
ProfilingTime,63.05514494597446
SimulationTime,59.966970598034095
FramaCExecutionTime,110.4989025190007
TotalExecutionTime,1967.9429285799852
