InputGenerationTime,0.05124002699449193
ProfilingTime,31.858784983996884
SimulationTime,52.32786057800695
FramaCExecutionTime,104.36231635800505
TotalExecutionTime,5027.323629738006
