InputGenerationTime,0.24693168800149579
ProfilingTime,61.15414482699998
SimulationTime,66.12410984099552
FramaCExecutionTime,135.26416748500196
TotalExecutionTime,3849.8631766420003
