InputGenerationTime,0.04915673100913409
ProfilingTime,37.64777994099131
SimulationTime,20.58341921000101
FramaCExecutionTime,104.74350526298804
TotalExecutionTime,1229.0468499249982
