InputGenerationTime,0.23651412897743285
ProfilingTime,21.470101664075628
SimulationTime,12.71060246496927
FramaCExecutionTime,114.27070531004574
TotalExecutionTime,394.03703403891996
