InputGenerationTime,0.08637258899398148
ProfilingTime,30.27492157300003
SimulationTime,16.0206116589834
FramaCExecutionTime,104.87469518801663
TotalExecutionTime,3058.793037633004
