InputGenerationTime,0.07921701300074346
ProfilingTime,32.74518943700241
SimulationTime,16.66676685900893
FramaCExecutionTime,105.26931427200907
TotalExecutionTime,3095.051591710988
