InputGenerationTime,0.2749036009190604
ProfilingTime,35.4522186180111
SimulationTime,219.21069657593034
FramaCExecutionTime,159.24751158698928
TotalExecutionTime,9696.535166493966
