InputGenerationTime,0.2384402189636603
ProfilingTime,36.84619731490966
SimulationTime,73.09104094200302
FramaCExecutionTime,151.8234170480864
TotalExecutionTime,870.46551076998
