InputGenerationTime,0.2155678939889185
ProfilingTime,27.762300784990657
SimulationTime,12.395698095031548
FramaCExecutionTime,117.01473909697961
TotalExecutionTime,1876.1852722520125
