InputGenerationTime,0.29120918099943083
ProfilingTime,52.75276200998633
SimulationTime,11.836796005009091
FramaCExecutionTime,140.39637216499978
TotalExecutionTime,19697.143196527002
