InputGenerationTime,0.04837128699728055
ProfilingTime,25.17136676500013
SimulationTime,11.573541441000998
FramaCExecutionTime,95.57277957100086
TotalExecutionTime,2643.420168046003
