InputGenerationTime,0.06306902691721916
ProfilingTime,21.281173628056422
SimulationTime,12.215260086813942
FramaCExecutionTime,93.3677042729687
TotalExecutionTime,1351.6803153930232
