InputGenerationTime,0.08637258899398148
ProfilingTime,25.75017138500698
SimulationTime,13.843860792985652
FramaCExecutionTime,104.87469518801663
TotalExecutionTime,3232.5013806690113
