InputGenerationTime,0.06825365099984992
ProfilingTime,23.266605852999874
SimulationTime,16.766762908000146
FramaCExecutionTime,96.30293493099998
TotalExecutionTime,1574.9749511860002
