InputGenerationTime,0.17561334901256487
ProfilingTime,28.368564218020765
SimulationTime,31.806742561020656
FramaCExecutionTime,126.73664757199003
TotalExecutionTime,9532.00731241898
