InputGenerationTime,0.07135240799834719
ProfilingTime,26.71235985700332
SimulationTime,12.974109137001506
FramaCExecutionTime,96.4827041699973
TotalExecutionTime,938.3847462930062
