InputGenerationTime,0.03941600100370124
ProfilingTime,22.017587338006706
SimulationTime,218.84476753400668
FramaCExecutionTime,95.25604605099943
TotalExecutionTime,9582.871526260002
