InputGenerationTime,0.24693168800149579
ProfilingTime,44.73879918101011
SimulationTime,46.40177707900875
FramaCExecutionTime,135.26416748500196
TotalExecutionTime,3273.425822410005
