InputGenerationTime,0.30700588898616843
ProfilingTime,28.062423385999864
SimulationTime,21.230570309009636
FramaCExecutionTime,126.14888849700219
TotalExecutionTime,4430.366606594995
