InputGenerationTime,0.12488321099954192
ProfilingTime,29.897545608000655
SimulationTime,19.518364262999967
FramaCExecutionTime,88.36304531300266
TotalExecutionTime,3211.7200339530027
