InputGenerationTime,0.3487831080565229
ProfilingTime,22.105614319909364
SimulationTime,18.135185897001065
FramaCExecutionTime,124.48829469003249
TotalExecutionTime,908.4521178919822
