InputGenerationTime,0.02880856700357981
ProfilingTime,20.94994709999446
SimulationTime,11.979860389998066
FramaCExecutionTime,49.60165912899538
TotalExecutionTime,1366.5794824679979
