InputGenerationTime,0.10224440705496818
ProfilingTime,23.970638169092126
SimulationTime,19.684536107000895
FramaCExecutionTime,96.26200270303525
TotalExecutionTime,852.7720330400625
