InputGenerationTime,0.2550414989818819
ProfilingTime,23.397300116019323
SimulationTime,12.072953268012498
FramaCExecutionTime,119.64459108404117
TotalExecutionTime,2713.9132528579794
