InputGenerationTime,0.10488404300122056
ProfilingTime,38.71846112999992
SimulationTime,18.433719693999592
FramaCExecutionTime,118.49847431200033
TotalExecutionTime,2400.581119961
