InputGenerationTime,0.02344999100023415
ProfilingTime,14.869391508000263
SimulationTime,8.788744942001358
FramaCExecutionTime,44.093769834998966
TotalExecutionTime,1001.1241096089998
