InputGenerationTime,0.23457185400184244
ProfilingTime,23.436214770015795
SimulationTime,49.61519101599697
FramaCExecutionTime,100.63616595900385
TotalExecutionTime,2875.025018893997
