InputGenerationTime,0.254091541050002
ProfilingTime,32.131220523966476
SimulationTime,12.84734381805174
FramaCExecutionTime,138.49859954905696
TotalExecutionTime,770.2068307629088
