InputGenerationTime,0.2937192200042773
ProfilingTime,32.97006628001691
SimulationTime,14.074182948999805
FramaCExecutionTime,131.4051270929922
TotalExecutionTime,2798.9283665850235
