InputGenerationTime,0.0626839460019255
ProfilingTime,33.298831530002644
SimulationTime,23.649900553995394
FramaCExecutionTime,104.38985318000778
TotalExecutionTime,4614.1267485080025
