InputGenerationTime,0.2554458619997604
ProfilingTime,25.62647949299935
SimulationTime,231.18533549700078
FramaCExecutionTime,133.5833892849987
TotalExecutionTime,19132.323696367002
