InputGenerationTime,0.06782107497565448
ProfilingTime,19.56211368413642
SimulationTime,19.47504267306067
FramaCExecutionTime,91.11508935387246
TotalExecutionTime,1857.2424128481653
