InputGenerationTime,0.17561334901256487
ProfilingTime,26.324981546989875
SimulationTime,88.96046708797803
FramaCExecutionTime,126.73664757199003
TotalExecutionTime,8549.004404099978
