InputGenerationTime,0.29270844598067924
ProfilingTime,25.6572975179879
SimulationTime,121.8885760930134
FramaCExecutionTime,116.0746045949927
TotalExecutionTime,1767.0041079479852
