InputGenerationTime,0.06828528999994887
ProfilingTime,22.57304065900007
SimulationTime,16.363025429999652
FramaCExecutionTime,95.84660604099963
TotalExecutionTime,2696.773339489
