InputGenerationTime,0.2450625509954989
ProfilingTime,25.684871504025068
SimulationTime,18.18541878805263
FramaCExecutionTime,119.58020104799652
TotalExecutionTime,1471.6649203270208
