InputGenerationTime,0.05974107002839446
ProfilingTime,28.839392623864114
SimulationTime,13.91094290302135
FramaCExecutionTime,94.46663717599586
TotalExecutionTime,335.62048657797277
