InputGenerationTime,0.3203130920010153
ProfilingTime,34.526565625012154
SimulationTime,20.952605762984604
FramaCExecutionTime,125.05516551900655
TotalExecutionTime,1356.7457001300063
