InputGenerationTime,0.08208400999865262
ProfilingTime,21.55745975299942
SimulationTime,219.9800512840011
FramaCExecutionTime,96.04302714300138
TotalExecutionTime,3688.330622608999
