InputGenerationTime,0.33293280099951517
ProfilingTime,26.044899999000336
SimulationTime,20.84852559399951
FramaCExecutionTime,130.06025948600018
TotalExecutionTime,4728.200509816
