InputGenerationTime,0.04074582800240023
ProfilingTime,23.7021333699995
SimulationTime,11.265959208001732
FramaCExecutionTime,95.56120953299978
TotalExecutionTime,1377.8154043920003
