InputGenerationTime,0.2328068589558825
ProfilingTime,40.498033659067005
SimulationTime,18.856578266015276
FramaCExecutionTime,120.70834039303008
TotalExecutionTime,637.3858798199799
