InputGenerationTime,0.28151840600185096
ProfilingTime,26.612142461002804
SimulationTime,21.964526730007492
FramaCExecutionTime,123.84468328399817
TotalExecutionTime,4597.894609462004
