InputGenerationTime,0.23825610300991684
ProfilingTime,24.755512260016985
SimulationTime,242.13866688101552
FramaCExecutionTime,125.86535251897294
TotalExecutionTime,19227.401521556953
