InputGenerationTime,0.08780007797759026
ProfilingTime,28.197981914971024
SimulationTime,16.427595518995076
FramaCExecutionTime,107.58787493401906
TotalExecutionTime,3215.8112339070067
