InputGenerationTime,0.0724836889994549
ProfilingTime,20.646255933000248
SimulationTime,214.04439039099998
FramaCExecutionTime,96.025370673
TotalExecutionTime,566.1463121230008
