InputGenerationTime,0.07135240799834719
ProfilingTime,25.12965783999971
SimulationTime,13.880635287001496
FramaCExecutionTime,96.4827041699973
TotalExecutionTime,701.8254317240062
