InputGenerationTime,0.07626064800024324
ProfilingTime,15.726445770000282
SimulationTime,8.454082891000326
FramaCExecutionTime,59.88686160399993
TotalExecutionTime,154.64096986300046
