InputGenerationTime,0.2650788240007387
ProfilingTime,36.50771214899942
SimulationTime,115.37442205499974
FramaCExecutionTime,114.57576221599993
TotalExecutionTime,8883.126059412
