InputGenerationTime,0.04619556199759245
ProfilingTime,27.049069893953856
SimulationTime,232.93744884897023
FramaCExecutionTime,102.9426576619735
TotalExecutionTime,9084.01000682899
