InputGenerationTime,0.05552351800724864
ProfilingTime,18.852845386994886
SimulationTime,212.68778548401315
FramaCExecutionTime,105.23009136799374
TotalExecutionTime,20492.932385876004
