InputGenerationTime,0.3489217610040214
ProfilingTime,23.70272856199881
SimulationTime,19.171713428993826
FramaCExecutionTime,101.74599396999838
TotalExecutionTime,2279.2607018479976
