InputGenerationTime,0.145248580025509
ProfilingTime,42.389080003951676
SimulationTime,94.44682979799109
FramaCExecutionTime,108.04990905203158
TotalExecutionTime,10030.396827910969
