InputGenerationTime,0.04219626891426742
ProfilingTime,21.51409206306562
SimulationTime,23.680422376841307
FramaCExecutionTime,89.77886800491251
TotalExecutionTime,1806.3161822918337
