InputGenerationTime,0.328370483010076
ProfilingTime,33.3284592719865
SimulationTime,18.294418734993087
FramaCExecutionTime,125.33717997098574
TotalExecutionTime,668.3071640420239
