InputGenerationTime,0.31785363605013117
ProfilingTime,25.537091645004693
SimulationTime,18.4114507320337
FramaCExecutionTime,117.68211280897958
TotalExecutionTime,248.2003492930089
