InputGenerationTime,0.06933283800026402
ProfilingTime,28.353003218013328
SimulationTime,18.319260792981368
FramaCExecutionTime,104.76876791298855
TotalExecutionTime,2665.573066279001
