InputGenerationTime,0.16970555897569284
ProfilingTime,33.49768726702314
SimulationTime,557.0195284669753
FramaCExecutionTime,116.65334182599327
TotalExecutionTime,4997.62254375004
