InputGenerationTime,0.11737045999325346
ProfilingTime,52.76521440099168
SimulationTime,38.13959531500586
FramaCExecutionTime,130.64505490900774
TotalExecutionTime,5405.917935100006
