InputGenerationTime,0.229954885027837
ProfilingTime,25.00430231099017
SimulationTime,17.527388877992053
FramaCExecutionTime,111.18525936000515
TotalExecutionTime,341.89334276900627
