InputGenerationTime,0.106488331919536
ProfilingTime,41.43260960094631
SimulationTime,183.4501550148707
FramaCExecutionTime,107.84012395399623
TotalExecutionTime,7866.998818028951
