InputGenerationTime,0.1036995750037022
ProfilingTime,57.6955192250025
SimulationTime,38.50321164399793
FramaCExecutionTime,128.76921959100582
TotalExecutionTime,8552.322246509997
