InputGenerationTime,0.2916732019511983
ProfilingTime,26.60748861398315
SimulationTime,19.231488420977257
FramaCExecutionTime,121.73228721501073
TotalExecutionTime,3312.7158819790347
