InputGenerationTime,0.03244398299830209
ProfilingTime,20.691339473998596
SimulationTime,215.42399082500015
FramaCExecutionTime,92.58095922599932
TotalExecutionTime,10424.392368756999
