InputGenerationTime,0.08813246099816752
ProfilingTime,35.55746199599889
SimulationTime,21.013693176999368
FramaCExecutionTime,108.73251284900107
TotalExecutionTime,1333.9537971600002
