InputGenerationTime,0.05989754600159358
ProfilingTime,25.67557102900173
SimulationTime,16.905281865998404
FramaCExecutionTime,101.61069593699358
TotalExecutionTime,2345.22013031799
