InputGenerationTime,0.12341600493527949
ProfilingTime,45.15494962991215
SimulationTime,43.36638372496236
FramaCExecutionTime,109.50403061194811
TotalExecutionTime,1954.939096242073
