InputGenerationTime,0.03560964995995164
ProfilingTime,19.543587691965513
SimulationTime,34.162749900948256
FramaCExecutionTime,89.09152986505069
TotalExecutionTime,1704.940789032029
