InputGenerationTime,0.328370483010076
ProfilingTime,33.31996481001261
SimulationTime,14.516479988989886
FramaCExecutionTime,125.33717997098574
TotalExecutionTime,212.69147461900138
