InputGenerationTime,0.0626839460019255
ProfilingTime,33.96734654800093
SimulationTime,22.059594082995318
FramaCExecutionTime,104.38985318000778
TotalExecutionTime,4727.381961658
