InputGenerationTime,0.03625350189395249
ProfilingTime,22.728978734929115
SimulationTime,34.552003632998094
FramaCExecutionTime,93.29361514700577
TotalExecutionTime,2185.743018314941
