InputGenerationTime,0.05974107002839446
ProfilingTime,22.70469036907889
SimulationTime,9.322883299086243
FramaCExecutionTime,94.46663717599586
TotalExecutionTime,893.9481605631299
