InputGenerationTime,0.06748960799995984
ProfilingTime,12.590133113000775
SimulationTime,7.036288642999352
FramaCExecutionTime,45.455020551000416
TotalExecutionTime,323.5743289279999
