InputGenerationTime,0.08780276495963335
ProfilingTime,20.364335889928043
SimulationTime,148.16182772407774
FramaCExecutionTime,97.10535426600836
TotalExecutionTime,1176.146726684994
