InputGenerationTime,0.03624822100005076
ProfilingTime,23.633317216000023
SimulationTime,18.012711496000065
FramaCExecutionTime,107.40131508900004
TotalExecutionTime,402.488390685
