InputGenerationTime,0.08706269499816699
ProfilingTime,34.58891647100245
SimulationTime,22.815743553001084
FramaCExecutionTime,108.95056382500115
TotalExecutionTime,5746.582266965001
