InputGenerationTime,0.12341600493527949
ProfilingTime,33.053417779970914
SimulationTime,33.78593887097668
FramaCExecutionTime,109.50403061194811
TotalExecutionTime,1045.9306128220633
