InputGenerationTime,0.21989744500024244
ProfilingTime,25.64471012802096
SimulationTime,212.37901826400775
FramaCExecutionTime,110.1814316730015
TotalExecutionTime,5096.914758073981
