InputGenerationTime,0.2250435840105638
ProfilingTime,21.676831234944984
SimulationTime,210.567791923997
FramaCExecutionTime,112.19995585503057
TotalExecutionTime,1267.9782341390382
