InputGenerationTime,0.20018389399956504
ProfilingTime,38.302269279999564
SimulationTime,23.499458849000803
FramaCExecutionTime,114.37678537700049
TotalExecutionTime,5885.2378738140005
