InputGenerationTime,0.07626064800024324
ProfilingTime,16.51081617
SimulationTime,9.297407386000486
FramaCExecutionTime,59.88686160399993
TotalExecutionTime,180.45153678800034
