InputGenerationTime,0.1776239509927109
ProfilingTime,40.98879146098625
SimulationTime,26.296825478901155
FramaCExecutionTime,144.69820828095544
TotalExecutionTime,1020.7322021740256
