InputGenerationTime,0.3468931099996553
ProfilingTime,26.862526365999656
SimulationTime,22.187294465999003
FramaCExecutionTime,97.67858885599708
TotalExecutionTime,3203.7485007180003
