InputGenerationTime,0.1376757019897923
ProfilingTime,35.343306783004664
SimulationTime,148.60817782697268
FramaCExecutionTime,106.99266202299623
TotalExecutionTime,12832.449208709993
