InputGenerationTime,0.229954885027837
ProfilingTime,25.342835596995428
SimulationTime,18.355245889048092
FramaCExecutionTime,111.18525936000515
TotalExecutionTime,385.6539648649632
