InputGenerationTime,0.3489217610040214
ProfilingTime,29.481663238999317
SimulationTime,22.240093303997128
FramaCExecutionTime,101.74599396999838
TotalExecutionTime,1906.4662393079998
