InputGenerationTime,0.2951946859830059
ProfilingTime,20.043209021998337
SimulationTime,52.55286036801408
FramaCExecutionTime,126.49901207099902
TotalExecutionTime,12377.611645303987
