InputGenerationTime,0.22147605799546
ProfilingTime,51.15000250999583
SimulationTime,35.80595486400125
FramaCExecutionTime,139.0204824370012
TotalExecutionTime,5175.5721763030015
