InputGenerationTime,0.05989754600159358
ProfilingTime,23.257445979994372
SimulationTime,16.905538242994226
FramaCExecutionTime,101.61069593699358
TotalExecutionTime,2427.1255454799975
