InputGenerationTime,0.24459180305711925
ProfilingTime,20.290003970032558
SimulationTime,8.93546506704297
FramaCExecutionTime,116.45146760297939
TotalExecutionTime,1162.787250238005
