InputGenerationTime,0.04533246399660129
ProfilingTime,32.90653004599153
SimulationTime,233.13970776999486
FramaCExecutionTime,102.04172662799829
TotalExecutionTime,17096.606414904003
