InputGenerationTime,0.07480276003479958
ProfilingTime,18.859228984219953
SimulationTime,19.014745292952284
FramaCExecutionTime,92.13790134200826
TotalExecutionTime,167.3328113129828
