InputGenerationTime,0.05724849900070694
ProfilingTime,23.947574699999677
SimulationTime,13.125600121999014
FramaCExecutionTime,97.37556695500098
TotalExecutionTime,506.9867387280028
