InputGenerationTime,0.3487831080565229
ProfilingTime,21.27225916495081
SimulationTime,13.842861473094672
FramaCExecutionTime,124.48829469003249
TotalExecutionTime,193.72092553798575
