InputGenerationTime,0.08263851499941666
ProfilingTime,22.429211573995417
SimulationTime,15.875695644994266
FramaCExecutionTime,98.82215799900587
TotalExecutionTime,1201.5266166119982
