InputGenerationTime,0.04219626891426742
ProfilingTime,18.609256337862462
SimulationTime,18.794739017030224
FramaCExecutionTime,89.77886800491251
TotalExecutionTime,1129.7979067589622
