InputGenerationTime,0.15557446299999356
ProfilingTime,37.764562123999895
SimulationTime,22.585317684000074
FramaCExecutionTime,114.42043770899954
TotalExecutionTime,3951.7426761909996
