InputGenerationTime,0.2780745880008908
ProfilingTime,40.243126377004955
SimulationTime,33.96975552599906
FramaCExecutionTime,147.1211182670013
TotalExecutionTime,6939.68621362
