InputGenerationTime,0.03244398299830209
ProfilingTime,22.850442635000945
SimulationTime,215.20082920200002
FramaCExecutionTime,92.58095922599932
TotalExecutionTime,8975.709475558
