InputGenerationTime,0.5459449000190943
ProfilingTime,25.716282718989532
SimulationTime,13.917251870007021
FramaCExecutionTime,142.59089715700247
TotalExecutionTime,3900.989102549007
