InputGenerationTime,0.3914520660182461
ProfilingTime,20.25900056993123
SimulationTime,9.100413403008133
FramaCExecutionTime,134.18783874309156
TotalExecutionTime,1138.624904152006
