InputGenerationTime,0.08908225699997274
ProfilingTime,10.827319959000306
SimulationTime,9.119091612000375
FramaCExecutionTime,48.71309677099998
TotalExecutionTime,629.0359266060004
