InputGenerationTime,0.3232922659954056
ProfilingTime,21.81593183602672
SimulationTime,60.52926638897043
FramaCExecutionTime,123.42935546697117
TotalExecutionTime,3640.263304541004
