InputGenerationTime,0.02344999100023415
ProfilingTime,17.99357210800008
SimulationTime,9.246450811999239
FramaCExecutionTime,44.093769834998966
TotalExecutionTime,930.503301658
