InputGenerationTime,0.02344999100023415
ProfilingTime,14.276024890999906
SimulationTime,9.418905905000429
FramaCExecutionTime,44.093769834998966
TotalExecutionTime,854.0582067649993
