InputGenerationTime,0.19015604798914865
ProfilingTime,21.536928564019036
SimulationTime,11.776453727972694
FramaCExecutionTime,110.16134787397459
TotalExecutionTime,881.0251559689641
