InputGenerationTime,0.2328068589558825
ProfilingTime,30.74177433399018
SimulationTime,10.128407885087654
FramaCExecutionTime,120.70834039303008
TotalExecutionTime,1397.7877044149209
