InputGenerationTime,0.08208400999865262
ProfilingTime,21.024135464998835
SimulationTime,215.14479041800223
FramaCExecutionTime,96.04302714300138
TotalExecutionTime,2972.3874026760022
