InputGenerationTime,0.2563665369998489
ProfilingTime,28.083345177999945
SimulationTime,234.98317101500106
FramaCExecutionTime,119.80670238400126
TotalExecutionTime,10486.403489123
