InputGenerationTime,0.13892562800174346
ProfilingTime,38.12161896999896
SimulationTime,28.553056162003486
FramaCExecutionTime,111.13148282000111
TotalExecutionTime,744.4236517029967
