InputGenerationTime,0.2550414989818819
ProfilingTime,24.52095803996781
SimulationTime,12.55848505103495
FramaCExecutionTime,119.64459108404117
TotalExecutionTime,2641.0720145279774
