InputGenerationTime,0.10488404300122056
ProfilingTime,34.65550385700044
SimulationTime,16.623531336997985
FramaCExecutionTime,118.49847431200033
TotalExecutionTime,1714.006073304001
