InputGenerationTime,0.06617910400382243
ProfilingTime,37.24029665198759
SimulationTime,19.449569513002643
FramaCExecutionTime,105.83214284598944
TotalExecutionTime,3751.3815875299915
