InputGenerationTime,0.28151840600185096
ProfilingTime,24.62036686501233
SimulationTime,19.530527986993548
FramaCExecutionTime,123.84468328399817
TotalExecutionTime,4213.023316589999
