InputGenerationTime,0.2538465560064651
ProfilingTime,52.845361788000446
SimulationTime,12.174481643000036
FramaCExecutionTime,147.2809260690119
TotalExecutionTime,26968.511734517
