InputGenerationTime,0.3234236310236156
ProfilingTime,23.49655503901886
SimulationTime,240.79432973801158
FramaCExecutionTime,118.84747565101134
TotalExecutionTime,3373.747554629983
