InputGenerationTime,0.18418349499552278
ProfilingTime,41.78360943799635
SimulationTime,285.5617753030019
FramaCExecutionTime,134.15536504299962
TotalExecutionTime,11301.929124957998
