InputGenerationTime,0.0652667719987221
ProfilingTime,26.936570033954922
SimulationTime,21.44932592404075
FramaCExecutionTime,107.56037442997331
TotalExecutionTime,4208.600747111021
