InputGenerationTime,0.2518795130017679
ProfilingTime,31.072282980021555
SimulationTime,12.934498171001906
FramaCExecutionTime,128.72929689101875
TotalExecutionTime,2581.011309669004
