InputGenerationTime,0.254091541050002
ProfilingTime,20.217083255993202
SimulationTime,8.438553110929206
FramaCExecutionTime,138.49859954905696
TotalExecutionTime,1069.1818463879172
