InputGenerationTime,0.24175441300030798
ProfilingTime,32.72886356397066
SimulationTime,19.417234005988576
FramaCExecutionTime,151.40488299599383
TotalExecutionTime,1832.4270524349995
