InputGenerationTime,0.145248580025509
ProfilingTime,36.45467806700617
SimulationTime,91.90707802004181
FramaCExecutionTime,108.04990905203158
TotalExecutionTime,12022.699182515964
