InputGenerationTime,0.18901437100430485
ProfilingTime,38.83467346600082
SimulationTime,23.354539004998514
FramaCExecutionTime,120.16616172400245
TotalExecutionTime,4234.646182777997
