InputGenerationTime,0.09517260299617192
ProfilingTime,29.38028034799936
SimulationTime,22.21276815100282
FramaCExecutionTime,103.24005353699613
TotalExecutionTime,1056.8388895559983
