InputGenerationTime,0.05441822297871113
ProfilingTime,23.110852245008573
SimulationTime,214.63687814795412
FramaCExecutionTime,93.7210614560172
TotalExecutionTime,1272.510372275021
