InputGenerationTime,0.0801443759992253
ProfilingTime,27.526798852006323
SimulationTime,15.409285989007913
FramaCExecutionTime,100.1416515919991
TotalExecutionTime,2669.4293090049905
