InputGenerationTime,0.24733186499997828
ProfilingTime,29.309804214999986
SimulationTime,21.11614892999978
FramaCExecutionTime,124.64607925199971
TotalExecutionTime,2927.879441958
