InputGenerationTime,0.2537088650001351
ProfilingTime,26.118744591999985
SimulationTime,19.914001763000215
FramaCExecutionTime,127.66620908499999
TotalExecutionTime,1993.7253513500002
