InputGenerationTime,0.24693168800149579
ProfilingTime,56.711326504999306
SimulationTime,63.991590270990855
FramaCExecutionTime,135.26416748500196
TotalExecutionTime,4102.69157847001
