InputGenerationTime,0.05441822297871113
ProfilingTime,27.90199686703272
SimulationTime,218.83501817588694
FramaCExecutionTime,93.7210614560172
TotalExecutionTime,2510.007948361803
