InputGenerationTime,0.21389529504813254
ProfilingTime,21.21467897295952
SimulationTime,59.39556276402436
FramaCExecutionTime,119.5768579680007
TotalExecutionTime,2290.600546409958
