InputGenerationTime,0.3234236310236156
ProfilingTime,25.559395298012532
SimulationTime,12.735224069969263
FramaCExecutionTime,118.84747565101134
TotalExecutionTime,4772.045759209956
