InputGenerationTime,0.1500415460000113
ProfilingTime,39.499960235000344
SimulationTime,24.752002992000143
FramaCExecutionTime,119.5390944679998
TotalExecutionTime,2661.6092841689997
