InputGenerationTime,0.05632666900055483
ProfilingTime,38.611830281006405
SimulationTime,20.71337128301093
FramaCExecutionTime,103.49272005399689
TotalExecutionTime,2370.1446299300005
