InputGenerationTime,0.1260524740209803
ProfilingTime,24.115564924955834
SimulationTime,46.937278967991006
FramaCExecutionTime,94.21775655599777
TotalExecutionTime,7679.013563957997
