InputGenerationTime,0.06825365099984992
ProfilingTime,24.453547711999818
SimulationTime,15.05279720999988
FramaCExecutionTime,96.30293493099998
TotalExecutionTime,1215.7744267680002
