InputGenerationTime,0.1973126189550385
ProfilingTime,51.43487598997308
SimulationTime,60.04013971798122
FramaCExecutionTime,110.4989025190007
TotalExecutionTime,1383.3223416159744
