InputGenerationTime,0.09734716100501828
ProfilingTime,31.724344071990345
SimulationTime,22.37508915599028
FramaCExecutionTime,106.48393925699929
TotalExecutionTime,4844.495386384995
