InputGenerationTime,0.15126023499760777
ProfilingTime,25.152603538997937
SimulationTime,20.403943244018592
FramaCExecutionTime,114.47119204199407
TotalExecutionTime,2127.635792041023
