InputGenerationTime,0.5576207120029721
ProfilingTime,29.29069572201115
SimulationTime,17.49635514401598
FramaCExecutionTime,137.8231833819882
TotalExecutionTime,1513.6841132680129
