InputGenerationTime,0.06617910400382243
ProfilingTime,34.54189392901026
SimulationTime,16.28910073399311
FramaCExecutionTime,105.83214284598944
TotalExecutionTime,3222.2826825139928
