InputGenerationTime,0.18836116197053343
ProfilingTime,20.78111192001961
SimulationTime,18.477135553956032
FramaCExecutionTime,111.69122295401758
TotalExecutionTime,234.17058774200268
