InputGenerationTime,0.03625350189395249
ProfilingTime,22.277473876951262
SimulationTime,34.47828547889367
FramaCExecutionTime,93.29361514700577
TotalExecutionTime,1474.2224558398593
