InputGenerationTime,0.02344999100023415
ProfilingTime,12.562405447999481
SimulationTime,7.9295222490000015
FramaCExecutionTime,44.093769834998966
TotalExecutionTime,640.2480048639991
