InputGenerationTime,0.23651412897743285
ProfilingTime,22.193188316072337
SimulationTime,12.90484299394302
FramaCExecutionTime,114.27070531004574
TotalExecutionTime,611.3431656969478
