InputGenerationTime,0.10097159299766645
ProfilingTime,37.36834317696048
SimulationTime,105.06958186300471
FramaCExecutionTime,110.10803324502194
TotalExecutionTime,25406.63014166901
