InputGenerationTime,0.2780745880008908
ProfilingTime,40.58646615700127
SimulationTime,29.897493799006043
FramaCExecutionTime,147.1211182670013
TotalExecutionTime,6143.3638398569965
