InputGenerationTime,0.20462099200085504
ProfilingTime,25.617663018998428
SimulationTime,20.676258378996863
FramaCExecutionTime,119.80521449099979
TotalExecutionTime,1431.0510124249995
