InputGenerationTime,0.18785828900581691
ProfilingTime,39.728690851989086
SimulationTime,22.39826719199482
FramaCExecutionTime,130.39241952699376
TotalExecutionTime,1956.7951015639992
