InputGenerationTime,0.08263851499941666
ProfilingTime,23.501775191994966
SimulationTime,16.164802109997254
FramaCExecutionTime,98.82215799900587
TotalExecutionTime,1284.7471563599975
