InputGenerationTime,0.09734716100501828
ProfilingTime,31.10981124700629
SimulationTime,21.058820313002798
FramaCExecutionTime,106.48393925699929
TotalExecutionTime,4896.867905237988
