InputGenerationTime,0.36039209901355207
ProfilingTime,20.344990561017767
SimulationTime,210.5021418069955
FramaCExecutionTime,125.7520459779771
TotalExecutionTime,2932.792292094091
