InputGenerationTime,0.07480276003479958
ProfilingTime,19.85951607604511
SimulationTime,20.297436035005376
FramaCExecutionTime,92.13790134200826
TotalExecutionTime,320.0703046009876
