InputGenerationTime,0.10281701199710369
ProfilingTime,21.628567965999537
SimulationTime,22.00971157200547
FramaCExecutionTime,95.94782013600343
TotalExecutionTime,3912.8842018829964
