InputGenerationTime,0.18582355696707964
ProfilingTime,20.941894866991788
SimulationTime,14.717746620997787
FramaCExecutionTime,131.82039032201283
TotalExecutionTime,2771.186489076994
