InputGenerationTime,0.27974674600409344
ProfilingTime,21.00137354398612
SimulationTime,17.062715640990064
FramaCExecutionTime,116.81609825900523
TotalExecutionTime,3406.9988330649794
