InputGenerationTime,0.3914520660182461
ProfilingTime,20.342134744045325
SimulationTime,9.073626216966659
FramaCExecutionTime,134.18783874309156
TotalExecutionTime,1407.6175116020022
