InputGenerationTime,0.19782912300433964
ProfilingTime,34.30684500897769
SimulationTime,14.433958565932699
FramaCExecutionTime,120.83434996008873
TotalExecutionTime,1750.8636025199667
