InputGenerationTime,0.3488004950049799
ProfilingTime,28.01950859298813
SimulationTime,25.889999808976427
FramaCExecutionTime,131.56218258899753
TotalExecutionTime,5550.689629965986
