InputGenerationTime,0.08321001699914632
ProfilingTime,38.84353062200171
SimulationTime,114.75123985600112
FramaCExecutionTime,108.04663024299953
TotalExecutionTime,4578.444152934999
