InputGenerationTime,0.05124002699449193
ProfilingTime,34.04364600199915
SimulationTime,45.531356381005025
FramaCExecutionTime,104.36231635800505
TotalExecutionTime,5106.958381869001
