InputGenerationTime,0.18446814600611106
ProfilingTime,24.376197038043756
SimulationTime,212.7110385199776
FramaCExecutionTime,112.07018067297759
TotalExecutionTime,15095.654699977022
