InputGenerationTime,0.06472448515705764
ProfilingTime,19.03462672000751
SimulationTime,210.63879061490297
FramaCExecutionTime,89.01774519495666
TotalExecutionTime,2851.615520410007
