InputGenerationTime,0.5117717100074515
ProfilingTime,20.333437960012816
SimulationTime,58.276240653009154
FramaCExecutionTime,127.56641766999383
TotalExecutionTime,392.1311627079267
