InputGenerationTime,0.24733186499997828
ProfilingTime,26.774105733000397
SimulationTime,19.629486828000154
FramaCExecutionTime,124.64607925199971
TotalExecutionTime,3026.2402791269997
