InputGenerationTime,0.04074582800240023
ProfilingTime,20.403658318999078
SimulationTime,10.856007700000191
FramaCExecutionTime,95.56120953299978
TotalExecutionTime,1050.3796372760007
