InputGenerationTime,0.1776239509927109
ProfilingTime,31.302784333005548
SimulationTime,15.969477896927856
FramaCExecutionTime,144.69820828095544
TotalExecutionTime,239.35922747896984
