InputGenerationTime,0.10097159299766645
ProfilingTime,44.71492950897664
SimulationTime,226.34418678702787
FramaCExecutionTime,110.10803324502194
TotalExecutionTime,26289.559290249017
