InputGenerationTime,0.04219626891426742
ProfilingTime,19.707245524041355
SimulationTime,20.48541498207487
FramaCExecutionTime,89.77886800491251
TotalExecutionTime,1323.2501090918668
