InputGenerationTime,0.21752191695850343
ProfilingTime,24.73446414701175
SimulationTime,215.28191874700133
FramaCExecutionTime,113.90528678707778
TotalExecutionTime,8051.740389871062
