InputGenerationTime,0.2698664650088176
ProfilingTime,43.41382667305879
SimulationTime,19.34043326997198
FramaCExecutionTime,179.84466144593898
TotalExecutionTime,850.3212229039054
