InputGenerationTime,0.07854590803617612
ProfilingTime,27.20908145996509
SimulationTime,19.76191373995971
FramaCExecutionTime,107.89253767899936
TotalExecutionTime,4295.02954624797
