InputGenerationTime,0.05974107002839446
ProfilingTime,22.49822022789158
SimulationTime,8.898518058937043
FramaCExecutionTime,94.46663717599586
TotalExecutionTime,125.92667355411686
