InputGenerationTime,0.06933283800026402
ProfilingTime,30.278023959021084
SimulationTime,19.432057267054915
FramaCExecutionTime,104.76876791298855
TotalExecutionTime,3129.115179038956
