InputGenerationTime,0.26520692789927125
ProfilingTime,35.04174904001411
SimulationTime,13.514715658966452
FramaCExecutionTime,172.96581168298144
TotalExecutionTime,1788.4806747019757
