InputGenerationTime,0.08637258899398148
ProfilingTime,26.866489370993804
SimulationTime,12.740625718026422
FramaCExecutionTime,104.87469518801663
TotalExecutionTime,2448.1869660710217
