InputGenerationTime,0.07135240799834719
ProfilingTime,25.264976890997787
SimulationTime,9.90758977200312
FramaCExecutionTime,96.4827041699973
TotalExecutionTime,239.31575860100565
