InputGenerationTime,0.18418349499552278
ProfilingTime,44.00254771499749
SimulationTime,267.37764319399867
FramaCExecutionTime,134.15536504299962
TotalExecutionTime,9387.073812412003
