InputGenerationTime,0.11109681602101773
ProfilingTime,19.22742153692525
SimulationTime,46.15874379000161
FramaCExecutionTime,95.02735664101783
TotalExecutionTime,4681.132934137015
