InputGenerationTime,0.18538614409044385
ProfilingTime,25.96998822200112
SimulationTime,216.20121129206382
FramaCExecutionTime,110.43824010202661
TotalExecutionTime,3173.549826818984
