InputGenerationTime,0.05552351800724864
ProfilingTime,29.318756982000195
SimulationTime,224.58669075400394
FramaCExecutionTime,105.23009136799374
TotalExecutionTime,21485.171777626994
