InputGenerationTime,0.2650788240007387
ProfilingTime,40.365090727998904
SimulationTime,110.2221015340001
FramaCExecutionTime,114.57576221599993
TotalExecutionTime,10131.379436737
