InputGenerationTime,0.1776239509927109
ProfilingTime,31.17841529205907
SimulationTime,15.911140933982097
FramaCExecutionTime,144.69820828095544
TotalExecutionTime,191.9793732370017
