InputGenerationTime,0.1376757019897923
ProfilingTime,33.21677484799875
SimulationTime,214.85701985302148
FramaCExecutionTime,106.99266202299623
TotalExecutionTime,17404.92938305001
