InputGenerationTime,0.1322396129999106
ProfilingTime,11.072153069999331
SimulationTime,6.103047288000198
FramaCExecutionTime,55.91579891600031
TotalExecutionTime,506.7889106319999
