InputGenerationTime,0.18901437100430485
ProfilingTime,35.167450831999304
SimulationTime,22.007399403999443
FramaCExecutionTime,120.16616172400245
TotalExecutionTime,3432.990000795002
