InputGenerationTime,0.02531034300045576
ProfilingTime,11.074351356000989
SimulationTime,7.408791334000853
FramaCExecutionTime,42.76689746500051
TotalExecutionTime,857.8117228669998
