InputGenerationTime,0.04487435601186007
ProfilingTime,19.377173383021727
SimulationTime,8.603287799982354
FramaCExecutionTime,89.0224654530175
TotalExecutionTime,1383.3561221689451
