InputGenerationTime,0.18836116197053343
ProfilingTime,20.9889663530048
SimulationTime,21.556969207013026
FramaCExecutionTime,111.69122295401758
TotalExecutionTime,154.44767984602368
