InputGenerationTime,0.20938648599985754
ProfilingTime,28.164964765004697
SimulationTime,19.67690439299622
FramaCExecutionTime,100.2116976210018
TotalExecutionTime,2416.202069043
