InputGenerationTime,0.18929134996142238
ProfilingTime,21.53649501799373
SimulationTime,211.46154633903643
FramaCExecutionTime,116.21079802402528
TotalExecutionTime,17307.90640750801
