InputGenerationTime,0.05124002699449193
ProfilingTime,28.502565297996625
SimulationTime,39.162211850998574
FramaCExecutionTime,104.36231635800505
TotalExecutionTime,4455.963037905007
