InputGenerationTime,0.1322396129999106
ProfilingTime,12.519054979999964
SimulationTime,7.643371402000412
FramaCExecutionTime,55.91579891600031
TotalExecutionTime,242.23403529400002
