InputGenerationTime,0.23642875702353194
ProfilingTime,50.20981818001019
SimulationTime,189.7642576189828
FramaCExecutionTime,115.11188443098217
TotalExecutionTime,7731.402159746969
