InputGenerationTime,0.08441820700682001
ProfilingTime,20.50013347800268
SimulationTime,14.988855611998588
FramaCExecutionTime,98.15719956099929
TotalExecutionTime,1181.2094598350013
