InputGenerationTime,0.0851615320007113
ProfilingTime,11.376879966999695
SimulationTime,6.962694843999998
FramaCExecutionTime,48.46413284600021
TotalExecutionTime,274.3422333589988
