InputGenerationTime,0.21990838996134698
ProfilingTime,19.1528046609601
SimulationTime,8.4574183980003
FramaCExecutionTime,108.54226218396798
TotalExecutionTime,446.97545410809107
