InputGenerationTime,0.18446814600611106
ProfilingTime,24.986988460994326
SimulationTime,217.4216810860089
FramaCExecutionTime,112.07018067297759
TotalExecutionTime,14585.576014524966
