InputGenerationTime,0.1586757400073111
ProfilingTime,41.06539034098387
SimulationTime,95.17232815397438
FramaCExecutionTime,113.80346785899019
TotalExecutionTime,1652.5753882620484
