InputGenerationTime,0.20075722900219262
ProfilingTime,23.47457086900249
SimulationTime,239.52947317698272
FramaCExecutionTime,120.85969471401768
TotalExecutionTime,13422.344554043957
