InputGenerationTime,0.328370483010076
ProfilingTime,24.960762734001037
SimulationTime,14.084870236023562
FramaCExecutionTime,125.33717997098574
TotalExecutionTime,164.71870045701507
