InputGenerationTime,0.08807973000511993
ProfilingTime,31.662312329994165
SimulationTime,21.25816006299283
FramaCExecutionTime,104.4215551840025
TotalExecutionTime,897.2857149470074
