InputGenerationTime,0.11390176499844529
ProfilingTime,36.61831509699914
SimulationTime,21.709086852999462
FramaCExecutionTime,109.5342480060026
TotalExecutionTime,3613.235832385002
