InputGenerationTime,0.22719534100178862
ProfilingTime,54.22002308000083
SimulationTime,255.4515437999944
FramaCExecutionTime,129.50138765100564
TotalExecutionTime,4574.113450926001
