InputGenerationTime,0.03624822100005076
ProfilingTime,24.773528510999768
SimulationTime,16.416814896999767
FramaCExecutionTime,107.40131508900004
TotalExecutionTime,767.4213738880001
