InputGenerationTime,0.04619556199759245
ProfilingTime,26.252177126007155
SimulationTime,233.830821171985
FramaCExecutionTime,102.9426576619735
TotalExecutionTime,8036.522477585007
