InputGenerationTime,0.15295539499493316
ProfilingTime,24.394281624998257
SimulationTime,17.75907036299759
FramaCExecutionTime,89.9493181259968
TotalExecutionTime,2184.1147514110053
