InputGenerationTime,0.08119252510368824
ProfilingTime,47.26945165905636
SimulationTime,36.196332821040414
FramaCExecutionTime,113.96024039201438
TotalExecutionTime,3475.1629180740565
