InputGenerationTime,0.27974674600409344
ProfilingTime,21.27660412696423
SimulationTime,21.136820861021988
FramaCExecutionTime,116.81609825900523
TotalExecutionTime,3927.394439738011
