InputGenerationTime,0.08208400999865262
ProfilingTime,22.66146969699912
SimulationTime,216.16434886800562
FramaCExecutionTime,96.04302714300138
TotalExecutionTime,2009.8889797619995
