InputGenerationTime,0.21989744500024244
ProfilingTime,21.405735620995983
SimulationTime,211.89527036901563
FramaCExecutionTime,110.1814316730015
TotalExecutionTime,2925.710501478985
