InputGenerationTime,0.27123504306655377
ProfilingTime,33.757905718986876
SimulationTime,244.16927533200942
FramaCExecutionTime,121.80990467895754
TotalExecutionTime,2298.3079173599835
