InputGenerationTime,0.0869224370107986
ProfilingTime,27.505474958976265
SimulationTime,7.3978143249987625
FramaCExecutionTime,107.27235301001929
TotalExecutionTime,3200.251054574037
