InputGenerationTime,0.03941600100370124
ProfilingTime,23.25744293599564
SimulationTime,215.99811543300166
FramaCExecutionTime,95.25604605099943
TotalExecutionTime,6691.395574449998
