InputGenerationTime,0.0869224370107986
ProfilingTime,25.96468889899552
SimulationTime,18.71035682904767
FramaCExecutionTime,107.27235301001929
TotalExecutionTime,2665.4720896240324
