InputGenerationTime,0.33293280099951517
ProfilingTime,28.15816844300025
SimulationTime,20.633397223999964
FramaCExecutionTime,130.06025948600018
TotalExecutionTime,4585.240435344
