InputGenerationTime,0.21722360595595092
ProfilingTime,32.838881424977444
SimulationTime,229.40739992191084
FramaCExecutionTime,123.38338132703211
TotalExecutionTime,6984.910196562996
