InputGenerationTime,0.06595401199956541
ProfilingTime,18.643155704000492
SimulationTime,11.02733830499983
FramaCExecutionTime,58.418587621999905
TotalExecutionTime,910.3976322819999
