InputGenerationTime,0.1500415460000113
ProfilingTime,39.40980116699984
SimulationTime,23.616453688000092
FramaCExecutionTime,119.5390944679998
TotalExecutionTime,2853.366996754
