InputGenerationTime,0.2554458619997604
ProfilingTime,28.302014641001733
SimulationTime,237.06956168299803
FramaCExecutionTime,133.5833892849987
TotalExecutionTime,22027.490181459
