InputGenerationTime,0.1860354489999736
ProfilingTime,25.880097652999893
SimulationTime,19.476142054999855
FramaCExecutionTime,133.846350332
TotalExecutionTime,1192.933852878
