InputGenerationTime,0.04915673100913409
ProfilingTime,35.775709030000144
SimulationTime,18.558521091996226
FramaCExecutionTime,104.74350526298804
TotalExecutionTime,1076.0880012629932
