InputGenerationTime,0.07834984001237899
ProfilingTime,28.46965382801136
SimulationTime,18.202778874023352
FramaCExecutionTime,108.21301396400668
TotalExecutionTime,883.1961660819943
