InputGenerationTime,0.17561334901256487
ProfilingTime,25.41957814001944
SimulationTime,31.71599464499741
FramaCExecutionTime,126.73664757199003
TotalExecutionTime,7813.163463103992
