InputGenerationTime,0.2698664650088176
ProfilingTime,38.73572752997279
SimulationTime,14.329277486074716
FramaCExecutionTime,179.84466144593898
TotalExecutionTime,287.5945029509021
