InputGenerationTime,0.10097159299766645
ProfilingTime,29.408244963968173
SimulationTime,161.358177675982
FramaCExecutionTime,110.10803324502194
TotalExecutionTime,27737.82744976401
