InputGenerationTime,0.15295539499493316
ProfilingTime,24.963712983000732
SimulationTime,16.623683448997326
FramaCExecutionTime,89.9493181259968
TotalExecutionTime,1863.269155165006
