InputGenerationTime,0.12341600493527949
ProfilingTime,33.40674599795602
SimulationTime,38.36125141498633
FramaCExecutionTime,109.50403061194811
TotalExecutionTime,1205.5312301709782
