InputGenerationTime,0.04804642405360937
ProfilingTime,21.171532243024558
SimulationTime,10.310142901027575
FramaCExecutionTime,90.74596772296354
TotalExecutionTime,1049.7509639909258
