InputGenerationTime,0.08908225699997274
ProfilingTime,13.136281021999821
SimulationTime,7.379714274999969
FramaCExecutionTime,48.71309677099998
TotalExecutionTime,833.1935652780003
