InputGenerationTime,0.18446814600611106
ProfilingTime,20.475781521003228
SimulationTime,210.01168922701618
FramaCExecutionTime,112.07018067297759
TotalExecutionTime,11046.00585811399
