InputGenerationTime,0.05124002699449193
ProfilingTime,28.442165135988034
SimulationTime,45.075489227005164
FramaCExecutionTime,104.36231635800505
TotalExecutionTime,4770.092837967997
