InputGenerationTime,0.23642875702353194
ProfilingTime,37.25175651797326
SimulationTime,266.50124726298964
FramaCExecutionTime,115.11188443098217
TotalExecutionTime,6638.865502608998
