InputGenerationTime,0.09243679200005772
ProfilingTime,40.717227678999734
SimulationTime,25.78949742800023
FramaCExecutionTime,140.29446766800004
TotalExecutionTime,1394.393521255
