InputGenerationTime,0.5459449000190943
ProfilingTime,28.71081878102268
SimulationTime,20.9917907580093
FramaCExecutionTime,142.59089715700247
TotalExecutionTime,3765.6332623169874
