InputGenerationTime,0.10281701199710369
ProfilingTime,22.996143976000894
SimulationTime,17.909698366995144
FramaCExecutionTime,95.94782013600343
TotalExecutionTime,3699.703182213998
