InputGenerationTime,0.11737045999325346
ProfilingTime,58.39917353799683
SimulationTime,45.76526810399082
FramaCExecutionTime,130.64505490900774
TotalExecutionTime,6276.511964013
