InputGenerationTime,0.04219626891426742
ProfilingTime,19.527529663173482
SimulationTime,23.751986582065
FramaCExecutionTime,89.77886800491251
TotalExecutionTime,1644.0613914108835
