InputGenerationTime,0.46168155898340046
ProfilingTime,20.02635377808474
SimulationTime,15.641667670104653
FramaCExecutionTime,128.98384912509937
TotalExecutionTime,1613.936435323907
