InputGenerationTime,0.05724849900070694
ProfilingTime,24.20369153499996
SimulationTime,13.613862614998652
FramaCExecutionTime,97.37556695500098
TotalExecutionTime,659.3024401430011
