InputGenerationTime,0.20294841800205177
ProfilingTime,41.106709649997356
SimulationTime,28.45340955699794
FramaCExecutionTime,122.89071526799671
TotalExecutionTime,2744.4783348590026
