InputGenerationTime,0.06134531200223137
ProfilingTime,29.049025376996724
SimulationTime,13.76681686998927
FramaCExecutionTime,105.47228164300031
TotalExecutionTime,2782.6184720470046
