InputGenerationTime,0.20018389399956504
ProfilingTime,38.91835673600053
SimulationTime,26.022645756999736
FramaCExecutionTime,114.37678537700049
TotalExecutionTime,5823.358504607
