InputGenerationTime,0.254091541050002
ProfilingTime,28.34768372599501
SimulationTime,14.671490016044118
FramaCExecutionTime,138.49859954905696
TotalExecutionTime,901.2579900509445
