InputGenerationTime,0.28366624703630805
ProfilingTime,28.141554228961468
SimulationTime,51.34809838805813
FramaCExecutionTime,115.50214947399218
TotalExecutionTime,1792.3400702619692
