InputGenerationTime,0.18249052000464872
ProfilingTime,23.39265759801492
SimulationTime,34.36102291604038
FramaCExecutionTime,95.15639482502593
TotalExecutionTime,4811.732259087032
