InputGenerationTime,0.05246901400096249
ProfilingTime,29.073321078991285
SimulationTime,17.30608568500611
FramaCExecutionTime,99.9211063440016
TotalExecutionTime,3390.0315281169896
