InputGenerationTime,0.2978791029963759
ProfilingTime,25.045946858997922
SimulationTime,18.74562081300246
FramaCExecutionTime,94.0850575910008
TotalExecutionTime,309.46203547299956
