InputGenerationTime,0.23642875702353194
ProfilingTime,47.19102915900294
SimulationTime,188.96270128100878
FramaCExecutionTime,115.11188443098217
TotalExecutionTime,6875.078154974966
