InputGenerationTime,0.06429028999991715
ProfilingTime,30.010693388991058
SimulationTime,16.508570991980378
FramaCExecutionTime,107.19028882699786
TotalExecutionTime,365.8559868480079
