InputGenerationTime,0.09734716100501828
ProfilingTime,30.66381045599701
SimulationTime,20.336101408000104
FramaCExecutionTime,106.48393925699929
TotalExecutionTime,5061.17537710999
