InputGenerationTime,0.08119252510368824
ProfilingTime,40.62157859595027
SimulationTime,34.26860307902098
FramaCExecutionTime,113.96024039201438
TotalExecutionTime,2990.317355484003
