InputGenerationTime,0.38357829499727814
ProfilingTime,24.968815337000706
SimulationTime,19.230298517999472
FramaCExecutionTime,101.32164939100039
TotalExecutionTime,4616.864368874994
