InputGenerationTime,0.05246901400096249
ProfilingTime,27.288496159002534
SimulationTime,15.409227486001328
FramaCExecutionTime,99.9211063440016
TotalExecutionTime,3562.3987470369902
