InputGenerationTime,0.11109681602101773
ProfilingTime,20.05776941694785
SimulationTime,44.28517160494812
FramaCExecutionTime,95.02735664101783
TotalExecutionTime,4011.0502865280723
