InputGenerationTime,0.2250435840105638
ProfilingTime,23.064569976064377
SimulationTime,212.4859055270208
FramaCExecutionTime,112.19995585503057
TotalExecutionTime,4109.417458396056
