InputGenerationTime,0.08780007797759026
ProfilingTime,27.508019884000532
SimulationTime,15.744918173993938
FramaCExecutionTime,107.58787493401906
TotalExecutionTime,2856.4717022730038
