InputGenerationTime,0.2852700619987445
ProfilingTime,40.14992425499804
SimulationTime,27.59278662900033
FramaCExecutionTime,121.69274858300196
TotalExecutionTime,5928.735709862001
