InputGenerationTime,0.5458302329934668
ProfilingTime,31.492449835001025
SimulationTime,19.97561314399354
FramaCExecutionTime,135.8646732600173
TotalExecutionTime,3770.610275339015
