InputGenerationTime,0.106488331919536
ProfilingTime,32.51023253588937
SimulationTime,173.79631552891806
FramaCExecutionTime,107.84012395399623
TotalExecutionTime,7219.447216571076
