InputGenerationTime,0.1776239509927109
ProfilingTime,32.91001885093283
SimulationTime,17.903963611926883
FramaCExecutionTime,144.69820828095544
TotalExecutionTime,890.646967953071
