InputGenerationTime,0.1727162059978582
ProfilingTime,26.064886362000834
SimulationTime,78.62572635198012
FramaCExecutionTime,121.51857166702393
TotalExecutionTime,6750.882447598997
