InputGenerationTime,0.05552351800724864
ProfilingTime,34.927606475001085
SimulationTime,229.18497057601053
FramaCExecutionTime,105.23009136799374
TotalExecutionTime,22585.961418558
