InputGenerationTime,0.07310996500018518
ProfilingTime,33.18241692200536
SimulationTime,18.386252811003942
FramaCExecutionTime,106.17393734199868
TotalExecutionTime,1675.1288995129871
