InputGenerationTime,0.05552351800724864
ProfilingTime,28.63964650100388
SimulationTime,221.92228896300367
FramaCExecutionTime,105.23009136799374
TotalExecutionTime,23090.693137404
