InputGenerationTime,0.2641803329997856
ProfilingTime,28.154666975999135
SimulationTime,234.31243815699963
FramaCExecutionTime,119.66695576599977
TotalExecutionTime,5664.43266926
