InputGenerationTime,0.06472448515705764
ProfilingTime,19.810326287988573
SimulationTime,211.33249864913523
FramaCExecutionTime,89.01774519495666
TotalExecutionTime,1689.6224280928727
