InputGenerationTime,0.31785363605013117
ProfilingTime,24.77059566701064
SimulationTime,18.597855907981284
FramaCExecutionTime,117.68211280897958
TotalExecutionTime,204.13698311400367
