InputGenerationTime,0.04155284100124845
ProfilingTime,25.246889497997472
SimulationTime,12.023989271998289
FramaCExecutionTime,96.29844691299877
TotalExecutionTime,1581.031787672
