InputGenerationTime,0.23457185400184244
ProfilingTime,26.840371462982148
SimulationTime,49.50694043899421
FramaCExecutionTime,100.63616595900385
TotalExecutionTime,4398.598406374978
