InputGenerationTime,0.06559167301747948
ProfilingTime,25.827347036043648
SimulationTime,15.199547063966747
FramaCExecutionTime,104.80555936798919
TotalExecutionTime,440.1112820649869
