InputGenerationTime,0.23651412897743285
ProfilingTime,22.669357101083733
SimulationTime,12.399241703911684
FramaCExecutionTime,114.27070531004574
TotalExecutionTime,829.6602922630263
