InputGenerationTime,0.18929134996142238
ProfilingTime,24.525413669005502
SimulationTime,217.9734944590018
FramaCExecutionTime,116.21079802402528
TotalExecutionTime,20704.431887126004
