InputGenerationTime,0.03625350189395249
ProfilingTime,28.24270150787197
SimulationTime,43.728389540920034
FramaCExecutionTime,93.29361514700577
TotalExecutionTime,2706.802580914926
