InputGenerationTime,0.18785828900581691
ProfilingTime,40.89532649698958
SimulationTime,24.456248596005025
FramaCExecutionTime,130.39241952699376
TotalExecutionTime,330.105687829011
