InputGenerationTime,0.33293280099951517
ProfilingTime,27.27773484000045
SimulationTime,20.17050467199988
FramaCExecutionTime,130.06025948600018
TotalExecutionTime,4393.662747558999
