InputGenerationTime,0.06828528999994887
ProfilingTime,24.601144123000267
SimulationTime,15.273112257999856
FramaCExecutionTime,95.84660604099963
TotalExecutionTime,2736.7448571760006
