InputGenerationTime,0.13503388699973584
ProfilingTime,35.87276543600092
SimulationTime,112.40928566000002
FramaCExecutionTime,114.96788224999909
TotalExecutionTime,11237.291188637999
