InputGenerationTime,0.04074582800240023
ProfilingTime,24.248822651999944
SimulationTime,11.327782182001101
FramaCExecutionTime,95.56120953299978
TotalExecutionTime,1750.82472692
