InputGenerationTime,0.2537088650001351
ProfilingTime,29.27345977999994
SimulationTime,20.585007321000376
FramaCExecutionTime,127.66620908499999
TotalExecutionTime,2243.501340668
