InputGenerationTime,0.11135036498308182
ProfilingTime,21.80109135794919
SimulationTime,18.962632284965366
FramaCExecutionTime,94.48343334102537
TotalExecutionTime,1776.4094542230014
