InputGenerationTime,0.05124002699449193
ProfilingTime,34.405500157998176
SimulationTime,52.20113900199067
FramaCExecutionTime,104.36231635800505
TotalExecutionTime,5895.051300628998
