InputGenerationTime,0.08263851499941666
ProfilingTime,21.992648582992842
SimulationTime,16.022193351993337
FramaCExecutionTime,98.82215799900587
TotalExecutionTime,1491.7949331540003
