InputGenerationTime,0.22719534100178862
ProfilingTime,41.448700166998606
SimulationTime,242.81190762599726
FramaCExecutionTime,129.50138765100564
TotalExecutionTime,983.6588273840025
