InputGenerationTime,0.03624822100005076
ProfilingTime,21.809363978999954
SimulationTime,16.389969112000017
FramaCExecutionTime,107.40131508900004
TotalExecutionTime,440.8055993160001
