InputGenerationTime,0.2035223109414801
ProfilingTime,19.817347794072703
SimulationTime,667.7072615729412
FramaCExecutionTime,108.50297766900621
TotalExecutionTime,20584.054917484056
