InputGenerationTime,0.23642875702353194
ProfilingTime,37.03854484698968
SimulationTime,192.71752345300047
FramaCExecutionTime,115.11188443098217
TotalExecutionTime,3572.179233052011
