InputGenerationTime,0.20938648599985754
ProfilingTime,29.714611146999232
SimulationTime,22.514668324998638
FramaCExecutionTime,100.2116976210018
TotalExecutionTime,2368.200379146001
