InputGenerationTime,0.5491699959966354
ProfilingTime,30.990838564990554
SimulationTime,16.200840278004762
FramaCExecutionTime,132.03446686899406
TotalExecutionTime,354.47228131300653
