InputGenerationTime,0.26520692789927125
ProfilingTime,37.69560763495974
SimulationTime,20.150501242023893
FramaCExecutionTime,172.96581168298144
TotalExecutionTime,2048.1000370919937
