InputGenerationTime,0.02432121099991491
ProfilingTime,9.489610865000941
SimulationTime,6.472271444001308
FramaCExecutionTime,41.77757867699984
TotalExecutionTime,118.98264162600026
