InputGenerationTime,0.04561591404490173
ProfilingTime,18.817521760007367
SimulationTime,8.300008519086987
FramaCExecutionTime,88.03226714697666
TotalExecutionTime,221.9905493198894
