InputGenerationTime,0.2171286300290376
ProfilingTime,20.807498437003233
SimulationTime,209.5711694129277
FramaCExecutionTime,112.72816676006187
TotalExecutionTime,5876.634252332966
