InputGenerationTime,0.04837128699728055
ProfilingTime,24.775275658997998
SimulationTime,10.401217302998703
FramaCExecutionTime,95.57277957100086
TotalExecutionTime,2458.6535338510002
