InputGenerationTime,0.5576207120029721
ProfilingTime,31.34268631399027
SimulationTime,16.65799705000245
FramaCExecutionTime,137.8231833819882
TotalExecutionTime,1655.629708315013
