InputGenerationTime,0.15126023499760777
ProfilingTime,22.00162861100398
SimulationTime,23.96172925096471
FramaCExecutionTime,114.47119204199407
TotalExecutionTime,1581.8522200389998
