InputGenerationTime,0.04804642405360937
ProfilingTime,20.9618608050514
SimulationTime,11.352303187013604
FramaCExecutionTime,90.74596772296354
TotalExecutionTime,1408.0139597159578
