InputGenerationTime,0.2554458619997604
ProfilingTime,29.10639304200231
SimulationTime,234.9384250030016
FramaCExecutionTime,133.5833892849987
TotalExecutionTime,20450.036388113
