InputGenerationTime,0.1776239509927109
ProfilingTime,33.21850767999422
SimulationTime,17.138214163016528
FramaCExecutionTime,144.69820828095544
TotalExecutionTime,1435.4967644480057
