InputGenerationTime,0.04837128699728055
ProfilingTime,24.44882342100027
SimulationTime,12.289527912998892
FramaCExecutionTime,95.57277957100086
TotalExecutionTime,2348.3978998400016
