InputGenerationTime,0.1860354489999736
ProfilingTime,26.378612879000002
SimulationTime,18.115671787999986
FramaCExecutionTime,133.846350332
TotalExecutionTime,284.40427203
