InputGenerationTime,0.0724836889994549
ProfilingTime,20.986217298001066
SimulationTime,214.5152728739995
FramaCExecutionTime,96.025370673
TotalExecutionTime,3406.5767484300004
