InputGenerationTime,0.2698664650088176
ProfilingTime,35.729654158931226
SimulationTime,16.04898265004158
FramaCExecutionTime,179.84466144593898
TotalExecutionTime,1376.2451715309871
