InputGenerationTime,0.07626064800024324
ProfilingTime,17.658159718000206
SimulationTime,9.91313167699991
FramaCExecutionTime,59.88686160399993
TotalExecutionTime,608.9551284420004
