InputGenerationTime,0.1586757400073111
ProfilingTime,46.286554170947056
SimulationTime,166.5086146480171
FramaCExecutionTime,113.80346785899019
TotalExecutionTime,3098.758818347007
