InputGenerationTime,0.294005884003127
ProfilingTime,29.79356612599804
SimulationTime,24.217196705023525
FramaCExecutionTime,120.10160090000136
TotalExecutionTime,1084.7853871050174
