InputGenerationTime,0.04915673100913409
ProfilingTime,33.1909308500035
SimulationTime,16.42428628099151
FramaCExecutionTime,104.74350526298804
TotalExecutionTime,1125.964392777998
