InputGenerationTime,0.06989308199990774
ProfilingTime,24.83688365600392
SimulationTime,15.020791942995857
FramaCExecutionTime,94.03919311700156
TotalExecutionTime,1280.9804699279994
