InputGenerationTime,0.5249734570097644
ProfilingTime,25.416284392995294
SimulationTime,18.59538489600527
FramaCExecutionTime,148.15377748798346
TotalExecutionTime,4763.022105184995
