InputGenerationTime,0.20043562108185142
ProfilingTime,21.266692903009243
SimulationTime,26.947708585998043
FramaCExecutionTime,106.11862533399835
TotalExecutionTime,1146.8480132850818
