InputGenerationTime,0.18901437100430485
ProfilingTime,36.06769897600316
SimulationTime,22.68766789000074
FramaCExecutionTime,120.16616172400245
TotalExecutionTime,4616.794763185997
