InputGenerationTime,0.2328068589558825
ProfilingTime,34.423801472992636
SimulationTime,13.39170257304795
FramaCExecutionTime,120.70834039303008
TotalExecutionTime,1290.7793053819332
