InputGenerationTime,0.2698664650088176
ProfilingTime,39.83968337997794
SimulationTime,14.634489353047684
FramaCExecutionTime,179.84466144593898
TotalExecutionTime,395.6282892919844
