InputGenerationTime,0.24693168800149579
ProfilingTime,55.45595726199099
SimulationTime,65.01968779199524
FramaCExecutionTime,135.26416748500196
TotalExecutionTime,3593.7170288260095
