InputGenerationTime,0.2951946859830059
ProfilingTime,27.991738562996034
SimulationTime,59.225519677012926
FramaCExecutionTime,126.49901207099902
TotalExecutionTime,11707.60563822498
