InputGenerationTime,0.08780007797759026
ProfilingTime,26.884536607016344
SimulationTime,12.867962553049438
FramaCExecutionTime,107.58787493401906
TotalExecutionTime,2468.073285327002
