InputGenerationTime,0.08908225699997274
ProfilingTime,11.921750589000112
SimulationTime,7.828318431999833
FramaCExecutionTime,48.71309677099998
TotalExecutionTime,914.8000171190006
