InputGenerationTime,0.3914520660182461
ProfilingTime,22.874039764050394
SimulationTime,11.931480569997802
FramaCExecutionTime,134.18783874309156
TotalExecutionTime,1611.5040735659422
