InputGenerationTime,0.06748960799995984
ProfilingTime,12.63079017400014
SimulationTime,7.894287604998681
FramaCExecutionTime,45.455020551000416
TotalExecutionTime,405.59187632499925
