InputGenerationTime,0.05550380299973767
ProfilingTime,32.1350064730068
SimulationTime,19.52983900399704
FramaCExecutionTime,105.84851150700706
TotalExecutionTime,3956.4739946479967
