InputGenerationTime,0.2171286300290376
ProfilingTime,20.582117727026343
SimulationTime,208.56898041302338
FramaCExecutionTime,112.72816676006187
TotalExecutionTime,5646.20533756807
