InputGenerationTime,0.46168155898340046
ProfilingTime,19.551708268001676
SimulationTime,14.732835680944845
FramaCExecutionTime,128.98384912509937
TotalExecutionTime,2058.692537952913
