InputGenerationTime,0.23642875702353194
ProfilingTime,37.90965839201817
SimulationTime,186.51102627703222
FramaCExecutionTime,115.11188443098217
TotalExecutionTime,3796.6549494260107
