InputGenerationTime,0.18446814600611106
ProfilingTime,20.5998472829815
SimulationTime,211.70314134599175
FramaCExecutionTime,112.07018067297759
TotalExecutionTime,11278.359544567007
