InputGenerationTime,0.06472448515705764
ProfilingTime,20.06481611612253
SimulationTime,212.0068197180517
FramaCExecutionTime,89.01774519495666
TotalExecutionTime,4006.518120836001
