InputGenerationTime,0.06828528999994887
ProfilingTime,23.922869581000214
SimulationTime,15.993198176000078
FramaCExecutionTime,95.84660604099963
TotalExecutionTime,2618.0541722460002
