InputGenerationTime,0.08587797201471403
ProfilingTime,44.90912213700358
SimulationTime,66.82931449403986
FramaCExecutionTime,105.58347059699008
TotalExecutionTime,29423.746368543012
