InputGenerationTime,0.20938648599985754
ProfilingTime,31.288528701996256
SimulationTime,21.36032613599673
FramaCExecutionTime,100.2116976210018
TotalExecutionTime,2103.3945107800027
