InputGenerationTime,0.2893862620694563
ProfilingTime,24.911639469093643
SimulationTime,12.896753425942734
FramaCExecutionTime,117.19879986299202
TotalExecutionTime,1730.7336395849707
