InputGenerationTime,0.06233766500008642
ProfilingTime,11.751363450999634
SimulationTime,7.628587470000639
FramaCExecutionTime,47.2595315919998
TotalExecutionTime,965.4514356190002
