InputGenerationTime,0.2581516409991309
ProfilingTime,26.92966778500704
SimulationTime,245.3185437770444
FramaCExecutionTime,121.72503140498884
TotalExecutionTime,7860.37502483296
