InputGenerationTime,0.06828528999994887
ProfilingTime,24.520541223000237
SimulationTime,15.222360947000197
FramaCExecutionTime,95.84660604099963
TotalExecutionTime,2225.7469110009997
