InputGenerationTime,0.21989744500024244
ProfilingTime,20.781971728021745
SimulationTime,209.86706320900703
FramaCExecutionTime,110.1814316730015
TotalExecutionTime,341.0743177100085
