InputGenerationTime,0.21752191695850343
ProfilingTime,20.901014682953246
SimulationTime,209.71339837601408
FramaCExecutionTime,113.90528678707778
TotalExecutionTime,6154.059284022078
