InputGenerationTime,0.05547416885383427
ProfilingTime,25.780609546927735
SimulationTime,15.088943677023053
FramaCExecutionTime,95.88349860697053
TotalExecutionTime,2038.2688368579838
