InputGenerationTime,0.2171286300290376
ProfilingTime,23.418617371004075
SimulationTime,212.54620401503053
FramaCExecutionTime,112.72816676006187
TotalExecutionTime,7746.280453101033
