InputGenerationTime,0.02432121099991491
ProfilingTime,9.364613727999313
SimulationTime,6.403963914000997
FramaCExecutionTime,41.77757867699984
TotalExecutionTime,168.3201163449994
