InputGenerationTime,0.1216452280023077
ProfilingTime,40.410201299997425
SimulationTime,21.253957462999097
FramaCExecutionTime,109.55363374899753
TotalExecutionTime,1388.5557815879984
