InputGenerationTime,0.21722360595595092
ProfilingTime,33.447595699108206
SimulationTime,233.71840005298145
FramaCExecutionTime,123.38338132703211
TotalExecutionTime,9739.76765713899
