InputGenerationTime,0.05511531299998751
ProfilingTime,22.10914023999794
SimulationTime,218.66114742799982
FramaCExecutionTime,94.72058908399777
TotalExecutionTime,13312.729062045
