InputGenerationTime,0.38357829499727814
ProfilingTime,23.199536124993756
SimulationTime,18.060943639997276
FramaCExecutionTime,101.32164939100039
TotalExecutionTime,3665.4392404559985
