InputGenerationTime,0.06617910400382243
ProfilingTime,37.60530429999926
SimulationTime,22.390743986994494
FramaCExecutionTime,105.83214284598944
TotalExecutionTime,3430.836715885991
