InputGenerationTime,0.15295539499493316
ProfilingTime,30.43599609699595
SimulationTime,20.58696367200173
FramaCExecutionTime,89.9493181259968
TotalExecutionTime,1531.2955977050005
