InputGenerationTime,0.3488004950049799
ProfilingTime,30.02787471099873
SimulationTime,24.771465326979524
FramaCExecutionTime,131.56218258899753
TotalExecutionTime,4441.055766028003
