InputGenerationTime,0.33293280099951517
ProfilingTime,26.231259406999925
SimulationTime,19.49189199400007
FramaCExecutionTime,130.06025948600018
TotalExecutionTime,4247.599668328
