InputGenerationTime,0.3231512999627739
ProfilingTime,19.09490269701928
SimulationTime,209.295112936059
FramaCExecutionTime,122.18468638905324
TotalExecutionTime,10659.241655752063
