InputGenerationTime,0.05791807700006757
ProfilingTime,30.652076446989668
SimulationTime,12.8607848190004
FramaCExecutionTime,106.56665147199237
TotalExecutionTime,1509.1462271899945
