InputGenerationTime,0.5458302329934668
ProfilingTime,32.5665853380051
SimulationTime,21.11538958598976
FramaCExecutionTime,135.8646732600173
TotalExecutionTime,3175.016367645003
