InputGenerationTime,0.18538614409044385
ProfilingTime,21.411692604073323
SimulationTime,212.26673365896568
FramaCExecutionTime,110.43824010202661
TotalExecutionTime,574.3642520550638
