InputGenerationTime,0.23208729503676295
ProfilingTime,24.90519354195567
SimulationTime,84.08124027802842
FramaCExecutionTime,100.15079668501858
TotalExecutionTime,1144.8059325669892
