InputGenerationTime,0.23651412897743285
ProfilingTime,24.061407356057316
SimulationTime,12.420218801940791
FramaCExecutionTime,114.27070531004574
TotalExecutionTime,321.80525428499095
