InputGenerationTime,0.33293280099951517
ProfilingTime,24.518079614999806
SimulationTime,18.54620023699954
FramaCExecutionTime,130.06025948600018
TotalExecutionTime,3966.2137153109998
