InputGenerationTime,0.0990121210925281
ProfilingTime,32.0323287488427
SimulationTime,228.12678746599704
FramaCExecutionTime,107.4057569380384
TotalExecutionTime,367.67983303708024
