InputGenerationTime,0.5117717100074515
ProfilingTime,20.679609818966128
SimulationTime,47.6529487259686
FramaCExecutionTime,127.56641766999383
TotalExecutionTime,1088.7867211749544
