InputGenerationTime,0.2951946859830059
ProfilingTime,26.612755231995834
SimulationTime,190.38780727400444
FramaCExecutionTime,126.49901207099902
TotalExecutionTime,10799.34236898998
