InputGenerationTime,0.0652667719987221
ProfilingTime,27.22894499998074
SimulationTime,22.649863566970453
FramaCExecutionTime,107.56037442997331
TotalExecutionTime,4359.763008691021
