InputGenerationTime,0.36768036500143353
ProfilingTime,54.329565275002096
SimulationTime,32.00163736100512
FramaCExecutionTime,132.18089018899627
TotalExecutionTime,1809.3720376909987
