InputGenerationTime,0.06134430388920009
ProfilingTime,24.499851445900276
SimulationTime,12.165335662895814
FramaCExecutionTime,95.81497655203566
TotalExecutionTime,1187.6921006720513
