InputGenerationTime,0.0497497089963872
ProfilingTime,31.227445698998054
SimulationTime,225.19506153199472
FramaCExecutionTime,106.16062168798817
TotalExecutionTime,5422.338679788998
