InputGenerationTime,0.1727162059978582
ProfilingTime,27.565669862000505
SimulationTime,75.87048924699775
FramaCExecutionTime,121.51857166702393
TotalExecutionTime,5312.105485198001
