InputGenerationTime,0.2581516409991309
ProfilingTime,28.694142437016126
SimulationTime,244.93525518203387
FramaCExecutionTime,121.72503140498884
TotalExecutionTime,8134.071619079972
