InputGenerationTime,0.1907245700713247
ProfilingTime,20.40991893108003
SimulationTime,549.9345058189938
FramaCExecutionTime,107.36546195601113
TotalExecutionTime,8771.759069800028
