InputGenerationTime,0.5459449000190943
ProfilingTime,29.949193893000484
SimulationTime,14.449824726994848
FramaCExecutionTime,142.59089715700247
TotalExecutionTime,2907.4148953210097
