InputGenerationTime,0.146842653004569
ProfilingTime,27.634547743997246
SimulationTime,6.465282503995695
FramaCExecutionTime,89.65716592899844
TotalExecutionTime,905.4860366070061
