InputGenerationTime,0.2538465560064651
ProfilingTime,41.24671424899134
SimulationTime,274.03843360600877
FramaCExecutionTime,147.2809260690119
TotalExecutionTime,23972.913029268006
