InputGenerationTime,0.28151840600185096
ProfilingTime,25.8471898350399
SimulationTime,22.159188830992207
FramaCExecutionTime,123.84468328399817
TotalExecutionTime,4453.851732545998
