InputGenerationTime,0.24341501500020968
ProfilingTime,23.480324655000004
SimulationTime,104.96355847700033
FramaCExecutionTime,95.7353067160002
TotalExecutionTime,7882.419584986004
