InputGenerationTime,0.06989308199990774
ProfilingTime,25.20262175899552
SimulationTime,15.42258123600186
FramaCExecutionTime,94.03919311700156
TotalExecutionTime,1942.6720796899972
