InputGenerationTime,0.08614854200277478
ProfilingTime,27.787777216988616
SimulationTime,13.65818373998627
FramaCExecutionTime,108.25941041699843
TotalExecutionTime,3660.45573924802
