InputGenerationTime,0.19766114899903187
ProfilingTime,26.51394550599798
SimulationTime,21.331156566000573
FramaCExecutionTime,120.10270344499804
TotalExecutionTime,794.0486608809988
