InputGenerationTime,0.2035223109414801
ProfilingTime,18.781259595998563
SimulationTime,756.6076849120436
FramaCExecutionTime,108.50297766900621
TotalExecutionTime,21359.632784262998
