InputGenerationTime,0.07863106299191713
ProfilingTime,28.424140334012918
SimulationTime,17.04889729397837
FramaCExecutionTime,106.38991733599687
TotalExecutionTime,4207.76208139502
