InputGenerationTime,0.04804642405360937
ProfilingTime,21.16844813595526
SimulationTime,11.626431555952877
FramaCExecutionTime,90.74596772296354
TotalExecutionTime,1636.1368916509673
