InputGenerationTime,0.2623665229184553
ProfilingTime,21.01029144297354
SimulationTime,9.102222781046294
FramaCExecutionTime,115.6550668469863
TotalExecutionTime,146.05107147200033
