InputGenerationTime,0.04072097299649613
ProfilingTime,24.691650733999268
SimulationTime,15.692899794994446
FramaCExecutionTime,95.01072702199599
TotalExecutionTime,3515.1729038529993
