InputGenerationTime,0.04072097299649613
ProfilingTime,25.350329213004443
SimulationTime,18.129886247996183
FramaCExecutionTime,95.01072702199599
TotalExecutionTime,3033.486353303004
