InputGenerationTime,0.05511531299998751
ProfilingTime,23.358142406999832
SimulationTime,218.24616353499732
FramaCExecutionTime,94.72058908399777
TotalExecutionTime,12342.214262066998
