InputGenerationTime,0.04219626891426742
ProfilingTime,19.572647028137
SimulationTime,21.24543394590728
FramaCExecutionTime,89.77886800491251
TotalExecutionTime,1684.934091449948
