InputGenerationTime,0.2565058240434155
ProfilingTime,21.63606284908019
SimulationTime,12.041572987101972
FramaCExecutionTime,113.66936873702798
TotalExecutionTime,1144.5017719009193
