InputGenerationTime,0.20938648599985754
ProfilingTime,29.495177060998685
SimulationTime,20.204089032995398
FramaCExecutionTime,100.2116976210018
TotalExecutionTime,1589.3208365270038
