InputGenerationTime,0.13503388699973584
ProfilingTime,37.08642764400065
SimulationTime,110.80305084900101
FramaCExecutionTime,114.96788224999909
TotalExecutionTime,12550.222904854
