InputGenerationTime,0.20043562108185142
ProfilingTime,18.92064114601817
SimulationTime,26.013920570956543
FramaCExecutionTime,106.11862533399835
TotalExecutionTime,245.74551603302825
