InputGenerationTime,0.294005884003127
ProfilingTime,32.515268334012944
SimulationTime,22.68770928599406
FramaCExecutionTime,120.10160090000136
TotalExecutionTime,924.3807368040143
