InputGenerationTime,0.106488331919536
ProfilingTime,40.77566027105786
SimulationTime,186.80504414695315
FramaCExecutionTime,107.84012395399623
TotalExecutionTime,10691.036280384054
