InputGenerationTime,0.05974107002839446
ProfilingTime,22.97136500477791
SimulationTime,9.388413829030469
FramaCExecutionTime,94.46663717599586
TotalExecutionTime,368.0467412699945
