InputGenerationTime,0.19766114899903187
ProfilingTime,23.795340712000325
SimulationTime,20.264232397999876
FramaCExecutionTime,120.10270344499804
TotalExecutionTime,1218.9759677839975
