InputGenerationTime,0.18538614409044385
ProfilingTime,21.542887660092674
SimulationTime,211.28737859008834
FramaCExecutionTime,110.43824010202661
TotalExecutionTime,3406.430529587087
