InputGenerationTime,0.2087663629790768
ProfilingTime,26.540647626039572
SimulationTime,16.959923361078836
FramaCExecutionTime,115.82717773900367
TotalExecutionTime,382.5876868630294
