InputGenerationTime,0.06134531200223137
ProfilingTime,29.835650453998824
SimulationTime,15.209147244997439
FramaCExecutionTime,105.47228164300031
TotalExecutionTime,1582.9519467500068
