InputGenerationTime,0.28366624703630805
ProfilingTime,20.872861057985574
SimulationTime,39.130577436997555
FramaCExecutionTime,115.50214947399218
TotalExecutionTime,1852.400291924947
