InputGenerationTime,0.07644303201232105
ProfilingTime,27.82988251899951
SimulationTime,16.766468105997774
FramaCExecutionTime,99.76022365198878
TotalExecutionTime,1045.2673854149907
