InputGenerationTime,0.23457185400184244
ProfilingTime,24.922282212006394
SimulationTime,62.470903260982595
FramaCExecutionTime,100.63616595900385
TotalExecutionTime,3112.3337654439965
