InputGenerationTime,0.0626839460019255
ProfilingTime,26.91973015300755
SimulationTime,14.386166274009156
FramaCExecutionTime,104.38985318000778
TotalExecutionTime,4938.5314655949915
