InputGenerationTime,0.07480276003479958
ProfilingTime,20.105044262018055
SimulationTime,20.942811463959515
FramaCExecutionTime,92.13790134200826
TotalExecutionTime,361.1803477080539
