InputGenerationTime,0.13892562800174346
ProfilingTime,37.34215334199689
SimulationTime,25.306628265003383
FramaCExecutionTime,111.13148282000111
TotalExecutionTime,1468.944644207997
