InputGenerationTime,0.03731615799915744
ProfilingTime,25.796109731993056
SimulationTime,11.599719817997538
FramaCExecutionTime,98.2822837460044
TotalExecutionTime,1887.845868522003
