InputGenerationTime,0.10224440705496818
ProfilingTime,19.73077225498855
SimulationTime,16.9871484140167
FramaCExecutionTime,96.26200270303525
TotalExecutionTime,403.6655521460343
