InputGenerationTime,0.08053681813180447
ProfilingTime,32.53388196695596
SimulationTime,334.0772814389784
FramaCExecutionTime,106.81704033003189
TotalExecutionTime,25351.203151962138
