InputGenerationTime,0.06673876900458708
ProfilingTime,28.415216507972218
SimulationTime,15.032442807976622
FramaCExecutionTime,105.7249488600064
TotalExecutionTime,1821.9713712400408
