InputGenerationTime,0.16970555897569284
ProfilingTime,38.98862929700408
SimulationTime,1259.9297111259657
FramaCExecutionTime,116.65334182599327
TotalExecutionTime,8642.982441796048
