InputGenerationTime,0.29120918099943083
ProfilingTime,55.248085366998566
SimulationTime,271.6690584280004
FramaCExecutionTime,140.39637216499978
TotalExecutionTime,20977.616266878
