InputGenerationTime,0.2623665229184553
ProfilingTime,21.971576295094565
SimulationTime,9.469637106056325
FramaCExecutionTime,115.6550668469863
TotalExecutionTime,834.9030379760079
