InputGenerationTime,0.12488321099954192
ProfilingTime,24.90766744100256
SimulationTime,16.24980896300258
FramaCExecutionTime,88.36304531300266
TotalExecutionTime,2402.045168610006
