InputGenerationTime,0.13775036500010174
ProfilingTime,22.93515496100008
SimulationTime,108.38494509999873
FramaCExecutionTime,94.25399721999565
TotalExecutionTime,5057.8325503270025
