InputGenerationTime,0.10488404300122056
ProfilingTime,35.490477832998295
SimulationTime,18.01872339500187
FramaCExecutionTime,118.49847431200033
TotalExecutionTime,1662.422820443
