InputGenerationTime,0.22147605799546
ProfilingTime,39.77513004699722
SimulationTime,27.850328332999197
FramaCExecutionTime,139.0204824370012
TotalExecutionTime,4248.011173036
