InputGenerationTime,0.07854590803617612
ProfilingTime,27.135265422053635
SimulationTime,19.6519838150125
FramaCExecutionTime,107.89253767899936
TotalExecutionTime,4435.041019294993
