InputGenerationTime,0.07230846700258553
ProfilingTime,27.067108128976543
SimulationTime,233.84317593899323
FramaCExecutionTime,106.69600580900442
TotalExecutionTime,23174.538931322983
