InputGenerationTime,0.0724836889994549
ProfilingTime,21.18752121000034
SimulationTime,214.16509248900002
FramaCExecutionTime,96.025370673
TotalExecutionTime,1986.7140623090008
