InputGenerationTime,0.08297437703004107
ProfilingTime,27.778833171003498
SimulationTime,6.333306448010262
FramaCExecutionTime,103.6552166279871
TotalExecutionTime,4481.528657743998
