InputGenerationTime,0.21722360595595092
ProfilingTime,33.87185144389514
SimulationTime,231.97986614296678
FramaCExecutionTime,123.38338132703211
TotalExecutionTime,12072.732504796935
