InputGenerationTime,0.04074582800240023
ProfilingTime,25.123498795997875
SimulationTime,12.390138096001465
FramaCExecutionTime,95.56120953299978
TotalExecutionTime,1488.777176255
