InputGenerationTime,0.05550380299973767
ProfilingTime,36.26616569200996
SimulationTime,25.02072891900025
FramaCExecutionTime,105.84851150700706
TotalExecutionTime,3846.701943319
