InputGenerationTime,0.5576207120029721
ProfilingTime,26.383023639995372
SimulationTime,16.516431579977507
FramaCExecutionTime,137.8231833819882
TotalExecutionTime,2538.5116232570144
