InputGenerationTime,0.15557446299999356
ProfilingTime,35.101937044000806
SimulationTime,22.46133597000062
FramaCExecutionTime,114.42043770899954
TotalExecutionTime,3654.914519925
