InputGenerationTime,0.2581516409991309
ProfilingTime,30.26980996900238
SimulationTime,245.01214571396122
FramaCExecutionTime,121.72503140498884
TotalExecutionTime,11970.344321173965
