InputGenerationTime,0.3234236310236156
ProfilingTime,24.908989716961514
SimulationTime,244.61862228700193
FramaCExecutionTime,118.84747565101134
TotalExecutionTime,3109.3597733339993
