InputGenerationTime,0.2852700619987445
ProfilingTime,35.791303918995254
SimulationTime,25.141422934997536
FramaCExecutionTime,121.69274858300196
TotalExecutionTime,4978.928133773003
