InputGenerationTime,0.04965436900238274
ProfilingTime,21.623304423002992
SimulationTime,11.901972728002875
FramaCExecutionTime,96.85920009500114
TotalExecutionTime,20461.315147115005
