InputGenerationTime,0.11390176499844529
ProfilingTime,37.615309108001384
SimulationTime,22.942850219998945
FramaCExecutionTime,109.5342480060026
TotalExecutionTime,3554.746236711002
