InputGenerationTime,0.1500415460000113
ProfilingTime,38.02975350499992
SimulationTime,23.303140718000122
FramaCExecutionTime,119.5390944679998
TotalExecutionTime,2477.40550028
