InputGenerationTime,0.2581516409991309
ProfilingTime,24.81580376799684
SimulationTime,246.08726869599195
FramaCExecutionTime,121.72503140498884
TotalExecutionTime,10031.671993421973
