InputGenerationTime,0.13310052594169974
ProfilingTime,38.220985924010165
SimulationTime,31.554226854001172
FramaCExecutionTime,137.11517138092313
TotalExecutionTime,554.9174481070368
