InputGenerationTime,0.2035223109414801
ProfilingTime,18.27200262399856
SimulationTime,895.1124560920289
FramaCExecutionTime,108.50297766900621
TotalExecutionTime,29501.801492255996
