InputGenerationTime,0.03941600100370124
ProfilingTime,23.562427908000245
SimulationTime,217.2704247110014
FramaCExecutionTime,95.25604605099943
TotalExecutionTime,9098.590413670005
