InputGenerationTime,0.08587797201471403
ProfilingTime,38.78316701797303
SimulationTime,76.54442055203253
FramaCExecutionTime,105.58347059699008
TotalExecutionTime,28885.36602999404
