InputGenerationTime,0.08263851499941666
ProfilingTime,25.90463083400391
SimulationTime,16.016968897005427
FramaCExecutionTime,98.82215799900587
TotalExecutionTime,1366.4654874589905
