InputGenerationTime,0.04561591404490173
ProfilingTime,19.06532597099431
SimulationTime,8.646748160012066
FramaCExecutionTime,88.03226714697666
TotalExecutionTime,249.76920292689465
