InputGenerationTime,0.26684155499970075
ProfilingTime,23.85903336100455
SimulationTime,105.24849512200308
FramaCExecutionTime,94.79318434699962
TotalExecutionTime,3078.030129040002
