InputGenerationTime,0.06673876900458708
ProfilingTime,27.343509223952424
SimulationTime,12.573666314012371
FramaCExecutionTime,105.7249488600064
TotalExecutionTime,1328.7773431820096
