InputGenerationTime,0.294005884003127
ProfilingTime,28.52998852301971
SimulationTime,15.897736164013622
FramaCExecutionTime,120.10160090000136
TotalExecutionTime,1179.3452163920156
