InputGenerationTime,0.08321001699914632
ProfilingTime,36.46317683899906
SimulationTime,112.541393427
FramaCExecutionTime,108.04663024299953
TotalExecutionTime,6412.097489038999
