InputGenerationTime,0.2616646940005012
ProfilingTime,47.50763514800201
SimulationTime,36.36085374899994
FramaCExecutionTime,136.35455956900114
TotalExecutionTime,3026.4539886799976
