InputGenerationTime,0.2014430370181799
ProfilingTime,20.46091303403955
SimulationTime,20.796595612016972
FramaCExecutionTime,128.44977176899556
TotalExecutionTime,2181.2750018130173
