InputGenerationTime,0.26157120897551067
ProfilingTime,28.348818124009995
SimulationTime,18.262301526992815
FramaCExecutionTime,121.93693389900727
TotalExecutionTime,1595.5710245029768
