InputGenerationTime,0.131118303979747
ProfilingTime,48.49513118294999
SimulationTime,1064.6240661630873
FramaCExecutionTime,108.81593526701909
TotalExecutionTime,16624.026037412114
