InputGenerationTime,0.05552351800724864
ProfilingTime,19.024091972998576
SimulationTime,228.3634268159949
FramaCExecutionTime,105.23009136799374
TotalExecutionTime,19751.14071352
