InputGenerationTime,0.19021941302344203
ProfilingTime,25.36495704302797
SimulationTime,216.95566556794802
FramaCExecutionTime,113.54233702400234
TotalExecutionTime,9755.406086935021
