InputGenerationTime,0.03624822100005076
ProfilingTime,25.626078617000076
SimulationTime,15.681768021000153
FramaCExecutionTime,107.40131508900004
TotalExecutionTime,190.19113249099996
