InputGenerationTime,0.04074582800240023
ProfilingTime,24.207500006999908
SimulationTime,12.929821080000693
FramaCExecutionTime,95.56120953299978
TotalExecutionTime,1415.2439804340029
