InputGenerationTime,0.06933283800026402
ProfilingTime,26.761523314984515
SimulationTime,17.76407354400726
FramaCExecutionTime,104.76876791298855
TotalExecutionTime,3403.8889699709835
