InputGenerationTime,0.5125337750068866
ProfilingTime,32.910736003977945
SimulationTime,21.058018453011755
FramaCExecutionTime,149.69917792000342
TotalExecutionTime,4864.4951173090085
