InputGenerationTime,0.04533246399660129
ProfilingTime,29.856507828997565
SimulationTime,225.81884027300111
FramaCExecutionTime,102.04172662799829
TotalExecutionTime,13247.154183478997
