InputGenerationTime,0.10224440705496818
ProfilingTime,24.90911301597953
SimulationTime,19.143125761998817
FramaCExecutionTime,96.26200270303525
TotalExecutionTime,492.245151035022
