InputGenerationTime,0.06673876900458708
ProfilingTime,28.383633089018986
SimulationTime,15.385233865992632
FramaCExecutionTime,105.7249488600064
TotalExecutionTime,1461.950676346023
