InputGenerationTime,0.2893862620694563
ProfilingTime,26.142207449069247
SimulationTime,13.416541020036675
FramaCExecutionTime,117.19879986299202
TotalExecutionTime,1575.6834466649452
