InputGenerationTime,0.2250435840105638
ProfilingTime,22.08806607394945
SimulationTime,9.776361717958935
FramaCExecutionTime,112.19995585503057
TotalExecutionTime,4141.327980334056
