InputGenerationTime,0.3468931099996553
ProfilingTime,28.476945030000934
SimulationTime,21.078504059005354
FramaCExecutionTime,97.67858885599708
TotalExecutionTime,2781.018607246995
