InputGenerationTime,0.06429028999991715
ProfilingTime,29.249667103984393
SimulationTime,16.191997407004237
FramaCExecutionTime,107.19028882699786
TotalExecutionTime,775.2097051440505
