InputGenerationTime,0.08807973000511993
ProfilingTime,34.63476987600734
SimulationTime,22.336288585996954
FramaCExecutionTime,104.4215551840025
TotalExecutionTime,844.2666699240071
