InputGenerationTime,0.06883503001881763
ProfilingTime,26.89904061105335
SimulationTime,16.171826859004796
FramaCExecutionTime,106.64326668903232
TotalExecutionTime,1387.2944516279968
