InputGenerationTime,0.38357829499727814
ProfilingTime,23.585679282005003
SimulationTime,18.775346008995257
FramaCExecutionTime,101.32164939100039
TotalExecutionTime,4177.349024105999
