InputGenerationTime,0.1216452280023077
ProfilingTime,39.31398723800157
SimulationTime,19.904384620997007
FramaCExecutionTime,109.55363374899753
TotalExecutionTime,669.1002364870001
