InputGenerationTime,0.07230846700258553
ProfilingTime,26.70640570600517
SimulationTime,232.57969360396964
FramaCExecutionTime,106.69600580900442
TotalExecutionTime,22655.568570567993
