InputGenerationTime,0.2978791029963759
ProfilingTime,24.0798256220005
SimulationTime,17.97403747899807
FramaCExecutionTime,94.0850575910008
TotalExecutionTime,733.428853282996
