InputGenerationTime,0.06472448515705764
ProfilingTime,18.49390600901097
SimulationTime,208.33553382800892
FramaCExecutionTime,89.01774519495666
TotalExecutionTime,998.9408321450464
