InputGenerationTime,0.1776239509927109
ProfilingTime,37.95967782603111
SimulationTime,22.46016113902442
FramaCExecutionTime,144.69820828095544
TotalExecutionTime,502.1784686939791
