InputGenerationTime,0.5117717100074515
ProfilingTime,22.08180285792332
SimulationTime,45.57205584808253
FramaCExecutionTime,127.56641766999383
TotalExecutionTime,1156.5012305109994
