InputGenerationTime,0.07644303201232105
ProfilingTime,26.89108561699686
SimulationTime,13.777856020999025
FramaCExecutionTime,99.76022365198878
TotalExecutionTime,216.9769384229876
