InputGenerationTime,0.07834984001237899
ProfilingTime,25.81516213604482
SimulationTime,16.17538518900983
FramaCExecutionTime,108.21301396400668
TotalExecutionTime,150.30914302903693
