InputGenerationTime,0.3231512999627739
ProfilingTime,19.602351740002632
SimulationTime,209.50849008897785
FramaCExecutionTime,122.18468638905324
TotalExecutionTime,5664.434427613043
