InputGenerationTime,0.06306902691721916
ProfilingTime,20.61745822406374
SimulationTime,12.333593444898725
FramaCExecutionTime,93.3677042729687
TotalExecutionTime,1253.5900564468466
