InputGenerationTime,0.2623665229184553
ProfilingTime,24.29024955094792
SimulationTime,11.30634182097856
FramaCExecutionTime,115.6550668469863
TotalExecutionTime,483.44499915104825
