InputGenerationTime,0.07569622099981643
ProfilingTime,11.855881718000091
SimulationTime,7.667761593999785
FramaCExecutionTime,48.96770703600032
TotalExecutionTime,256.14596020299996
