InputGenerationTime,0.29120918099943083
ProfilingTime,38.04589360600221
SimulationTime,316.792431312002
FramaCExecutionTime,140.39637216499978
TotalExecutionTime,21332.530342462007
