InputGenerationTime,0.0626839460019255
ProfilingTime,27.957621613997617
SimulationTime,13.512460761005059
FramaCExecutionTime,104.38985318000778
TotalExecutionTime,5037.952362511001
