InputGenerationTime,0.11109681602101773
ProfilingTime,18.9530473689083
SimulationTime,57.6347474779468
FramaCExecutionTime,95.02735664101783
TotalExecutionTime,4252.722785067046
