InputGenerationTime,0.07310996500018518
ProfilingTime,31.68707653498859
SimulationTime,19.153887428998132
FramaCExecutionTime,106.17393734199868
TotalExecutionTime,1954.32971171799
