InputGenerationTime,0.21389529504813254
ProfilingTime,26.593934973003343
SimulationTime,67.92177386092953
FramaCExecutionTime,119.5768579680007
TotalExecutionTime,3360.431165045011
