InputGenerationTime,0.0801443759992253
ProfilingTime,27.001782734005246
SimulationTime,11.811348097995506
FramaCExecutionTime,100.1416515919991
TotalExecutionTime,2382.61637155099
