InputGenerationTime,0.22577400295995176
ProfilingTime,18.446694827987812
SimulationTime,46.244362506084144
FramaCExecutionTime,109.5923128289869
TotalExecutionTime,2725.8101305110613
