InputGenerationTime,0.05511531299998751
ProfilingTime,22.866490224005247
SimulationTime,216.413507913996
FramaCExecutionTime,94.72058908399777
TotalExecutionTime,11859.140218184999
