InputGenerationTime,0.0801443759992253
ProfilingTime,26.768006926999078
SimulationTime,14.622009594007977
FramaCExecutionTime,100.1416515919991
TotalExecutionTime,2916.9812766889954
