InputGenerationTime,0.30700588898616843
ProfilingTime,29.633642292988952
SimulationTime,21.43315837800037
FramaCExecutionTime,126.14888849700219
TotalExecutionTime,4741.494223663001
