InputGenerationTime,0.04074582800240023
ProfilingTime,24.54747083899929
SimulationTime,12.601714305001224
FramaCExecutionTime,95.56120953299978
TotalExecutionTime,1824.4647771260024
