InputGenerationTime,0.03731615799915744
ProfilingTime,24.61914402199909
SimulationTime,12.116932472010376
FramaCExecutionTime,98.2822837460044
TotalExecutionTime,1966.693198305009
