InputGenerationTime,0.05978687900096702
ProfilingTime,13.452286624000408
SimulationTime,8.22633773599955
FramaCExecutionTime,49.88949812200008
TotalExecutionTime,690.1607338719987
