InputGenerationTime,0.1216452280023077
ProfilingTime,40.55765030800103
SimulationTime,24.74859458699939
FramaCExecutionTime,109.55363374899753
TotalExecutionTime,1025.968119743
