InputGenerationTime,0.20462099200085504
ProfilingTime,26.99954271200113
SimulationTime,21.424043311999412
FramaCExecutionTime,119.80521449099979
TotalExecutionTime,1922.0094471890006
