InputGenerationTime,0.2941565380024258
ProfilingTime,28.11173924501054
SimulationTime,19.15416309100692
FramaCExecutionTime,119.22128029901069
TotalExecutionTime,3749.7972097460006
