InputGenerationTime,0.229954885027837
ProfilingTime,26.525628008996136
SimulationTime,17.829114238964394
FramaCExecutionTime,111.18525936000515
TotalExecutionTime,901.0907068639644
