InputGenerationTime,0.0626839460019255
ProfilingTime,39.032510982011445
SimulationTime,25.433669692996773
FramaCExecutionTime,104.38985318000778
TotalExecutionTime,4791.916576395
