InputGenerationTime,0.18538614409044385
ProfilingTime,26.58430630993098
SimulationTime,217.13579335995018
FramaCExecutionTime,110.43824010202661
TotalExecutionTime,2461.9464193680324
