InputGenerationTime,0.06825365099984992
ProfilingTime,23.291661845000363
SimulationTime,15.53361278300008
FramaCExecutionTime,96.30293493099998
TotalExecutionTime,1454.118583068
