InputGenerationTime,0.2780745880008908
ProfilingTime,41.72254939200502
SimulationTime,33.6060193930025
FramaCExecutionTime,147.1211182670013
TotalExecutionTime,6611.215257974996
