InputGenerationTime,0.08263851499941666
ProfilingTime,26.235054422999383
SimulationTime,19.42397447100666
FramaCExecutionTime,98.82215799900587
TotalExecutionTime,2080.668338303003
