InputGenerationTime,0.18901437100430485
ProfilingTime,38.13159171699954
SimulationTime,24.116331138000533
FramaCExecutionTime,120.16616172400245
TotalExecutionTime,3673.1816743369964
