InputGenerationTime,0.5491699959966354
ProfilingTime,32.65362585199182
SimulationTime,22.857897827023407
FramaCExecutionTime,132.03446686899406
TotalExecutionTime,1249.7781913620129
