InputGenerationTime,0.26520692789927125
ProfilingTime,36.5039471819764
SimulationTime,18.147639184026048
FramaCExecutionTime,172.96581168298144
TotalExecutionTime,2845.2859885109356
