InputGenerationTime,0.26684155499970075
ProfilingTime,24.309298462001607
SimulationTime,104.37085387700063
FramaCExecutionTime,94.79318434699962
TotalExecutionTime,1957.3136691100008
