InputGenerationTime,0.15126023499760777
ProfilingTime,25.19750206003664
SimulationTime,21.066977501963265
FramaCExecutionTime,114.47119204199407
TotalExecutionTime,1487.0080063039786
