InputGenerationTime,0.05989754600159358
ProfilingTime,24.53638958199008
SimulationTime,17.416517625999404
FramaCExecutionTime,101.61069593699358
TotalExecutionTime,2813.2397938159993
