InputGenerationTime,0.23208729503676295
ProfilingTime,23.512279251008295
SimulationTime,70.28215115901548
FramaCExecutionTime,100.15079668501858
TotalExecutionTime,381.44371628802037
