InputGenerationTime,0.2450625509954989
ProfilingTime,26.310568720975425
SimulationTime,20.565601256035734
FramaCExecutionTime,119.58020104799652
TotalExecutionTime,1803.3652981860214
