InputGenerationTime,0.19766114899903187
ProfilingTime,28.511870343001647
SimulationTime,22.835391816999618
FramaCExecutionTime,120.10270344499804
TotalExecutionTime,598.8509705139986
