InputGenerationTime,0.04533246399660129
ProfilingTime,38.484230385001865
SimulationTime,234.6469613960071
FramaCExecutionTime,102.04172662799829
TotalExecutionTime,15144.403941901997
