InputGenerationTime,0.3487831080565229
ProfilingTime,24.92470267007593
SimulationTime,17.54684091999661
FramaCExecutionTime,124.48829469003249
TotalExecutionTime,626.0411756719695
