InputGenerationTime,0.05547416885383427
ProfilingTime,28.955579286906868
SimulationTime,18.970491777872667
FramaCExecutionTime,95.88349860697053
TotalExecutionTime,1997.3392111819703
