InputGenerationTime,0.5491699959966354
ProfilingTime,28.647823153005447
SimulationTime,14.245260583993513
FramaCExecutionTime,132.03446686899406
TotalExecutionTime,261.40245783200953
