InputGenerationTime,0.5576207120029721
ProfilingTime,36.34091231797356
SimulationTime,25.783341224014293
FramaCExecutionTime,137.8231833819882
TotalExecutionTime,2092.2264731820032
