InputGenerationTime,0.04074582800240023
ProfilingTime,24.963844690999395
SimulationTime,11.152011122001568
FramaCExecutionTime,95.56120953299978
TotalExecutionTime,1227.7705513540022
