InputGenerationTime,0.05550380299973767
ProfilingTime,31.92755292900256
SimulationTime,13.752697154995985
FramaCExecutionTime,105.84851150700706
TotalExecutionTime,3070.5028414120025
