InputGenerationTime,0.19766114899903187
ProfilingTime,30.025227753001673
SimulationTime,20.651386403998913
FramaCExecutionTime,120.10270344499804
TotalExecutionTime,1030.5710792669997
