InputGenerationTime,0.15295539499493316
ProfilingTime,30.791301160999865
SimulationTime,19.968991626999923
FramaCExecutionTime,89.9493181259968
TotalExecutionTime,1726.651735943
