InputGenerationTime,0.2384402189636603
ProfilingTime,37.483801168971695
SimulationTime,75.25499339203816
FramaCExecutionTime,151.8234170480864
TotalExecutionTime,1196.5232377869543
