InputGenerationTime,0.03794739185832441
ProfilingTime,20.96907985699363
SimulationTime,11.341863597044721
FramaCExecutionTime,90.95548496907577
TotalExecutionTime,508.06752678891644
