InputGenerationTime,0.2171286300290376
ProfilingTime,20.330613728961907
SimulationTime,209.33733198710252
FramaCExecutionTime,112.72816676006187
TotalExecutionTime,6335.9223911380395
