InputGenerationTime,0.08208400999865262
ProfilingTime,22.25960399199539
SimulationTime,217.24499658699642
FramaCExecutionTime,96.04302714300138
TotalExecutionTime,5164.276335025999
