InputGenerationTime,0.18076778999966336
ProfilingTime,37.98715758200342
SimulationTime,21.38438639800006
FramaCExecutionTime,117.59281498999917
TotalExecutionTime,4736.782827065999
