InputGenerationTime,0.2616646940005012
ProfilingTime,42.87247656699765
SimulationTime,30.399679680995177
FramaCExecutionTime,136.35455956900114
TotalExecutionTime,3099.788305340997
