InputGenerationTime,0.5125337750068866
ProfilingTime,31.18781973500154
SimulationTime,20.99285731301643
FramaCExecutionTime,149.69917792000342
TotalExecutionTime,5066.9185087100195
