InputGenerationTime,0.2171286300290376
ProfilingTime,22.505754071986303
SimulationTime,211.26031157106627
FramaCExecutionTime,112.72816676006187
TotalExecutionTime,9885.766748204012
