InputGenerationTime,0.20043562108185142
ProfilingTime,20.795676980051212
SimulationTime,27.01295914000366
FramaCExecutionTime,106.11862533399835
TotalExecutionTime,910.7673367799725
