InputGenerationTime,0.22179850202519447
ProfilingTime,35.44273166102357
SimulationTime,63.9242972569773
FramaCExecutionTime,150.7494653709
TotalExecutionTime,4745.533668683027
