InputGenerationTime,0.21722360595595092
ProfilingTime,44.33156922797207
SimulationTime,241.3231159140123
FramaCExecutionTime,123.38338132703211
TotalExecutionTime,12358.437164087896
