InputGenerationTime,0.21389529504813254
ProfilingTime,23.538670883048326
SimulationTime,58.153689239989035
FramaCExecutionTime,119.5768579680007
TotalExecutionTime,2209.9233615100384
