InputGenerationTime,0.1322396129999106
ProfilingTime,10.713938846999554
SimulationTime,6.246024328000203
FramaCExecutionTime,55.91579891600031
TotalExecutionTime,106.59411329200066
