InputGenerationTime,0.21990838996134698
ProfilingTime,20.216435187961906
SimulationTime,9.115856533986516
FramaCExecutionTime,108.54226218396798
TotalExecutionTime,592.3309911719989
