InputGenerationTime,0.2563665369998489
ProfilingTime,28.17699114199968
SimulationTime,234.8070208070003
FramaCExecutionTime,119.80670238400126
TotalExecutionTime,9956.594293671002
