InputGenerationTime,0.04619556199759245
ProfilingTime,26.44049130898202
SimulationTime,233.6384840499959
FramaCExecutionTime,102.9426576619735
TotalExecutionTime,7252.478988313989
