InputGenerationTime,0.5459449000190943
ProfilingTime,34.42225309900823
SimulationTime,21.587402940000175
FramaCExecutionTime,142.59089715700247
TotalExecutionTime,3055.488771300006
