InputGenerationTime,0.0990121210925281
ProfilingTime,32.8052893250715
SimulationTime,227.96113332198001
FramaCExecutionTime,107.4057569380384
TotalExecutionTime,3919.4279749470297
