InputGenerationTime,0.24126282497309148
ProfilingTime,20.125314658973366
SimulationTime,217.46826272609178
FramaCExecutionTime,107.74387342808768
TotalExecutionTime,4138.334738614969
