InputGenerationTime,0.2616646940005012
ProfilingTime,44.95940235699527
SimulationTime,30.920059577998472
FramaCExecutionTime,136.35455956900114
TotalExecutionTime,2368.0490998669993
