InputGenerationTime,0.06064719200367108
ProfilingTime,27.792719118995592
SimulationTime,16.813767790968996
FramaCExecutionTime,106.90652724599931
TotalExecutionTime,1684.4913845680421
