InputGenerationTime,0.24341501500020968
ProfilingTime,24.022911788000783
SimulationTime,106.2325952300016
FramaCExecutionTime,95.7353067160002
TotalExecutionTime,6535.264880569004
