InputGenerationTime,0.09734716100501828
ProfilingTime,31.96260616199288
SimulationTime,17.527078496990725
FramaCExecutionTime,106.48393925699929
TotalExecutionTime,4462.430604608991
