InputGenerationTime,0.06828528999994887
ProfilingTime,22.360133336999752
SimulationTime,13.7405648440008
FramaCExecutionTime,95.84660604099963
TotalExecutionTime,3041.7916805120003
