InputGenerationTime,0.04072097299649613
ProfilingTime,22.123647071995947
SimulationTime,17.738072666004882
FramaCExecutionTime,95.01072702199599
TotalExecutionTime,2989.923087842002
