InputGenerationTime,0.11737045999325346
ProfilingTime,60.48870903700299
SimulationTime,51.49609295898699
FramaCExecutionTime,130.64505490900774
TotalExecutionTime,6064.403897812008
