InputGenerationTime,0.05953637699712999
ProfilingTime,23.888181046997488
SimulationTime,17.889882912000758
FramaCExecutionTime,106.16420628500055
TotalExecutionTime,758.6743898200002
