InputGenerationTime,0.04487435601186007
ProfilingTime,18.92569910804741
SimulationTime,8.957496891031042
FramaCExecutionTime,89.0224654530175
TotalExecutionTime,932.122073398903
