InputGenerationTime,0.3231512999627739
ProfilingTime,23.96096671698615
SimulationTime,215.7076096109813
FramaCExecutionTime,122.18468638905324
TotalExecutionTime,6835.547772815102
