InputGenerationTime,0.12341600493527949
ProfilingTime,32.602740864036605
SimulationTime,39.13140045199543
FramaCExecutionTime,109.50403061194811
TotalExecutionTime,253.71721824305132
