InputGenerationTime,0.2916732019511983
ProfilingTime,24.737910217954777
SimulationTime,18.42177613900276
FramaCExecutionTime,121.73228721501073
TotalExecutionTime,2546.3008721480146
