InputGenerationTime,0.03625350189395249
ProfilingTime,23.52814408391714
SimulationTime,33.49181883200072
FramaCExecutionTime,93.29361514700577
TotalExecutionTime,1360.2810371459927
