InputGenerationTime,0.18901437100430485
ProfilingTime,39.400936454003386
SimulationTime,25.420711209997535
FramaCExecutionTime,120.16616172400245
TotalExecutionTime,4368.501857147003
