InputGenerationTime,0.29270844598067924
ProfilingTime,26.39899124499061
SimulationTime,145.01811607799027
FramaCExecutionTime,116.0746045949927
TotalExecutionTime,1938.5132771329954
