InputGenerationTime,0.18249052000464872
ProfilingTime,27.304727972019464
SimulationTime,34.82894449494779
FramaCExecutionTime,95.15639482502593
TotalExecutionTime,5837.41853014502
