InputGenerationTime,0.03560964995995164
ProfilingTime,19.347900239983574
SimulationTime,33.40165569004603
FramaCExecutionTime,89.09152986505069
TotalExecutionTime,1382.8635213100351
