InputGenerationTime,0.18249052000464872
ProfilingTime,24.37175395200029
SimulationTime,34.00375819596229
FramaCExecutionTime,95.15639482502593
TotalExecutionTime,5743.302425755013
