InputGenerationTime,0.17901038100171718
ProfilingTime,39.08857888299826
SimulationTime,23.656185086001642
FramaCExecutionTime,117.9092438819971
TotalExecutionTime,3890.5335189889993
