InputGenerationTime,0.18170733300212305
ProfilingTime,26.02481670200359
SimulationTime,16.681882694989326
FramaCExecutionTime,99.81084801500401
TotalExecutionTime,3758.3776155399974
