InputGenerationTime,0.2450625509954989
ProfilingTime,27.671216909016948
SimulationTime,20.025745064020157
FramaCExecutionTime,119.58020104799652
TotalExecutionTime,2096.2648082420346
