InputGenerationTime,0.20043562108185142
ProfilingTime,19.097012114012614
SimulationTime,26.073484282940626
FramaCExecutionTime,106.11862533399835
TotalExecutionTime,200.69677149807103
