InputGenerationTime,0.04837128699728055
ProfilingTime,23.353348074997484
SimulationTime,11.196135571000923
FramaCExecutionTime,95.57277957100086
TotalExecutionTime,2019.9868509389999
