InputGenerationTime,0.07834984001237899
ProfilingTime,28.017944292980246
SimulationTime,17.669737075979356
FramaCExecutionTime,108.21301396400668
TotalExecutionTime,464.7364210220403
