InputGenerationTime,0.19782912300433964
ProfilingTime,44.08522745897062
SimulationTime,22.516283107106574
FramaCExecutionTime,120.83434996008873
TotalExecutionTime,2780.7617569320137
