InputGenerationTime,0.20043562108185142
ProfilingTime,19.007327939965762
SimulationTime,27.700439412961714
FramaCExecutionTime,106.11862533399835
TotalExecutionTime,478.6618835499976
