InputGenerationTime,0.20462099200085504
ProfilingTime,27.214253678001114
SimulationTime,21.177591075000237
FramaCExecutionTime,119.80521449099979
TotalExecutionTime,2020.861493171
