InputGenerationTime,0.2550414989818819
ProfilingTime,19.803716836031526
SimulationTime,10.150172885973006
FramaCExecutionTime,119.64459108404117
TotalExecutionTime,2852.0210562130087
