InputGenerationTime,0.05953637699712999
ProfilingTime,24.487808651996602
SimulationTime,16.720249412996054
FramaCExecutionTime,106.16420628500055
TotalExecutionTime,1047.2828618060012
