InputGenerationTime,0.22577400295995176
ProfilingTime,20.062748369993642
SimulationTime,45.480873206979595
FramaCExecutionTime,109.5923128289869
TotalExecutionTime,2102.8794521479867
