InputGenerationTime,0.2563665369998489
ProfilingTime,29.64242692999869
SimulationTime,233.38679915099965
FramaCExecutionTime,119.80670238400126
TotalExecutionTime,7847.619678381
