InputGenerationTime,0.03794739185832441
ProfilingTime,20.576085741864517
SimulationTime,9.798982047941536
FramaCExecutionTime,90.95548496907577
TotalExecutionTime,211.5439506350085
