InputGenerationTime,0.23651412897743285
ProfilingTime,24.12569721392356
SimulationTime,12.903709802078083
FramaCExecutionTime,114.27070531004574
TotalExecutionTime,576.1170923030004
