InputGenerationTime,0.0990121210925281
ProfilingTime,33.81473437207751
SimulationTime,239.21269554202445
FramaCExecutionTime,107.4057569380384
TotalExecutionTime,5677.232729105046
