InputGenerationTime,0.20938648599985754
ProfilingTime,28.188139571000647
SimulationTime,18.978351238998584
FramaCExecutionTime,100.2116976210018
TotalExecutionTime,1491.8093922769986
