InputGenerationTime,0.07480276003479958
ProfilingTime,19.906833570916206
SimulationTime,20.61328415409662
FramaCExecutionTime,92.13790134200826
TotalExecutionTime,958.5463248169981
