InputGenerationTime,0.08069608799996786
ProfilingTime,28.535392400997807
SimulationTime,15.474222314995131
FramaCExecutionTime,106.32470165600535
TotalExecutionTime,5278.745518508003
