InputGenerationTime,0.06673876900458708
ProfilingTime,26.829605576000176
SimulationTime,13.795731605961919
FramaCExecutionTime,105.7249488600064
TotalExecutionTime,2137.9627450710395
