InputGenerationTime,0.08119252510368824
ProfilingTime,33.15560940594878
SimulationTime,25.385194706963375
FramaCExecutionTime,113.96024039201438
TotalExecutionTime,2196.147272601025
