InputGenerationTime,0.2155678939889185
ProfilingTime,22.257225552981254
SimulationTime,11.735492479987442
FramaCExecutionTime,117.01473909697961
TotalExecutionTime,1134.4479650639696
