InputGenerationTime,0.2328068589558825
ProfilingTime,44.23895063402597
SimulationTime,20.79050007404294
FramaCExecutionTime,120.70834039303008
TotalExecutionTime,908.5212386089843
