InputGenerationTime,0.02432121099991491
ProfilingTime,9.55654623600094
SimulationTime,6.894502745999489
FramaCExecutionTime,41.77757867699984
TotalExecutionTime,347.9389073980001
