InputGenerationTime,0.08637258899398148
ProfilingTime,28.530639122996945
SimulationTime,15.47712717403192
FramaCExecutionTime,104.87469518801663
TotalExecutionTime,2837.725245640031
