InputGenerationTime,0.29270844598067924
ProfilingTime,28.428100182005437
SimulationTime,131.27457818301627
FramaCExecutionTime,116.0746045949927
TotalExecutionTime,3017.4892060109996
