InputGenerationTime,0.13775036500010174
ProfilingTime,27.938782275996346
SimulationTime,110.06930052600364
FramaCExecutionTime,94.25399721999565
TotalExecutionTime,4647.347777588999
