InputGenerationTime,0.03625350189395249
ProfilingTime,22.94534541806206
SimulationTime,35.07551725208759
FramaCExecutionTime,93.29361514700577
TotalExecutionTime,1587.712200826034
