InputGenerationTime,0.2623665229184553
ProfilingTime,24.616620316985063
SimulationTime,11.721139390021563
FramaCExecutionTime,115.6550668469863
TotalExecutionTime,304.5896193860099
