InputGenerationTime,0.1973126189550385
ProfilingTime,53.20014332100982
SimulationTime,55.341903280990664
FramaCExecutionTime,110.4989025190007
TotalExecutionTime,688.2356748689781
