InputGenerationTime,0.06559167301747948
ProfilingTime,28.58960169495549
SimulationTime,15.966574678954203
FramaCExecutionTime,104.80555936798919
TotalExecutionTime,978.5078580509871
