InputGenerationTime,0.05511531299998751
ProfilingTime,20.32601761600381
SimulationTime,216.66674083199905
FramaCExecutionTime,94.72058908399777
TotalExecutionTime,11143.468003248003
