InputGenerationTime,0.1860354489999736
ProfilingTime,27.385231498000167
SimulationTime,20.001353920999918
FramaCExecutionTime,133.846350332
TotalExecutionTime,1097.575557545
