InputGenerationTime,0.5117717100074515
ProfilingTime,22.244702289928682
SimulationTime,45.72740439500194
FramaCExecutionTime,127.56641766999383
TotalExecutionTime,1438.2279566460056
