InputGenerationTime,0.1500415460000113
ProfilingTime,37.25823250099984
SimulationTime,22.844646857000043
FramaCExecutionTime,119.5390944679998
TotalExecutionTime,1991.258619407
