InputGenerationTime,0.06429028999991715
ProfilingTime,28.520516276010312
SimulationTime,15.143529299995862
FramaCExecutionTime,107.19028882699786
TotalExecutionTime,456.80753033800283
