InputGenerationTime,0.04561591404490173
ProfilingTime,18.25494982395321
SimulationTime,8.4131363700144
FramaCExecutionTime,88.03226714697666
TotalExecutionTime,728.579556700075
