InputGenerationTime,0.12341600493527949
ProfilingTime,49.03642222902272
SimulationTime,55.40892035898287
FramaCExecutionTime,109.50403061194811
TotalExecutionTime,1512.0809163630474
