InputGenerationTime,0.06306902691721916
ProfilingTime,19.751704313093796
SimulationTime,10.207152743823826
FramaCExecutionTime,93.3677042729687
TotalExecutionTime,1184.4585275240242
