InputGenerationTime,0.3489217610040214
ProfilingTime,28.349431248003384
SimulationTime,21.113230970004224
FramaCExecutionTime,101.74599396999838
TotalExecutionTime,1762.1672714939996
