InputGenerationTime,0.46168155898340046
ProfilingTime,23.744590339949355
SimulationTime,19.18397248897236
FramaCExecutionTime,128.98384912509937
TotalExecutionTime,1578.1726773909759
