InputGenerationTime,0.1776239509927109
ProfilingTime,32.08536218095105
SimulationTime,16.537053346051835
FramaCExecutionTime,144.69820828095544
TotalExecutionTime,1320.03297544003
