InputGenerationTime,0.11109681602101773
ProfilingTime,18.376696569030173
SimulationTime,73.58252007002011
FramaCExecutionTime,95.02735664101783
TotalExecutionTime,4837.760845128098
