InputGenerationTime,0.0712742239702493
ProfilingTime,26.954860746045597
SimulationTime,19.109542939986568
FramaCExecutionTime,105.79948802501895
TotalExecutionTime,1741.948166594957
