InputGenerationTime,0.2328068589558825
ProfilingTime,47.548091210075654
SimulationTime,24.33558945299592
FramaCExecutionTime,120.70834039303008
TotalExecutionTime,980.4578282029834
