InputGenerationTime,0.18785828900581691
ProfilingTime,58.57466788099555
SimulationTime,40.67926960600016
FramaCExecutionTime,130.39241952699376
TotalExecutionTime,1360.0970628280047
