InputGenerationTime,0.08813246099816752
ProfilingTime,37.68330522699762
SimulationTime,24.19160285199905
FramaCExecutionTime,108.73251284900107
TotalExecutionTime,505.7881819510003
