InputGenerationTime,0.30700588898616843
ProfilingTime,29.679905972996494
SimulationTime,21.7882276760065
FramaCExecutionTime,126.14888849700219
TotalExecutionTime,4222.667105011002
