InputGenerationTime,0.1860354489999736
ProfilingTime,27.482014397999933
SimulationTime,20.603434118999985
FramaCExecutionTime,133.846350332
TotalExecutionTime,332.656394386
