InputGenerationTime,0.23208729503676295
ProfilingTime,23.809740205004346
SimulationTime,89.58749203698244
FramaCExecutionTime,100.15079668501858
TotalExecutionTime,2205.860443793994
