InputGenerationTime,0.38357829499727814
ProfilingTime,34.28538883299916
SimulationTime,23.95864277199871
FramaCExecutionTime,101.32164939100039
TotalExecutionTime,4235.777108129994
