InputGenerationTime,0.15126023499760777
ProfilingTime,21.89473218296189
SimulationTime,19.786565779009834
FramaCExecutionTime,114.47119204199407
TotalExecutionTime,2169.3647349280072
