InputGenerationTime,0.19015604798914865
ProfilingTime,25.029900291003287
SimulationTime,12.74532765103504
FramaCExecutionTime,110.16134787397459
TotalExecutionTime,847.6224867689889
