InputGenerationTime,0.20938648599985754
ProfilingTime,25.848471136996523
SimulationTime,18.098896540999704
FramaCExecutionTime,100.2116976210018
TotalExecutionTime,1396.6549677290022
