InputGenerationTime,0.2754530660167802
ProfilingTime,30.309892305987887
SimulationTime,17.007284733990673
FramaCExecutionTime,142.3172453920124
TotalExecutionTime,4631.278971131018
