InputGenerationTime,0.18901437100430485
ProfilingTime,36.64806174499972
SimulationTime,23.727665143000195
FramaCExecutionTime,120.16616172400245
TotalExecutionTime,3797.039987273998
