InputGenerationTime,0.07921701300074346
ProfilingTime,34.30291818600381
SimulationTime,17.603147521993378
FramaCExecutionTime,105.26931427200907
TotalExecutionTime,3045.5372657869884
