InputGenerationTime,0.0801443759992253
ProfilingTime,26.519199271991965
SimulationTime,14.88303176399495
FramaCExecutionTime,100.1416515919991
TotalExecutionTime,2875.4812829869916
