InputGenerationTime,0.10224440705496818
ProfilingTime,20.063062168075703
SimulationTime,17.70402085594833
FramaCExecutionTime,96.26200270303525
TotalExecutionTime,932.166195953032
