InputGenerationTime,0.31785363605013117
ProfilingTime,27.258454763970803
SimulationTime,20.882760242035147
FramaCExecutionTime,117.68211280897958
TotalExecutionTime,434.43067485600477
