InputGenerationTime,0.5576207120029721
ProfilingTime,33.38981067799614
SimulationTime,24.70790014998056
FramaCExecutionTime,137.8231833819882
TotalExecutionTime,2194.8071463509987
