InputGenerationTime,0.27974674600409344
ProfilingTime,21.20894442498684
SimulationTime,17.767399863980245
FramaCExecutionTime,116.81609825900523
TotalExecutionTime,4237.077852419985
