InputGenerationTime,0.07747332500002813
ProfilingTime,39.302651402991614
SimulationTime,21.456582858998445
FramaCExecutionTime,107.59819377001259
TotalExecutionTime,1129.699577573003
