InputGenerationTime,0.05441822297871113
ProfilingTime,30.65867240400985
SimulationTime,222.71678315801546
FramaCExecutionTime,93.7210614560172
TotalExecutionTime,5286.696808228968
