InputGenerationTime,0.21722360595595092
ProfilingTime,40.908198647084646
SimulationTime,243.9389270390384
FramaCExecutionTime,123.38338132703211
TotalExecutionTime,9194.944953040918
