InputGenerationTime,0.04965436900238274
ProfilingTime,23.342304111996782
SimulationTime,219.07233301299857
FramaCExecutionTime,96.85920009500114
TotalExecutionTime,17764.847812353
