InputGenerationTime,0.2616646940005012
ProfilingTime,55.35965230799775
SimulationTime,39.49952881599893
FramaCExecutionTime,136.35455956900114
TotalExecutionTime,3194.707743261002
