InputGenerationTime,0.04074582800240023
ProfilingTime,24.102559977000055
SimulationTime,12.645708227999421
FramaCExecutionTime,95.56120953299978
TotalExecutionTime,1561.9737185270023
