InputGenerationTime,0.254091541050002
ProfilingTime,29.41235925501678
SimulationTime,14.02936355106067
FramaCExecutionTime,138.49859954905696
TotalExecutionTime,813.7404018139932
