InputGenerationTime,0.05550380299973767
ProfilingTime,33.57143931101018
SimulationTime,19.13656119799998
FramaCExecutionTime,105.84851150700706
TotalExecutionTime,3442.4476397940016
