InputGenerationTime,0.18929134996142238
ProfilingTime,21.22810256300727
SimulationTime,211.66400536097353
FramaCExecutionTime,116.21079802402528
TotalExecutionTime,19455.738423714007
