InputGenerationTime,0.2734934970503673
ProfilingTime,25.185266869026236
SimulationTime,18.85104615497403
FramaCExecutionTime,118.28702378703747
TotalExecutionTime,1529.92618812609
