InputGenerationTime,0.04915673100913409
ProfilingTime,32.963233542992384
SimulationTime,15.022875442009536
FramaCExecutionTime,104.74350526298804
TotalExecutionTime,381.5975251350028
