InputGenerationTime,0.0990121210925281
ProfilingTime,33.19083774089813
SimulationTime,218.09220256702974
FramaCExecutionTime,107.4057569380384
TotalExecutionTime,1394.353669312084
