InputGenerationTime,0.09243679200005772
ProfilingTime,39.030633264000244
SimulationTime,24.26294036499985
FramaCExecutionTime,140.29446766800004
TotalExecutionTime,1457.880692973
