InputGenerationTime,0.2250435840105638
ProfilingTime,22.475367831997573
SimulationTime,212.75107169908006
FramaCExecutionTime,112.19995585503057
TotalExecutionTime,4376.6209017609945
