InputGenerationTime,0.05246901400096249
ProfilingTime,27.208887564993347
SimulationTime,16.781535503992927
FramaCExecutionTime,99.9211063440016
TotalExecutionTime,4247.662592580993
