InputGenerationTime,0.06825365099984992
ProfilingTime,20.85369212700016
SimulationTime,14.487782913000046
FramaCExecutionTime,96.30293493099998
TotalExecutionTime,2052.9223638229996
