InputGenerationTime,0.03413906300011149
ProfilingTime,22.226083392000874
SimulationTime,213.65531855400332
FramaCExecutionTime,92.74365047799984
TotalExecutionTime,14047.631936186
