InputGenerationTime,0.2563665369998489
ProfilingTime,31.029129311998986
SimulationTime,235.37598135000007
FramaCExecutionTime,119.80670238400126
TotalExecutionTime,7584.528946194
