InputGenerationTime,0.21989744500024244
ProfilingTime,21.19769100402482
SimulationTime,210.21188858000096
FramaCExecutionTime,110.1814316730015
TotalExecutionTime,572.5338149099844
