InputGenerationTime,0.2014430370181799
ProfilingTime,21.810834979987703
SimulationTime,20.86107969196746
FramaCExecutionTime,128.44977176899556
TotalExecutionTime,1527.9846697130124
