InputGenerationTime,0.24733186499997828
ProfilingTime,26.647327542000312
SimulationTime,20.432159009000316
FramaCExecutionTime,124.64607925199971
TotalExecutionTime,3615.385737836
