InputGenerationTime,0.03413906300011149
ProfilingTime,19.488394566997158
SimulationTime,212.4636669049978
FramaCExecutionTime,92.74365047799984
TotalExecutionTime,15963.462446441
