InputGenerationTime,0.146842653004569
ProfilingTime,30.627561712004535
SimulationTime,20.355444837005052
FramaCExecutionTime,89.65716592899844
TotalExecutionTime,403.20851011100604
