InputGenerationTime,0.08908225699997274
ProfilingTime,11.72731793100047
SimulationTime,8.753415172999667
FramaCExecutionTime,48.71309677099998
TotalExecutionTime,958.1155452390003
