InputGenerationTime,0.11390176499844529
ProfilingTime,34.13142367999899
SimulationTime,19.78797287999987
FramaCExecutionTime,109.5342480060026
TotalExecutionTime,3094.990521374999
