InputGenerationTime,0.2650788240007387
ProfilingTime,42.13825223499953
SimulationTime,114.42766942199887
FramaCExecutionTime,114.57576221599993
TotalExecutionTime,8133.7294026439995
