InputGenerationTime,0.22719534100178862
ProfilingTime,53.96112344299763
SimulationTime,256.04355492600007
FramaCExecutionTime,129.50138765100564
TotalExecutionTime,6489.821510873
