InputGenerationTime,0.18901437100430485
ProfilingTime,41.15583440000046
SimulationTime,25.85403462999966
FramaCExecutionTime,120.16616172400245
TotalExecutionTime,4683.927402045996
