InputGenerationTime,0.23825610300991684
ProfilingTime,26.00038607500028
SimulationTime,243.35218534100568
FramaCExecutionTime,125.86535251897294
TotalExecutionTime,20302.11195349699
