InputGenerationTime,0.03731615799915744
ProfilingTime,26.969791187002556
SimulationTime,14.469236011005705
FramaCExecutionTime,98.2822837460044
TotalExecutionTime,1650.6544712850082
