InputGenerationTime,0.24126282497309148
ProfilingTime,18.514115970931016
SimulationTime,223.1905564329354
FramaCExecutionTime,107.74387342808768
TotalExecutionTime,5357.564534146921
