InputGenerationTime,0.06306902691721916
ProfilingTime,20.92936997511424
SimulationTime,12.6411162330769
FramaCExecutionTime,93.3677042729687
TotalExecutionTime,1287.2718728259206
