InputGenerationTime,0.2780745880008908
ProfilingTime,53.1399459489985
SimulationTime,44.72910040900024
FramaCExecutionTime,147.1211182670013
TotalExecutionTime,7397.223407883001
