InputGenerationTime,0.06716115004383028
ProfilingTime,18.75379598303698
SimulationTime,16.992354521993548
FramaCExecutionTime,91.8677742651198
TotalExecutionTime,888.8047281629406
