InputGenerationTime,0.04155284100124845
ProfilingTime,23.544329862997984
SimulationTime,11.193661945999338
FramaCExecutionTime,96.29844691299877
TotalExecutionTime,1921.3219299330012
