InputGenerationTime,0.03941600100370124
ProfilingTime,21.30832127499889
SimulationTime,216.23341082499974
FramaCExecutionTime,95.25604605099943
TotalExecutionTime,5975.8184634510035
