InputGenerationTime,0.08706269499816699
ProfilingTime,33.23997888300073
SimulationTime,22.886696621997544
FramaCExecutionTime,108.95056382500115
TotalExecutionTime,4640.045329017001
