InputGenerationTime,0.08119252510368824
ProfilingTime,32.56968856207095
SimulationTime,24.734484616084956
FramaCExecutionTime,113.96024039201438
TotalExecutionTime,2915.337752022082
