InputGenerationTime,0.2852700619987445
ProfilingTime,37.60844425899995
SimulationTime,27.942215596995084
FramaCExecutionTime,121.69274858300196
TotalExecutionTime,5286.435810778003
