InputGenerationTime,0.2171286300290376
ProfilingTime,22.217516920063645
SimulationTime,211.37641778890975
FramaCExecutionTime,112.72816676006187
TotalExecutionTime,8916.515778640984
