InputGenerationTime,0.0497497089963872
ProfilingTime,37.2395734419988
SimulationTime,232.17081989400322
FramaCExecutionTime,106.16062168798817
TotalExecutionTime,4318.088643242998
