InputGenerationTime,0.0851615320007113
ProfilingTime,11.170419956999467
SimulationTime,7.143999280000571
FramaCExecutionTime,48.46413284600021
TotalExecutionTime,122.18564315399999
