InputGenerationTime,0.3232922659954056
ProfilingTime,19.981763535994105
SimulationTime,56.575243810075335
FramaCExecutionTime,123.42935546697117
TotalExecutionTime,2808.965692814905
