InputGenerationTime,0.2518795130017679
ProfilingTime,31.863780799001688
SimulationTime,17.472013579012128
FramaCExecutionTime,128.72929689101875
TotalExecutionTime,2436.2498056570184
