InputGenerationTime,0.03560964995995164
ProfilingTime,19.287668989039958
SimulationTime,32.67153608694207
FramaCExecutionTime,89.09152986505069
TotalExecutionTime,1863.8259952469962
