InputGenerationTime,0.2641803329997856
ProfilingTime,23.69019893999939
SimulationTime,230.44307296599982
FramaCExecutionTime,119.66695576599977
TotalExecutionTime,374.11584305199995
