InputGenerationTime,0.2852700619987445
ProfilingTime,35.64712216499902
SimulationTime,26.329098853995674
FramaCExecutionTime,121.69274858300196
TotalExecutionTime,5540.22571337
