InputGenerationTime,0.1036995750037022
ProfilingTime,50.83738594299939
SimulationTime,34.195526840005186
FramaCExecutionTime,128.76921959100582
TotalExecutionTime,8384.599646301009
