InputGenerationTime,0.0801443759992253
ProfilingTime,24.66349907500262
SimulationTime,12.319726537010865
FramaCExecutionTime,100.1416515919991
TotalExecutionTime,2343.700829066991
