InputGenerationTime,0.13775036500010174
ProfilingTime,26.971905336999043
SimulationTime,114.17673104499409
FramaCExecutionTime,94.25399721999565
TotalExecutionTime,5473.215247956003
