InputGenerationTime,0.16970555897569284
ProfilingTime,48.09283114800928
SimulationTime,756.5761995050125
FramaCExecutionTime,116.65334182599327
TotalExecutionTime,17771.523360160005
