InputGenerationTime,0.16970555897569284
ProfilingTime,46.89169297198532
SimulationTime,1031.509297386976
FramaCExecutionTime,116.65334182599327
TotalExecutionTime,22464.570948193024
