InputGenerationTime,0.15126023499760777
ProfilingTime,21.28411159099778
SimulationTime,19.007086383993737
FramaCExecutionTime,114.47119204199407
TotalExecutionTime,1277.8051675200113
