InputGenerationTime,0.07747332500002813
ProfilingTime,37.231292587006465
SimulationTime,23.472854716994334
FramaCExecutionTime,107.59819377001259
TotalExecutionTime,964.7933283879975
