InputGenerationTime,0.2384402189636603
ProfilingTime,33.374716429039836
SimulationTime,67.07028452993836
FramaCExecutionTime,151.8234170480864
TotalExecutionTime,652.7945822830079
