InputGenerationTime,0.18076778999966336
ProfilingTime,40.95569901699855
SimulationTime,26.897761381002056
FramaCExecutionTime,117.59281498999917
TotalExecutionTime,5376.609991232999
