InputGenerationTime,0.46168155898340046
ProfilingTime,24.69669395906385
SimulationTime,19.67540140496567
FramaCExecutionTime,128.98384912509937
TotalExecutionTime,1658.4480922810035
