InputGenerationTime,0.2623665229184553
ProfilingTime,21.81108157406561
SimulationTime,9.863038187962957
FramaCExecutionTime,115.6550668469863
TotalExecutionTime,583.053750467021
