InputGenerationTime,0.07569622099981643
ProfilingTime,12.757031385999653
SimulationTime,7.259891319000417
FramaCExecutionTime,48.96770703600032
TotalExecutionTime,319.755448422
