InputGenerationTime,0.18076778999966336
ProfilingTime,34.18887601199822
SimulationTime,16.450041262000013
FramaCExecutionTime,117.59281498999917
TotalExecutionTime,5806.096164035
