InputGenerationTime,0.10097159299766645
ProfilingTime,38.300947743002325
SimulationTime,106.68437107297359
FramaCExecutionTime,110.10803324502194
TotalExecutionTime,27191.49700477504
