InputGenerationTime,0.2014430370181799
ProfilingTime,22.083739058987703
SimulationTime,15.935873453970999
FramaCExecutionTime,128.44977176899556
TotalExecutionTime,1398.4165763169876
