InputGenerationTime,0.24733186499997828
ProfilingTime,28.864491922999605
SimulationTime,19.808796986999823
FramaCExecutionTime,124.64607925199971
TotalExecutionTime,3568.143573718
