InputGenerationTime,0.05978687900096702
ProfilingTime,11.24161866400027
SimulationTime,7.56255246299952
FramaCExecutionTime,49.88949812200008
TotalExecutionTime,571.8827031269993
