InputGenerationTime,0.46168155898340046
ProfilingTime,20.320228236960247
SimulationTime,15.536614750046283
FramaCExecutionTime,128.98384912509937
TotalExecutionTime,1694.4038022769382
