InputGenerationTime,0.24733186499997828
ProfilingTime,25.151573457999802
SimulationTime,18.580839369000387
FramaCExecutionTime,124.64607925199971
TotalExecutionTime,3659.214073137
