InputGenerationTime,0.24126282497309148
ProfilingTime,20.615559038938954
SimulationTime,219.1439053999493
FramaCExecutionTime,107.74387342808768
TotalExecutionTime,2475.940959924017
