InputGenerationTime,0.5126059039903339
ProfilingTime,31.170961622992763
SimulationTime,23.79976516100578
FramaCExecutionTime,134.92843663701206
TotalExecutionTime,2259.2585996570124
