InputGenerationTime,0.11488254508003592
ProfilingTime,38.96823808597401
SimulationTime,32.6144415109884
FramaCExecutionTime,134.28010943497065
TotalExecutionTime,3123.0234255760442
