InputGenerationTime,0.2734934970503673
ProfilingTime,24.70538231707178
SimulationTime,17.665994800976478
FramaCExecutionTime,118.28702378703747
TotalExecutionTime,2029.070156897069
