InputGenerationTime,0.3231512999627739
ProfilingTime,19.998452935018577
SimulationTime,210.07390671304893
FramaCExecutionTime,122.18468638905324
TotalExecutionTime,7309.4269875721075
