InputGenerationTime,0.3489217610040214
ProfilingTime,31.171624481001345
SimulationTime,23.70661868299794
FramaCExecutionTime,101.74599396999838
TotalExecutionTime,1606.9650406369983
