InputGenerationTime,0.07230846700258553
ProfilingTime,27.018232452042866
SimulationTime,232.79384408902843
FramaCExecutionTime,106.69600580900442
TotalExecutionTime,19506.694279139978
