InputGenerationTime,0.08441820700682001
ProfilingTime,22.96918213400204
SimulationTime,18.929378856002586
FramaCExecutionTime,98.15719956099929
TotalExecutionTime,1912.7021959990016
