InputGenerationTime,0.2754530660167802
ProfilingTime,32.82307847001357
SimulationTime,19.780013484007213
FramaCExecutionTime,142.3172453920124
TotalExecutionTime,5004.214062355022
