InputGenerationTime,0.11488254508003592
ProfilingTime,41.73510518891271
SimulationTime,32.64206014701631
FramaCExecutionTime,134.28010943497065
TotalExecutionTime,2925.914607529994
