InputGenerationTime,0.18929134996142238
ProfilingTime,20.854853752010968
SimulationTime,210.08432996395277
FramaCExecutionTime,116.21079802402528
TotalExecutionTime,16611.723310730013
