InputGenerationTime,0.23208729503676295
ProfilingTime,23.483127906976733
SimulationTime,86.85630002903054
FramaCExecutionTime,100.15079668501858
TotalExecutionTime,1356.0038626540336
