InputGenerationTime,0.2937192200042773
ProfilingTime,36.03906616999302
SimulationTime,17.213013221975416
FramaCExecutionTime,131.4051270929922
TotalExecutionTime,3835.687602324004
