InputGenerationTime,0.18418349499552278
ProfilingTime,50.78422628399858
SimulationTime,273.9593744140002
FramaCExecutionTime,134.15536504299962
TotalExecutionTime,9075.613294953
