InputGenerationTime,0.23825610300991684
ProfilingTime,25.017070422996767
SimulationTime,246.24097249098122
FramaCExecutionTime,125.86535251897294
TotalExecutionTime,22470.657732088992
