InputGenerationTime,0.08069608799996786
ProfilingTime,26.849686956993537
SimulationTime,14.542138320000959
FramaCExecutionTime,106.32470165600535
TotalExecutionTime,4248.100856885008
