InputGenerationTime,0.22495511300076032
ProfilingTime,24.324549119999574
SimulationTime,231.8138626359978
FramaCExecutionTime,129.21610248100114
TotalExecutionTime,12463.355702989
