InputGenerationTime,0.05989754600159358
ProfilingTime,22.132622771998285
SimulationTime,18.001611993007828
FramaCExecutionTime,101.61069593699358
TotalExecutionTime,3103.391872755994
