InputGenerationTime,0.20075722900219262
ProfilingTime,25.23959518200718
SimulationTime,240.64509023400024
FramaCExecutionTime,120.85969471401768
TotalExecutionTime,13688.29865776695
