InputGenerationTime,0.04561591404490173
ProfilingTime,19.028329021064565
SimulationTime,9.559591421857476
FramaCExecutionTime,88.03226714697666
TotalExecutionTime,589.0426664699335
