InputGenerationTime,0.08813246099816752
ProfilingTime,38.49082191100024
SimulationTime,21.447361604001344
FramaCExecutionTime,108.73251284900107
TotalExecutionTime,1277.2880686940007
