InputGenerationTime,0.1322396129999106
ProfilingTime,12.292411718999574
SimulationTime,7.648597921999681
FramaCExecutionTime,55.91579891600031
TotalExecutionTime,387.1678184880002
