InputGenerationTime,0.11488254508003592
ProfilingTime,40.19521196000278
SimulationTime,32.36508431599941
FramaCExecutionTime,134.28010943497065
TotalExecutionTime,2654.8997436260106
