InputGenerationTime,0.06559167301747948
ProfilingTime,26.971920092008077
SimulationTime,13.325885799946263
FramaCExecutionTime,104.80555936798919
TotalExecutionTime,226.50240212102653
