InputGenerationTime,0.0724836889994549
ProfilingTime,21.037323736999497
SimulationTime,214.4466860599996
FramaCExecutionTime,96.025370673
TotalExecutionTime,2460.8031527130006
