InputGenerationTime,0.1036995750037022
ProfilingTime,59.3330053499958
SimulationTime,38.82051376500749
FramaCExecutionTime,128.76921959100582
TotalExecutionTime,8094.731418127005
