InputGenerationTime,0.07135240799834719
ProfilingTime,25.661181896000926
SimulationTime,10.599349986005109
FramaCExecutionTime,96.4827041699973
TotalExecutionTime,975.1107555130002
