InputGenerationTime,0.07863106299191713
ProfilingTime,26.505939149996266
SimulationTime,12.664989852986764
FramaCExecutionTime,106.38991733599687
TotalExecutionTime,4470.194524944993
