InputGenerationTime,0.18418349499552278
ProfilingTime,41.76294995100034
SimulationTime,259.4063212830006
FramaCExecutionTime,134.15536504299962
TotalExecutionTime,7207.397892036002
