InputGenerationTime,0.5491699959966354
ProfilingTime,26.102995462017134
SimulationTime,15.596822206978686
FramaCExecutionTime,132.03446686899406
TotalExecutionTime,823.8633077889972
