InputGenerationTime,0.08069608799996786
ProfilingTime,31.373039664002135
SimulationTime,18.475824427005136
FramaCExecutionTime,106.32470165600535
TotalExecutionTime,4693.17323179901
