InputGenerationTime,0.06782107497565448
ProfilingTime,18.948353460989892
SimulationTime,17.631080250022933
FramaCExecutionTime,91.11508935387246
TotalExecutionTime,1893.9028524330352
