InputGenerationTime,0.46168155898340046
ProfilingTime,22.70773875596933
SimulationTime,20.56772698799614
FramaCExecutionTime,128.98384912509937
TotalExecutionTime,1779.422665706952
