InputGenerationTime,0.04915673100913409
ProfilingTime,38.68074318800063
SimulationTime,19.03714151699387
FramaCExecutionTime,104.74350526298804
TotalExecutionTime,964.142608463997
