InputGenerationTime,0.07834984001237899
ProfilingTime,28.971517672005575
SimulationTime,17.74033713201061
FramaCExecutionTime,108.21301396400668
TotalExecutionTime,1106.864211136999
