InputGenerationTime,0.13503388699973584
ProfilingTime,34.37683066699901
SimulationTime,111.0763840030013
FramaCExecutionTime,114.96788224999909
TotalExecutionTime,11088.948340006998
