InputGenerationTime,0.05246901400096249
ProfilingTime,27.22723510299693
SimulationTime,13.967367260003812
FramaCExecutionTime,99.9211063440016
TotalExecutionTime,3902.4315080929955
