InputGenerationTime,0.22719534100178862
ProfilingTime,54.309841001995665
SimulationTime,257.2801135839982
FramaCExecutionTime,129.50138765100564
TotalExecutionTime,5589.562895338
