InputGenerationTime,0.294005884003127
ProfilingTime,26.29428540499066
SimulationTime,12.738518477010075
FramaCExecutionTime,120.10160090000136
TotalExecutionTime,1274.6806047550053
