InputGenerationTime,0.2171286300290376
ProfilingTime,22.503706604009494
SimulationTime,211.25534589099698
FramaCExecutionTime,112.72816676006187
TotalExecutionTime,9651.946495698066
