InputGenerationTime,0.04219626891426742
ProfilingTime,18.68429237208329
SimulationTime,18.574084640014917
FramaCExecutionTime,89.77886800491251
TotalExecutionTime,1092.3211196358316
