InputGenerationTime,0.5458302329934668
ProfilingTime,28.1379673340125
SimulationTime,14.153776510996977
FramaCExecutionTime,135.8646732600173
TotalExecutionTime,3066.252889538009
