InputGenerationTime,0.05550380299973767
ProfilingTime,35.301647126005264
SimulationTime,20.00327412900515
FramaCExecutionTime,105.84851150700706
TotalExecutionTime,3497.8375034690107
