InputGenerationTime,0.11135036498308182
ProfilingTime,22.711880424059927
SimulationTime,18.387371413991787
FramaCExecutionTime,94.48343334102537
TotalExecutionTime,1534.251386782038
