InputGenerationTime,0.18785828900581691
ProfilingTime,44.002026955000474
SimulationTime,22.83626459199877
FramaCExecutionTime,130.39241952699376
TotalExecutionTime,397.4494680409989
