InputGenerationTime,0.08297437703004107
ProfilingTime,20.59616176201962
SimulationTime,26.888040377001744
FramaCExecutionTime,103.6552166279871
TotalExecutionTime,3679.572812567989
