InputGenerationTime,0.09734716100501828
ProfilingTime,35.767493412000476
SimulationTime,24.79219858298893
FramaCExecutionTime,106.48393925699929
TotalExecutionTime,5303.813960572996
