InputGenerationTime,0.04219626891426742
ProfilingTime,18.59501658193767
SimulationTime,18.49396506184712
FramaCExecutionTime,89.77886800491251
TotalExecutionTime,1204.3145778118633
