InputGenerationTime,0.21722360595595092
ProfilingTime,33.595347365015186
SimulationTime,239.18738715793006
FramaCExecutionTime,123.38338132703211
TotalExecutionTime,8629.586152773933
