InputGenerationTime,0.2563665369998489
ProfilingTime,24.67984143600188
SimulationTime,230.32672503399954
FramaCExecutionTime,119.80670238400126
TotalExecutionTime,11306.744787054002
