InputGenerationTime,0.06933283800026402
ProfilingTime,27.79644724202808
SimulationTime,18.572818726010155
FramaCExecutionTime,104.76876791298855
TotalExecutionTime,3359.1741965699475
