InputGenerationTime,0.19099381403066218
ProfilingTime,40.18356880405918
SimulationTime,219.7540249810554
FramaCExecutionTime,148.47174196795095
TotalExecutionTime,5526.411942763021
