InputGenerationTime,0.08321001699914632
ProfilingTime,37.67884083100034
SimulationTime,111.28768224299893
FramaCExecutionTime,108.04663024299953
TotalExecutionTime,4424.7747607
