InputGenerationTime,0.08908225699997274
ProfilingTime,10.435184846000084
SimulationTime,7.0695681339993826
FramaCExecutionTime,48.71309677099998
TotalExecutionTime,591.6382742679998
