InputGenerationTime,0.3914520660182461
ProfilingTime,20.11489902297035
SimulationTime,8.839986618957482
FramaCExecutionTime,134.18783874309156
TotalExecutionTime,1079.9467423680471
