InputGenerationTime,0.08706269499816699
ProfilingTime,34.27198766700167
SimulationTime,21.852865008000663
FramaCExecutionTime,108.95056382500115
TotalExecutionTime,4527.775222126002
