InputGenerationTime,0.2734934970503673
ProfilingTime,25.14663369092159
SimulationTime,18.51155762700364
FramaCExecutionTime,118.28702378703747
TotalExecutionTime,1820.257109328988
