InputGenerationTime,0.03560964995995164
ProfilingTime,19.45566516497638
SimulationTime,32.6393348230049
FramaCExecutionTime,89.09152986505069
TotalExecutionTime,2021.0459452950163
