InputGenerationTime,0.2328068589558825
ProfilingTime,39.22509934799746
SimulationTime,17.605204425984994
FramaCExecutionTime,120.70834039303008
TotalExecutionTime,407.66348406893667
