InputGenerationTime,0.04804642405360937
ProfilingTime,21.502486581914127
SimulationTime,11.450422371039167
FramaCExecutionTime,90.74596772296354
TotalExecutionTime,1082.8285620829556
