InputGenerationTime,0.22719534100178862
ProfilingTime,42.04489881399786
SimulationTime,244.16483216999768
FramaCExecutionTime,129.50138765100564
TotalExecutionTime,699.2171310120029
