InputGenerationTime,0.46168155898340046
ProfilingTime,25.358141815988347
SimulationTime,19.29697348200716
FramaCExecutionTime,128.98384912509937
TotalExecutionTime,1410.2921658509877
