InputGenerationTime,0.22577400295995176
ProfilingTime,19.951756045920774
SimulationTime,40.96422076493036
FramaCExecutionTime,109.5923128289869
TotalExecutionTime,1661.0924271490658
