InputGenerationTime,0.08780007797759026
ProfilingTime,27.7358207150246
SimulationTime,12.182474308006931
FramaCExecutionTime,107.58787493401906
TotalExecutionTime,3386.7537077440065
