InputGenerationTime,0.06134430388920009
ProfilingTime,28.828255641041324
SimulationTime,19.363748102914542
FramaCExecutionTime,95.81497655203566
TotalExecutionTime,1706.4103972099256
