InputGenerationTime,0.20075722900219262
ProfilingTime,29.161222252005246
SimulationTime,243.6119534530444
FramaCExecutionTime,120.85969471401768
TotalExecutionTime,16921.33389441599
