InputGenerationTime,0.33293280099951517
ProfilingTime,28.804848787999617
SimulationTime,20.10507250699993
FramaCExecutionTime,130.06025948600018
TotalExecutionTime,4488.283611146
