InputGenerationTime,0.2563665369998489
ProfilingTime,26.427158946000418
SimulationTime,237.21524664699973
FramaCExecutionTime,119.80670238400126
TotalExecutionTime,11570.470246265002
