InputGenerationTime,0.11135036498308182
ProfilingTime,19.14708754105959
SimulationTime,16.68127777101472
FramaCExecutionTime,94.48343334102537
TotalExecutionTime,1141.0244836390484
