InputGenerationTime,0.07747332500002813
ProfilingTime,36.670756025996525
SimulationTime,24.230968856005347
FramaCExecutionTime,107.59819377001259
TotalExecutionTime,1025.8099904310075
