InputGenerationTime,0.2941565380024258
ProfilingTime,28.96960928098997
SimulationTime,18.481247901014285
FramaCExecutionTime,119.22128029901069
TotalExecutionTime,3553.914513073978
