InputGenerationTime,0.06673876900458708
ProfilingTime,28.379681067017373
SimulationTime,15.56301776797045
FramaCExecutionTime,105.7249488600064
TotalExecutionTime,2096.93549419404
