InputGenerationTime,0.2563665369998489
ProfilingTime,27.454673811000248
SimulationTime,232.80364509500032
FramaCExecutionTime,119.80670238400126
TotalExecutionTime,8107.948778732
