InputGenerationTime,0.3203130920010153
ProfilingTime,32.075160481996136
SimulationTime,21.92533762898529
FramaCExecutionTime,125.05516551900655
TotalExecutionTime,349.1807795460045
