InputGenerationTime,0.22147605799546
ProfilingTime,52.71463013000175
SimulationTime,38.17537319200346
FramaCExecutionTime,139.0204824370012
TotalExecutionTime,5360.1100814449965
