InputGenerationTime,0.01746885300053691
ProfilingTime,9.635436115999255
SimulationTime,5.782079853999676
FramaCExecutionTime,39.659135420000894
TotalExecutionTime,778.1559547239995
