InputGenerationTime,0.5458302329934668
ProfilingTime,33.65023097101948
SimulationTime,20.245718958001817
FramaCExecutionTime,135.8646732600173
TotalExecutionTime,3320.2917804540193
