InputGenerationTime,0.19782912300433964
ProfilingTime,46.449245220050216
SimulationTime,26.88768752804026
FramaCExecutionTime,120.83434996008873
TotalExecutionTime,2538.414706575917
