InputGenerationTime,0.24341501500020968
ProfilingTime,27.895243170001777
SimulationTime,110.46690995999961
FramaCExecutionTime,95.7353067160002
TotalExecutionTime,7200.939103144003
