InputGenerationTime,0.24459180305711925
ProfilingTime,18.775100903003477
SimulationTime,8.301573486998677
FramaCExecutionTime,116.45146760297939
TotalExecutionTime,1218.659837053041
