InputGenerationTime,0.2333431259903591
ProfilingTime,33.66784396901494
SimulationTime,22.45891529400251
FramaCExecutionTime,126.27864418100216
TotalExecutionTime,2660.5624505720043
