InputGenerationTime,0.08587797201471403
ProfilingTime,31.81931357400026
SimulationTime,79.70864507800434
FramaCExecutionTime,105.58347059699008
TotalExecutionTime,29311.928253532038
