InputGenerationTime,0.1036995750037022
ProfilingTime,50.89044465099869
SimulationTime,37.71421673501027
FramaCExecutionTime,128.76921959100582
TotalExecutionTime,7485.813712039002
