InputGenerationTime,0.24733186499997828
ProfilingTime,27.77726269300001
SimulationTime,20.247568529999626
FramaCExecutionTime,124.64607925199971
TotalExecutionTime,2877.3440129640003
