InputGenerationTime,0.2698664650088176
ProfilingTime,40.691210307064466
SimulationTime,16.174338995013386
FramaCExecutionTime,179.84466144593898
TotalExecutionTime,1031.3411922539817
