InputGenerationTime,0.04619556199759245
ProfilingTime,27.387766013038345
SimulationTime,232.43493866396602
FramaCExecutionTime,102.9426576619735
TotalExecutionTime,11470.62940642098
