InputGenerationTime,0.08053681813180447
ProfilingTime,32.89593367208727
SimulationTime,320.3077386750374
FramaCExecutionTime,106.81704033003189
TotalExecutionTime,28345.003352372092
