InputGenerationTime,0.07834984001237899
ProfilingTime,27.417380057973787
SimulationTime,17.582782473997213
FramaCExecutionTime,108.21301396400668
TotalExecutionTime,606.6572727170424
