InputGenerationTime,0.24459180305711925
ProfilingTime,20.243407189962454
SimulationTime,9.060530981980264
FramaCExecutionTime,116.45146760297939
TotalExecutionTime,1248.0534708420746
