InputGenerationTime,0.07863106299191713
ProfilingTime,28.206917928997427
SimulationTime,15.740591218986083
FramaCExecutionTime,106.38991733599687
TotalExecutionTime,4069.5117007010267
