InputGenerationTime,0.04533246399660129
ProfilingTime,32.51693553000223
SimulationTime,229.38222728700202
FramaCExecutionTime,102.04172662799829
TotalExecutionTime,15672.302365184005
