InputGenerationTime,0.26684155499970075
ProfilingTime,27.893385397997918
SimulationTime,109.30930098099634
FramaCExecutionTime,94.79318434699962
TotalExecutionTime,1557.8880001150028
