InputGenerationTime,0.21989744500024244
ProfilingTime,25.127134406997357
SimulationTime,215.393876732036
FramaCExecutionTime,110.1814316730015
TotalExecutionTime,2455.1319948380115
