InputGenerationTime,0.2893862620694563
ProfilingTime,25.300968962023035
SimulationTime,12.645522904000245
FramaCExecutionTime,117.19879986299202
TotalExecutionTime,1466.5871636969969
