InputGenerationTime,0.05124002699449193
ProfilingTime,30.123759617999895
SimulationTime,39.613806338995346
FramaCExecutionTime,104.36231635800505
TotalExecutionTime,4319.939194163002
