InputGenerationTime,0.07135240799834719
ProfilingTime,25.202048576997186
SimulationTime,12.061500037998485
FramaCExecutionTime,96.4827041699973
TotalExecutionTime,203.88843745700433
