InputGenerationTime,0.27328697097254917
ProfilingTime,24.822203093965072
SimulationTime,12.87321614602115
FramaCExecutionTime,120.04880065802718
TotalExecutionTime,3794.8038231579703
