InputGenerationTime,0.19099381403066218
ProfilingTime,35.4005177100189
SimulationTime,223.31091902998742
FramaCExecutionTime,148.47174196795095
TotalExecutionTime,3428.2106185089797
