InputGenerationTime,0.07644303201232105
ProfilingTime,27.72178819400142
SimulationTime,18.28377141499368
FramaCExecutionTime,99.76022365198878
TotalExecutionTime,389.3870455180004
