InputGenerationTime,0.0724836889994549
ProfilingTime,20.524625557000036
SimulationTime,213.23681734400088
FramaCExecutionTime,96.025370673
TotalExecutionTime,5334.712250202
