InputGenerationTime,0.22577400295995176
ProfilingTime,19.070204979972914
SimulationTime,42.09180949209258
FramaCExecutionTime,109.5923128289869
TotalExecutionTime,2598.4869997650385
