InputGenerationTime,0.0626839460019255
ProfilingTime,33.97272166699986
SimulationTime,20.938141266000457
FramaCExecutionTime,104.38985318000778
TotalExecutionTime,4846.929153513993
