InputGenerationTime,0.08263851499941666
ProfilingTime,22.853823005003505
SimulationTime,16.228962774999673
FramaCExecutionTime,98.82215799900587
TotalExecutionTime,2034.8545190930017
