InputGenerationTime,0.05632666900055483
ProfilingTime,38.49611774200457
SimulationTime,20.333193473998108
FramaCExecutionTime,103.49272005399689
TotalExecutionTime,2250.1204117160087
