InputGenerationTime,0.06825365099984992
ProfilingTime,23.34753465599988
SimulationTime,15.781854219999786
FramaCExecutionTime,96.30293493099998
TotalExecutionTime,1858.7551192950002
