InputGenerationTime,0.1776239509927109
ProfilingTime,38.623084981925786
SimulationTime,23.14646919001825
FramaCExecutionTime,144.69820828095544
TotalExecutionTime,673.3955024830066
