InputGenerationTime,0.09517260299617192
ProfilingTime,28.33508790999622
SimulationTime,19.289411999998265
FramaCExecutionTime,103.24005353699613
TotalExecutionTime,196.8398767280014
