InputGenerationTime,0.12341600493527949
ProfilingTime,48.090566136990674
SimulationTime,57.062761966953985
FramaCExecutionTime,109.50403061194811
TotalExecutionTime,1407.5213370390702
