InputGenerationTime,0.20018389399956504
ProfilingTime,35.21798452800067
SimulationTime,22.942575041000055
FramaCExecutionTime,114.37678537700049
TotalExecutionTime,5490.998328548
