InputGenerationTime,0.229954885027837
ProfilingTime,21.700345825986005
SimulationTime,15.550067814998329
FramaCExecutionTime,111.18525936000515
TotalExecutionTime,299.2920793929952
