InputGenerationTime,0.26157120897551067
ProfilingTime,30.654555585002527
SimulationTime,17.154563078976935
FramaCExecutionTime,121.93693389900727
TotalExecutionTime,1452.2481958360004
