InputGenerationTime,0.30700588898616843
ProfilingTime,30.21886392199667
SimulationTime,24.094019920012215
FramaCExecutionTime,126.14888849700219
TotalExecutionTime,4380.5777611079975
