InputGenerationTime,0.0791702719998284
ProfilingTime,10.677805303999776
SimulationTime,6.654296577000423
FramaCExecutionTime,50.45893695700033
TotalExecutionTime,647.2325710869991
