InputGenerationTime,0.04487435601186007
ProfilingTime,19.73512849304825
SimulationTime,8.391559569980018
FramaCExecutionTime,89.0224654530175
TotalExecutionTime,1157.496612929972
