InputGenerationTime,0.2450625509954989
ProfilingTime,25.240101715025958
SimulationTime,18.58796410402283
FramaCExecutionTime,119.58020104799652
TotalExecutionTime,1384.1573007479892
