InputGenerationTime,0.30299885899876244
ProfilingTime,25.240538184007164
SimulationTime,15.990404623997165
FramaCExecutionTime,115.40188249299536
TotalExecutionTime,156.94160344699048
