InputGenerationTime,0.2951946859830059
ProfilingTime,26.456385497003794
SimulationTime,63.56449690100271
FramaCExecutionTime,126.49901207099902
TotalExecutionTime,11943.167096989986
