InputGenerationTime,0.2978791029963759
ProfilingTime,30.68545733099745
SimulationTime,24.39392575599777
FramaCExecutionTime,94.0850575910008
TotalExecutionTime,1036.8861526099936
