InputGenerationTime,0.03560964995995164
ProfilingTime,19.221453154925257
SimulationTime,32.82770621194504
FramaCExecutionTime,89.09152986505069
TotalExecutionTime,2127.796548009035
