InputGenerationTime,0.26684155499970075
ProfilingTime,27.353240468997683
SimulationTime,106.6755800730025
FramaCExecutionTime,94.79318434699962
TotalExecutionTime,1420.6407545730035
