InputGenerationTime,0.20043562108185142
ProfilingTime,22.46889758994803
SimulationTime,26.61603286897298
FramaCExecutionTime,106.11862533399835
TotalExecutionTime,155.42284310504328
