InputGenerationTime,0.294005884003127
ProfilingTime,28.830122838000534
SimulationTime,16.325058379006805
FramaCExecutionTime,120.10160090000136
TotalExecutionTime,500.2314806720242
