InputGenerationTime,0.22197016500285827
ProfilingTime,29.257386933997623
SimulationTime,23.74440469799447
FramaCExecutionTime,102.733615930003
TotalExecutionTime,4202.429810850008
