InputGenerationTime,0.2754530660167802
ProfilingTime,33.41027574299369
SimulationTime,20.719876016984927
FramaCExecutionTime,142.3172453920124
TotalExecutionTime,4583.561120808008
