InputGenerationTime,0.04487435601186007
ProfilingTime,19.181753677898087
SimulationTime,8.653069406049326
FramaCExecutionTime,89.0224654530175
TotalExecutionTime,1044.2348214020021
