InputGenerationTime,0.08321001699914632
ProfilingTime,40.04933386999983
SimulationTime,112.07683406899923
FramaCExecutionTime,108.04663024299953
TotalExecutionTime,6709.642253504999
