InputGenerationTime,0.07854590803617612
ProfilingTime,24.974874030973297
SimulationTime,17.956317948992364
FramaCExecutionTime,107.89253767899936
TotalExecutionTime,4569.995659701992
