InputGenerationTime,0.1260524740209803
ProfilingTime,24.167577646963764
SimulationTime,46.74862344498979
FramaCExecutionTime,94.21775655599777
TotalExecutionTime,7000.46553479298
