InputGenerationTime,0.3468931099996553
ProfilingTime,23.7246771680002
SimulationTime,16.158151682000607
FramaCExecutionTime,97.67858885599708
TotalExecutionTime,3522.262657745996
