InputGenerationTime,0.13503388699973584
ProfilingTime,33.5615143899995
SimulationTime,105.45557973299947
FramaCExecutionTime,114.96788224999909
TotalExecutionTime,10663.452194197998
