InputGenerationTime,0.3203130920010153
ProfilingTime,32.72916128800716
SimulationTime,22.340605597011745
FramaCExecutionTime,125.05516551900655
TotalExecutionTime,1137.2221697149798
