InputGenerationTime,0.0791702719998284
ProfilingTime,10.375732005000827
SimulationTime,6.8152085460005765
FramaCExecutionTime,50.45893695700033
TotalExecutionTime,561.5749462999993
