InputGenerationTime,0.04533246399660129
ProfilingTime,36.91413663700223
SimulationTime,234.109307694991
FramaCExecutionTime,102.04172662799829
TotalExecutionTime,13789.581224552006
