InputGenerationTime,0.05552351800724864
ProfilingTime,29.862829011995927
SimulationTime,224.19124412100064
FramaCExecutionTime,105.23009136799374
TotalExecutionTime,22840.073028682003
