InputGenerationTime,0.08780276495963335
ProfilingTime,18.751836968003772
SimulationTime,115.01655965205282
FramaCExecutionTime,97.10535426600836
TotalExecutionTime,359.3607448210241
