InputGenerationTime,0.08263851499941666
ProfilingTime,24.408540243995958
SimulationTime,17.3871978840034
FramaCExecutionTime,98.82215799900587
TotalExecutionTime,1995.6493885669915
