InputGenerationTime,0.12488321099954192
ProfilingTime,26.398586185001477
SimulationTime,19.544396899000276
FramaCExecutionTime,88.36304531300266
TotalExecutionTime,3344.1565569550003
