InputGenerationTime,0.3231512999627739
ProfilingTime,24.43691159808077
SimulationTime,213.77062087995
FramaCExecutionTime,122.18468638905324
TotalExecutionTime,8042.000004680012
