InputGenerationTime,0.1322396129999106
ProfilingTime,12.508829761000015
SimulationTime,7.386816271000498
FramaCExecutionTime,55.91579891600031
TotalExecutionTime,162.74091019300067
