InputGenerationTime,0.5458302329934668
ProfilingTime,32.405644193000626
SimulationTime,20.889775393006857
FramaCExecutionTime,135.8646732600173
TotalExecutionTime,3023.563041749003
