InputGenerationTime,0.18901437100430485
ProfilingTime,36.341234656996676
SimulationTime,23.348508899005537
FramaCExecutionTime,120.16616172400245
TotalExecutionTime,3610.8362398470017
