InputGenerationTime,0.17436641099993722
ProfilingTime,40.8794351230008
SimulationTime,116.32469893900088
FramaCExecutionTime,111.46580506899954
TotalExecutionTime,2653.141873306
