InputGenerationTime,0.11123362099897349
ProfilingTime,36.28047023899853
SimulationTime,20.746958866999194
FramaCExecutionTime,111.88471470699733
TotalExecutionTime,2186.3047690999992
