InputGenerationTime,0.30299885899876244
ProfilingTime,28.000127186998725
SimulationTime,15.447578249004437
FramaCExecutionTime,115.40188249299536
TotalExecutionTime,686.9660674229963
