InputGenerationTime,0.13892562800174346
ProfilingTime,35.79710491500009
SimulationTime,25.427587964997656
FramaCExecutionTime,111.13148282000111
TotalExecutionTime,294.2377762719989
