InputGenerationTime,0.04619556199759245
ProfilingTime,25.657007900008466
SimulationTime,233.10308652400272
FramaCExecutionTime,102.9426576619735
TotalExecutionTime,6734.986377308029
