InputGenerationTime,0.22147605799546
ProfilingTime,45.59439136400033
SimulationTime,32.81443304199638
FramaCExecutionTime,139.0204824370012
TotalExecutionTime,5017.612127469998
