InputGenerationTime,0.21989744500024244
ProfilingTime,21.538920300954487
SimulationTime,210.4792398950085
FramaCExecutionTime,110.1814316730015
TotalExecutionTime,1977.1218116760137
