InputGenerationTime,0.06828528999994887
ProfilingTime,22.66263925400017
SimulationTime,14.78881469099997
FramaCExecutionTime,95.84660604099963
TotalExecutionTime,2966.9456084560006
