InputGenerationTime,0.18249052000464872
ProfilingTime,24.47073676798027
SimulationTime,34.62464923999505
FramaCExecutionTime,95.15639482502593
TotalExecutionTime,5609.765165805991
