InputGenerationTime,0.2035223109414801
ProfilingTime,19.71040014794562
SimulationTime,655.4592372099869
FramaCExecutionTime,108.50297766900621
TotalExecutionTime,26419.28682806203
