InputGenerationTime,0.08587797201471403
ProfilingTime,32.54967879195465
SimulationTime,59.083618097996805
FramaCExecutionTime,105.58347059699008
TotalExecutionTime,28340.861070765008
