InputGenerationTime,0.131118303979747
ProfilingTime,32.77457154286094
SimulationTime,914.5426141819917
FramaCExecutionTime,108.81593526701909
TotalExecutionTime,14433.222156582982
