InputGenerationTime,0.2941565380024258
ProfilingTime,29.60791153801256
SimulationTime,19.824108494998654
FramaCExecutionTime,119.22128029901069
TotalExecutionTime,3009.7562887109816
