InputGenerationTime,0.5459449000190943
ProfilingTime,27.104938859993126
SimulationTime,15.73129820197937
FramaCExecutionTime,142.59089715700247
TotalExecutionTime,3451.5697951460024
