InputGenerationTime,0.15557446299999356
ProfilingTime,35.37221244900047
SimulationTime,21.969169666000198
FramaCExecutionTime,114.42043770899954
TotalExecutionTime,3477.14669345
