InputGenerationTime,0.05974107002839446
ProfilingTime,27.459235506830737
SimulationTime,11.387004252988845
FramaCExecutionTime,94.46663717599586
TotalExecutionTime,292.8129962270614
