InputGenerationTime,0.17561334901256487
ProfilingTime,28.383323451998876
SimulationTime,40.60007487400435
FramaCExecutionTime,126.73664757199003
TotalExecutionTime,9191.83595450598
