InputGenerationTime,0.03625350189395249
ProfilingTime,28.54759100591764
SimulationTime,43.90073462110013
FramaCExecutionTime,93.29361514700577
TotalExecutionTime,2401.636733117979
