InputGenerationTime,0.17561334901256487
ProfilingTime,27.92688007900142
SimulationTime,88.7137386329996
FramaCExecutionTime,126.73664757199003
TotalExecutionTime,9122.770371464983
