InputGenerationTime,0.3234236310236156
ProfilingTime,25.792245979013387
SimulationTime,241.53251140698558
FramaCExecutionTime,118.84747565101134
TotalExecutionTime,5579.363385462959
