InputGenerationTime,0.07310996500018518
ProfilingTime,41.651140164991375
SimulationTime,18.499494477000553
FramaCExecutionTime,106.17393734199868
TotalExecutionTime,2192.9762232889916
