InputGenerationTime,0.0566682789940387
ProfilingTime,24.775866253999993
SimulationTime,10.612048971001059
FramaCExecutionTime,99.10822514499887
TotalExecutionTime,2957.1877093790026
