InputGenerationTime,0.22719534100178862
ProfilingTime,55.35733651299961
SimulationTime,13.251981016001082
FramaCExecutionTime,129.50138765100564
TotalExecutionTime,5277.862061840002
