InputGenerationTime,0.07480276003479958
ProfilingTime,19.179562456905842
SimulationTime,19.805777753004804
FramaCExecutionTime,92.13790134200826
TotalExecutionTime,563.1229734960943
