InputGenerationTime,0.2333431259903591
ProfilingTime,37.04153041000245
SimulationTime,20.929440775013063
FramaCExecutionTime,126.27864418100216
TotalExecutionTime,2772.773312503996
