InputGenerationTime,0.07626064800024324
ProfilingTime,16.68391703599991
SimulationTime,10.149826772999404
FramaCExecutionTime,59.88686160399993
TotalExecutionTime,351.3225308740002
