InputGenerationTime,0.01746885300053691
ProfilingTime,9.689478681000764
SimulationTime,5.5849611240009835
FramaCExecutionTime,39.659135420000894
TotalExecutionTime,577.7005688829995
