InputGenerationTime,0.5249734570097644
ProfilingTime,28.45661288499832
SimulationTime,26.1800227619824
FramaCExecutionTime,148.15377748798346
TotalExecutionTime,5101.798474632
