InputGenerationTime,0.2941565380024258
ProfilingTime,28.66848908099928
SimulationTime,17.99362274899613
FramaCExecutionTime,119.22128029901069
TotalExecutionTime,3205.478402329987
