InputGenerationTime,0.1322396129999106
ProfilingTime,10.91045529100029
SimulationTime,7.66965990799963
FramaCExecutionTime,55.91579891600031
TotalExecutionTime,489.60642456000005
