InputGenerationTime,0.13775036500010174
ProfilingTime,25.11716720300319
SimulationTime,109.33493358399573
FramaCExecutionTime,94.25399721999565
TotalExecutionTime,5192.370484771003
