InputGenerationTime,0.5459449000190943
ProfilingTime,31.445991857995978
SimulationTime,22.752219823974883
FramaCExecutionTime,142.59089715700247
TotalExecutionTime,3613.14126176
