InputGenerationTime,0.08780007797759026
ProfilingTime,26.54267658799654
SimulationTime,15.572260750981513
FramaCExecutionTime,107.58787493401906
TotalExecutionTime,2813.0865123780095
