InputGenerationTime,0.18538614409044385
ProfilingTime,25.212421650998294
SimulationTime,212.64712064398918
FramaCExecutionTime,110.43824010202661
TotalExecutionTime,2699.856986865052
