InputGenerationTime,0.2734934970503673
ProfilingTime,21.938657248974778
SimulationTime,15.397285827901214
FramaCExecutionTime,118.28702378703747
TotalExecutionTime,1986.548120332067
