InputGenerationTime,0.2978791029963759
ProfilingTime,27.128865742000926
SimulationTime,22.0672655390008
FramaCExecutionTime,94.0850575910008
TotalExecutionTime,598.3912085909978
