InputGenerationTime,0.22147605799546
ProfilingTime,41.958562293002615
SimulationTime,25.860990167995624
FramaCExecutionTime,139.0204824370012
TotalExecutionTime,4180.2591762619995
