InputGenerationTime,0.0791702719998284
ProfilingTime,10.211059150000438
SimulationTime,7.230134301000362
FramaCExecutionTime,50.45893695700033
TotalExecutionTime,807.5799960149998
