InputGenerationTime,0.05974107002839446
ProfilingTime,21.918159120017663
SimulationTime,8.797368327854201
FramaCExecutionTime,94.46663717599586
TotalExecutionTime,156.71092248009518
