InputGenerationTime,0.06617910400382243
ProfilingTime,26.93877564999275
SimulationTime,12.93084185499174
FramaCExecutionTime,105.83214284598944
TotalExecutionTime,2681.1412851249916
