InputGenerationTime,0.07135240799834719
ProfilingTime,25.937570804999268
SimulationTime,10.344037925999146
FramaCExecutionTime,96.4827041699973
TotalExecutionTime,166.31686711100338
