InputGenerationTime,0.19099381403066218
ProfilingTime,30.396419052034616
SimulationTime,212.13273051695433
FramaCExecutionTime,148.47174196795095
TotalExecutionTime,5768.999078611028
