InputGenerationTime,0.106488331919536
ProfilingTime,50.21159264910966
SimulationTime,189.35670982603915
FramaCExecutionTime,107.84012395399623
TotalExecutionTime,10463.395088675898
