InputGenerationTime,0.03413906300011149
ProfilingTime,22.47399263999978
SimulationTime,214.4723375169997
FramaCExecutionTime,92.74365047799984
TotalExecutionTime,12397.953291632002
