InputGenerationTime,0.06825365099984992
ProfilingTime,21.946837922999748
SimulationTime,15.124946061000173
FramaCExecutionTime,96.30293493099998
TotalExecutionTime,1975.1107626169999
