InputGenerationTime,0.12260364304529503
ProfilingTime,25.37587225897005
SimulationTime,23.568621776998043
FramaCExecutionTime,105.3618222590303
TotalExecutionTime,3078.98740221397
