InputGenerationTime,0.26157120897551067
ProfilingTime,30.28155931297806
SimulationTime,20.147416252002586
FramaCExecutionTime,121.93693389900727
TotalExecutionTime,2259.4022342099925
