InputGenerationTime,0.05724849900070694
ProfilingTime,24.957935884998733
SimulationTime,13.443479638997815
FramaCExecutionTime,97.37556695500098
TotalExecutionTime,775.2635579870002
