InputGenerationTime,0.2749036009190604
ProfilingTime,32.97078015806619
SimulationTime,217.90091401792597
FramaCExecutionTime,159.24751158698928
TotalExecutionTime,9441.815066540032
