InputGenerationTime,0.1973126189550385
ProfilingTime,52.989699300029315
SimulationTime,57.97581889096182
FramaCExecutionTime,110.4989025190007
TotalExecutionTime,1149.8658347649616
