InputGenerationTime,0.2537088650001351
ProfilingTime,28.8921927639999
SimulationTime,20.376712203999887
FramaCExecutionTime,127.66620908499999
TotalExecutionTime,2391.578276737
