InputGenerationTime,0.19021941302344203
ProfilingTime,25.48535253596492
SimulationTime,214.78192180296173
FramaCExecutionTime,113.54233702400234
TotalExecutionTime,6842.129581832967
