InputGenerationTime,0.1376757019897923
ProfilingTime,49.60296469199238
SimulationTime,6.384815599012654
FramaCExecutionTime,106.99266202299623
TotalExecutionTime,16220.453172553971
