InputGenerationTime,0.3914520660182461
ProfilingTime,22.29558207199443
SimulationTime,12.216482111020014
FramaCExecutionTime,134.18783874309156
TotalExecutionTime,1541.4859532649862
