InputGenerationTime,0.13310052594169974
ProfilingTime,32.544667741982266
SimulationTime,26.748582151019946
FramaCExecutionTime,137.11517138092313
TotalExecutionTime,419.920260170009
