InputGenerationTime,0.09517260299617192
ProfilingTime,27.736248722998425
SimulationTime,18.811665444001846
FramaCExecutionTime,103.24005353699613
TotalExecutionTime,493.3336616230008
