InputGenerationTime,0.2641803329997856
ProfilingTime,27.713692839999567
SimulationTime,233.02697565800008
FramaCExecutionTime,119.66695576599977
TotalExecutionTime,4873.899429164
