InputGenerationTime,0.08908225699997274
ProfilingTime,12.116873471999497
SimulationTime,9.28853585699926
FramaCExecutionTime,48.71309677099998
TotalExecutionTime,874.7569087600004
