InputGenerationTime,0.145248580025509
ProfilingTime,48.399487781047355
SimulationTime,96.0626844210201
FramaCExecutionTime,108.04990905203158
TotalExecutionTime,12167.223097800976
