InputGenerationTime,0.2250435840105638
ProfilingTime,21.52106438507326
SimulationTime,210.80828119604848
FramaCExecutionTime,112.19995585503057
TotalExecutionTime,1975.9607531119836
