InputGenerationTime,0.2749036009190604
ProfilingTime,34.52804028603714
SimulationTime,218.94051603297703
FramaCExecutionTime,159.24751158698928
TotalExecutionTime,10774.16378931806
