InputGenerationTime,0.02880856700357981
ProfilingTime,22.496619152996573
SimulationTime,13.655324018996907
FramaCExecutionTime,49.60165912899538
TotalExecutionTime,1429.169941484004
