InputGenerationTime,0.24341501500020968
ProfilingTime,24.165219037997304
SimulationTime,110.76138632500079
FramaCExecutionTime,95.7353067160002
TotalExecutionTime,8860.223886596003
