InputGenerationTime,0.1260524740209803
ProfilingTime,23.281603947049007
SimulationTime,43.148221600975376
FramaCExecutionTime,94.21775655599777
TotalExecutionTime,6337.732542361016
