InputGenerationTime,0.15126023499760777
ProfilingTime,21.998371734982356
SimulationTime,18.714035140001215
FramaCExecutionTime,114.47119204199407
TotalExecutionTime,1399.2144675779855
