InputGenerationTime,0.1727162059978582
ProfilingTime,24.698674746992765
SimulationTime,74.85420055201394
FramaCExecutionTime,121.51857166702393
TotalExecutionTime,6850.520078967995
