InputGenerationTime,0.06828528999994887
ProfilingTime,23.36981929600006
SimulationTime,15.054463083999508
FramaCExecutionTime,95.84660604099963
TotalExecutionTime,2814.970088985
