InputGenerationTime,0.26157120897551067
ProfilingTime,33.40707006098819
SimulationTime,19.01411571999779
FramaCExecutionTime,121.93693389900727
TotalExecutionTime,1648.3848465489864
