InputGenerationTime,0.1260524740209803
ProfilingTime,23.573475704994053
SimulationTime,63.110871718032286
FramaCExecutionTime,94.21775655599777
TotalExecutionTime,7268.629447489977
