InputGenerationTime,0.21752191695850343
ProfilingTime,21.031622329028323
SimulationTime,210.8040885439841
FramaCExecutionTime,113.90528678707778
TotalExecutionTime,7330.095524657983
