InputGenerationTime,0.328370483010076
ProfilingTime,33.11296487200889
SimulationTime,17.790772760024993
FramaCExecutionTime,125.33717997098574
TotalExecutionTime,1234.7358662370243
