InputGenerationTime,0.08263851499941666
ProfilingTime,27.110814986997866
SimulationTime,17.144898865997675
FramaCExecutionTime,98.82215799900587
TotalExecutionTime,1410.8189849600021
