InputGenerationTime,0.06559167301747948
ProfilingTime,29.28665937198093
SimulationTime,15.752872140030377
FramaCExecutionTime,104.80555936798919
TotalExecutionTime,1064.9272505660192
