InputGenerationTime,0.08069608799996786
ProfilingTime,36.46325100598915
SimulationTime,15.586444205997395
FramaCExecutionTime,106.32470165600535
TotalExecutionTime,4795.357461930005
