InputGenerationTime,0.17561334901256487
ProfilingTime,29.490354087000014
SimulationTime,49.81164853597875
FramaCExecutionTime,126.73664757199003
TotalExecutionTime,8102.778029945999
