InputGenerationTime,0.22495511300076032
ProfilingTime,23.609730338997906
SimulationTime,230.3965506759996
FramaCExecutionTime,129.21610248100114
TotalExecutionTime,12717.425877438
