InputGenerationTime,0.08119252510368824
ProfilingTime,48.00610866397619
SimulationTime,39.17017598601524
FramaCExecutionTime,113.96024039201438
TotalExecutionTime,3220.40469499107
