InputGenerationTime,0.2734934970503673
ProfilingTime,21.64221401803661
SimulationTime,15.322376105003059
FramaCExecutionTime,118.28702378703747
TotalExecutionTime,1211.0075522389961
