InputGenerationTime,0.3488004950049799
ProfilingTime,30.363271410984453
SimulationTime,26.552623566996772
FramaCExecutionTime,131.56218258899753
TotalExecutionTime,5141.376655906992
