InputGenerationTime,0.2087663629790768
ProfilingTime,24.268102013971657
SimulationTime,16.546113475924358
FramaCExecutionTime,115.82717773900367
TotalExecutionTime,908.3643439779989
