InputGenerationTime,0.05791807700006757
ProfilingTime,34.35187686199788
SimulationTime,16.830093225988094
FramaCExecutionTime,106.56665147199237
TotalExecutionTime,1862.9106119450007
