InputGenerationTime,0.05124002699449193
ProfilingTime,35.21852483099792
SimulationTime,8.023603412992088
FramaCExecutionTime,104.36231635800505
TotalExecutionTime,5569.743556100002
