InputGenerationTime,0.22577400295995176
ProfilingTime,19.54068340593949
SimulationTime,41.16332379798405
FramaCExecutionTime,109.5923128289869
TotalExecutionTime,1975.9725453089923
