InputGenerationTime,0.07747332500002813
ProfilingTime,28.45245408199844
SimulationTime,20.051362817001063
FramaCExecutionTime,107.59819377001259
TotalExecutionTime,515.0492643769976
