InputGenerationTime,0.08614854200277478
ProfilingTime,28.58195991499815
SimulationTime,17.171834592998493
FramaCExecutionTime,108.25941041699843
TotalExecutionTime,4026.2758061580244
