InputGenerationTime,0.2749036009190604
ProfilingTime,34.890146570047364
SimulationTime,220.6236584399594
FramaCExecutionTime,159.24751158698928
TotalExecutionTime,11277.511910284054
