InputGenerationTime,0.05547416885383427
ProfilingTime,25.514590904815122
SimulationTime,15.869892968097702
FramaCExecutionTime,95.88349860697053
TotalExecutionTime,1421.0329614900984
