InputGenerationTime,0.1907245700713247
ProfilingTime,20.841391835943796
SimulationTime,493.744521889952
FramaCExecutionTime,107.36546195601113
TotalExecutionTime,11931.376362091047
