InputGenerationTime,0.2916732019511983
ProfilingTime,26.67052506300388
SimulationTime,18.852533632947598
FramaCExecutionTime,121.73228721501073
TotalExecutionTime,3358.3610674260417
