InputGenerationTime,0.04619556199759245
ProfilingTime,27.979563924018294
SimulationTime,234.08408343797782
FramaCExecutionTime,102.9426576619735
TotalExecutionTime,9608.020395867003
