InputGenerationTime,0.07747332500002813
ProfilingTime,32.66852250100055
SimulationTime,21.861105646996293
FramaCExecutionTime,107.59819377001259
TotalExecutionTime,407.41038755100453
