InputGenerationTime,0.2328068589558825
ProfilingTime,33.095832532970235
SimulationTime,11.682293031015433
FramaCExecutionTime,120.70834039303008
TotalExecutionTime,256.43600135401357
