InputGenerationTime,0.18170733300212305
ProfilingTime,28.764480660996924
SimulationTime,19.232106417999603
FramaCExecutionTime,99.81084801500401
TotalExecutionTime,2805.7797908089997
