InputGenerationTime,0.03647145791910589
ProfilingTime,19.3319217589451
SimulationTime,211.02302073396277
FramaCExecutionTime,90.35240423900541
TotalExecutionTime,3091.3773183849407
