InputGenerationTime,0.2650788240007387
ProfilingTime,36.93280655300077
SimulationTime,110.02646425200146
FramaCExecutionTime,114.57576221599993
TotalExecutionTime,8584.79286456
