InputGenerationTime,0.08321001699914632
ProfilingTime,38.883724063000045
SimulationTime,112.29575020499942
FramaCExecutionTime,108.04663024299953
TotalExecutionTime,6263.030940211
