InputGenerationTime,0.05632666900055483
ProfilingTime,40.313326664007036
SimulationTime,19.17145806401095
FramaCExecutionTime,103.49272005399689
TotalExecutionTime,2086.20139072201
