InputGenerationTime,0.27123504306655377
ProfilingTime,33.016220633056946
SimulationTime,235.71981354500167
FramaCExecutionTime,121.80990467895754
TotalExecutionTime,923.2844179859385
