InputGenerationTime,0.3487831080565229
ProfilingTime,22.378688615048304
SimulationTime,17.479831376927905
FramaCExecutionTime,124.48829469003249
TotalExecutionTime,701.8073366329772
