InputGenerationTime,0.2581516409991309
ProfilingTime,25.428562968969345
SimulationTime,243.24358303501504
FramaCExecutionTime,121.72503140498884
TotalExecutionTime,6780.353215084004
