InputGenerationTime,0.07854590803617612
ProfilingTime,27.245087735005654
SimulationTime,19.228526976017747
FramaCExecutionTime,107.89253767899936
TotalExecutionTime,4102.045524749963
