InputGenerationTime,0.08441820700682001
ProfilingTime,23.907531000004383
SimulationTime,14.433959817004506
FramaCExecutionTime,98.15719956099929
TotalExecutionTime,1258.953644684996
