InputGenerationTime,0.30299885899876244
ProfilingTime,34.38924028602196
SimulationTime,18.31667888900847
FramaCExecutionTime,115.40188249299536
TotalExecutionTime,943.2309043699934
