InputGenerationTime,0.5249734570097644
ProfilingTime,32.04305991900037
SimulationTime,24.47065169501002
FramaCExecutionTime,148.15377748798346
TotalExecutionTime,5203.109222775005
