InputGenerationTime,0.2641803329997856
ProfilingTime,31.194960877000085
SimulationTime,236.90480756099987
FramaCExecutionTime,119.66695576599977
TotalExecutionTime,2736.052299121001
