InputGenerationTime,0.23651412897743285
ProfilingTime,24.23102264397312
SimulationTime,13.624213139992207
FramaCExecutionTime,114.27070531004574
TotalExecutionTime,359.7693942380138
