InputGenerationTime,0.02880856700357981
ProfilingTime,22.90909634399577
SimulationTime,14.39800606600329
FramaCExecutionTime,49.60165912899538
TotalExecutionTime,1217.588748950002
