InputGenerationTime,0.08780007797759026
ProfilingTime,28.250176639005076
SimulationTime,12.774450790020637
FramaCExecutionTime,107.58787493401906
TotalExecutionTime,2548.5579774100333
