InputGenerationTime,0.2328068589558825
ProfilingTime,34.418420989997685
SimulationTime,13.873960981960408
FramaCExecutionTime,120.70834039303008
TotalExecutionTime,350.7742274849443
