InputGenerationTime,0.0675285549950786
ProfilingTime,26.88033342799463
SimulationTime,17.447035680001136
FramaCExecutionTime,100.22720573899278
TotalExecutionTime,1825.094211188989
