InputGenerationTime,0.5117717100074515
ProfilingTime,22.048877014080063
SimulationTime,45.421151970978826
FramaCExecutionTime,127.56641766999383
TotalExecutionTime,1505.7532951839967
