InputGenerationTime,0.2095904320012778
ProfilingTime,23.22530220891349
SimulationTime,11.780498682055622
FramaCExecutionTime,113.9620377930114
TotalExecutionTime,1739.24014346092
