InputGenerationTime,0.26520692789927125
ProfilingTime,34.29832519206684
SimulationTime,13.407246676040813
FramaCExecutionTime,172.96581168298144
TotalExecutionTime,1739.8556952549843
