InputGenerationTime,0.06595401199956541
ProfilingTime,14.965265224999712
SimulationTime,8.759616029999961
FramaCExecutionTime,58.418587621999905
TotalExecutionTime,778.7128607640007
