InputGenerationTime,0.08053681813180447
ProfilingTime,32.77934147999622
SimulationTime,368.4002682080027
FramaCExecutionTime,106.81704033003189
TotalExecutionTime,24612.42308767198
