InputGenerationTime,0.24175441300030798
ProfilingTime,29.710977363050915
SimulationTime,16.35842467995826
FramaCExecutionTime,151.40488299599383
TotalExecutionTime,2874.82434217399
