InputGenerationTime,0.22495511300076032
ProfilingTime,28.444393367000885
SimulationTime,234.61134650599706
FramaCExecutionTime,129.21610248100114
TotalExecutionTime,16939.600158039
