InputGenerationTime,0.26684155499970075
ProfilingTime,28.356458233000012
SimulationTime,112.5481375169984
FramaCExecutionTime,94.79318434699962
TotalExecutionTime,1828.5609904500016
