InputGenerationTime,0.20075722900219262
ProfilingTime,23.95672034297604
SimulationTime,247.3454193099751
FramaCExecutionTime,120.85969471401768
TotalExecutionTime,18300.87860130699
