InputGenerationTime,0.28366624703630805
ProfilingTime,26.526048953994177
SimulationTime,57.187378596980125
FramaCExecutionTime,115.50214947399218
TotalExecutionTime,1326.7943110809429
