InputGenerationTime,0.0851615320007113
ProfilingTime,11.441717210000206
SimulationTime,8.298672023000108
FramaCExecutionTime,48.46413284600021
TotalExecutionTime,294.09357052499945
