InputGenerationTime,0.21990838996134698
ProfilingTime,20.4426805479452
SimulationTime,8.98073042591568
FramaCExecutionTime,108.54226218396798
TotalExecutionTime,476.4706759760156
