InputGenerationTime,0.21389529504813254
ProfilingTime,20.363187426002696
SimulationTime,53.1728642169619
FramaCExecutionTime,119.5768579680007
TotalExecutionTime,3936.7802065139404
