InputGenerationTime,0.28151840600185096
ProfilingTime,26.934359709965065
SimulationTime,18.4776431620121
FramaCExecutionTime,123.84468328399817
TotalExecutionTime,4643.434844620002
