InputGenerationTime,0.1216452280023077
ProfilingTime,35.247298813999805
SimulationTime,16.8479229830009
FramaCExecutionTime,109.55363374899753
TotalExecutionTime,265.9847538540016
