InputGenerationTime,0.06134430388920009
ProfilingTime,22.80255127302371
SimulationTime,11.755105912918225
FramaCExecutionTime,95.81497655203566
TotalExecutionTime,1658.1649590788875
