InputGenerationTime,0.18836116197053343
ProfilingTime,21.836058150976896
SimulationTime,18.41085780999856
FramaCExecutionTime,111.69122295401758
TotalExecutionTime,194.82097136299126
