InputGenerationTime,0.1376757019897923
ProfilingTime,52.29014325799653
SimulationTime,190.34809809498256
FramaCExecutionTime,106.99266202299623
TotalExecutionTime,15922.947627238987
