InputGenerationTime,0.11109681602101773
ProfilingTime,19.01439287397079
SimulationTime,68.12509790493641
FramaCExecutionTime,95.02735664101783
TotalExecutionTime,3808.112084165099
