InputGenerationTime,0.03941600100370124
ProfilingTime,21.419181568999193
SimulationTime,218.13720801500313
FramaCExecutionTime,95.25604605099943
TotalExecutionTime,9855.875623218999
