InputGenerationTime,0.26157120897551067
ProfilingTime,28.033093100995757
SimulationTime,21.51954658399336
FramaCExecutionTime,121.93693389900727
TotalExecutionTime,1749.4372161009815
