InputGenerationTime,0.08069608799996786
ProfilingTime,34.29429242000333
SimulationTime,24.115901626995765
FramaCExecutionTime,106.32470165600535
TotalExecutionTime,5337.237165166996
