InputGenerationTime,0.08119252510368824
ProfilingTime,32.397585770930164
SimulationTime,23.19428085302934
FramaCExecutionTime,113.96024039201438
TotalExecutionTime,2367.533750968054
