InputGenerationTime,0.2450625509954989
ProfilingTime,28.746627838991117
SimulationTime,20.332864650990814
FramaCExecutionTime,119.58020104799652
TotalExecutionTime,1896.0867924620397
