InputGenerationTime,0.0566682789940387
ProfilingTime,27.409688707004534
SimulationTime,13.194113140998525
FramaCExecutionTime,99.10822514499887
TotalExecutionTime,2640.7769891670105
