InputGenerationTime,0.2978791029963759
ProfilingTime,27.360888699004136
SimulationTime,20.4802513080067
FramaCExecutionTime,94.0850575910008
TotalExecutionTime,357.4795579979982
