InputGenerationTime,0.08053681813180447
ProfilingTime,48.266599770169705
SimulationTime,386.38283215486445
FramaCExecutionTime,106.81704033003189
TotalExecutionTime,30379.48175445816
