InputGenerationTime,0.06233766500008642
ProfilingTime,10.944914947000143
SimulationTime,6.476553918999343
FramaCExecutionTime,47.2595315919998
TotalExecutionTime,847.1183112980007
