InputGenerationTime,0.2780745880008908
ProfilingTime,40.27618351300043
SimulationTime,30.54076545299904
FramaCExecutionTime,147.1211182670013
TotalExecutionTime,6283.625723307996
