InputGenerationTime,0.0497497089963872
ProfilingTime,31.93163180000556
SimulationTime,226.5232290760032
FramaCExecutionTime,106.16062168798817
TotalExecutionTime,1384.0880249509937
