InputGenerationTime,0.28366624703630805
ProfilingTime,25.59012978093233
SimulationTime,52.56025396799669
FramaCExecutionTime,115.50214947399218
TotalExecutionTime,1566.294706096989
