InputGenerationTime,0.18929134996142238
ProfilingTime,25.112771297979634
SimulationTime,217.4122060209629
FramaCExecutionTime,116.21079802402528
TotalExecutionTime,17550.48478557798
