InputGenerationTime,0.06825365099984992
ProfilingTime,25.06621463600004
SimulationTime,17.175795224000012
FramaCExecutionTime,96.30293493099998
TotalExecutionTime,2017.456486809
