InputGenerationTime,0.05552351800724864
ProfilingTime,31.904311678998056
SimulationTime,227.55203439299657
FramaCExecutionTime,105.23009136799374
TotalExecutionTime,18504.668259537997
