InputGenerationTime,0.05547416885383427
ProfilingTime,25.484463803004473
SimulationTime,15.099241404095665
FramaCExecutionTime,95.88349860697053
TotalExecutionTime,1629.3469205549918
