InputGenerationTime,0.3343403210164979
ProfilingTime,20.80427674704697
SimulationTime,9.528553233016282
FramaCExecutionTime,124.28450092894491
TotalExecutionTime,825.5484879569849
