InputGenerationTime,0.2538465560064651
ProfilingTime,46.6616775309958
SimulationTime,273.3780240579945
FramaCExecutionTime,147.2809260690119
TotalExecutionTime,23657.563762551
