InputGenerationTime,0.08807973000511993
ProfilingTime,30.603987226000754
SimulationTime,18.450717329003965
FramaCExecutionTime,104.4215551840025
TotalExecutionTime,259.3605364910036
