InputGenerationTime,0.08888787199975923
ProfilingTime,38.367431916994974
SimulationTime,25.2874382519949
FramaCExecutionTime,102.41301443899283
TotalExecutionTime,1200.8788609189942
