InputGenerationTime,0.2565058240434155
ProfilingTime,21.31953987700399
SimulationTime,13.952166771050543
FramaCExecutionTime,113.66936873702798
TotalExecutionTime,1327.5824178030016
