InputGenerationTime,0.08441820700682001
ProfilingTime,23.729874358003144
SimulationTime,16.03549887099507
FramaCExecutionTime,98.15719956099929
TotalExecutionTime,1662.9612472500012
