InputGenerationTime,0.0801443759992253
ProfilingTime,31.024759346997598
SimulationTime,15.605817547999322
FramaCExecutionTime,100.1416515919991
TotalExecutionTime,2716.240701760995
