InputGenerationTime,0.22197016500285827
ProfilingTime,29.03186180299963
SimulationTime,21.48058645799756
FramaCExecutionTime,102.733615930003
TotalExecutionTime,4505.215721596003
