InputGenerationTime,0.13503388699973584
ProfilingTime,35.89443441600088
SimulationTime,114.336933796003
FramaCExecutionTime,114.96788224999909
TotalExecutionTime,11387.603699209001
