InputGenerationTime,0.07135240799834719
ProfilingTime,24.95571445999667
SimulationTime,11.674588906003919
FramaCExecutionTime,96.4827041699973
TotalExecutionTime,276.12340791300085
