InputGenerationTime,0.03625350189395249
ProfilingTime,22.09029154595919
SimulationTime,33.28084644814953
FramaCExecutionTime,93.29361514700577
TotalExecutionTime,1529.6390494580846
