InputGenerationTime,0.229954885027837
ProfilingTime,21.126815201016143
SimulationTime,16.711179038975388
FramaCExecutionTime,111.18525936000515
TotalExecutionTime,593.9046584629687
