InputGenerationTime,0.2698664650088176
ProfilingTime,30.198235774063505
SimulationTime,10.687600656994618
FramaCExecutionTime,179.84466144593898
TotalExecutionTime,1518.829263765947
