InputGenerationTime,0.03647145791910589
ProfilingTime,18.881810895050876
SimulationTime,210.4828431759961
FramaCExecutionTime,90.35240423900541
TotalExecutionTime,779.173549736035
