InputGenerationTime,0.2650788240007387
ProfilingTime,38.04601875799926
SimulationTime,115.43302118800057
FramaCExecutionTime,114.57576221599993
TotalExecutionTime,7825.863637621
