InputGenerationTime,0.36039209901355207
ProfilingTime,23.571755882003345
SimulationTime,213.63776884204708
FramaCExecutionTime,125.7520459779771
TotalExecutionTime,1512.5847752590198
