InputGenerationTime,0.11109681602101773
ProfilingTime,19.898911325028166
SimulationTime,43.39406165399123
FramaCExecutionTime,95.02735664101783
TotalExecutionTime,3656.688189890003
