InputGenerationTime,0.2650788240007387
ProfilingTime,32.05230037400179
SimulationTime,104.68582088999756
FramaCExecutionTime,114.57576221599993
TotalExecutionTime,10268.193534806
