InputGenerationTime,0.08637258899398148
ProfilingTime,26.684129633009434
SimulationTime,16.373990575026255
FramaCExecutionTime,104.87469518801663
TotalExecutionTime,2751.178576307022
