InputGenerationTime,0.07854590803617612
ProfilingTime,26.711812430003192
SimulationTime,19.49726950895274
FramaCExecutionTime,107.89253767899936
TotalExecutionTime,4202.685773737961
