InputGenerationTime,0.2095904320012778
ProfilingTime,23.325385289965197
SimulationTime,11.228665345930494
FramaCExecutionTime,113.9620377930114
TotalExecutionTime,1704.1736278969329
