InputGenerationTime,0.05978687900096702
ProfilingTime,12.936252643001353
SimulationTime,7.972185754000748
FramaCExecutionTime,49.88949812200008
TotalExecutionTime,872.3838185299992
