InputGenerationTime,0.3231512999627739
ProfilingTime,20.360990282031707
SimulationTime,212.41077933798078
FramaCExecutionTime,122.18468638905324
TotalExecutionTime,6128.503390337108
