InputGenerationTime,0.08807973000511993
ProfilingTime,37.55567193299066
SimulationTime,25.682791983999778
FramaCExecutionTime,104.4215551840025
TotalExecutionTime,960.6485774690082
