InputGenerationTime,0.02432121099991491
ProfilingTime,9.358533595999688
SimulationTime,5.429189705999306
FramaCExecutionTime,41.77757867699984
TotalExecutionTime,71.61525995699958
