InputGenerationTime,0.04561591404490173
ProfilingTime,18.725332657108083
SimulationTime,8.044172544963658
FramaCExecutionTime,88.03226714697666
TotalExecutionTime,141.47117947903462
