InputGenerationTime,0.04561591404490173
ProfilingTime,18.239270169986412
SimulationTime,8.356142882956192
FramaCExecutionTime,88.03226714697666
TotalExecutionTime,168.13601775607094
