InputGenerationTime,0.07480276003479958
ProfilingTime,19.97079705190845
SimulationTime,20.180288813076913
FramaCExecutionTime,92.13790134200826
TotalExecutionTime,719.7548899210524
