InputGenerationTime,0.06673876900458708
ProfilingTime,25.567958928004373
SimulationTime,12.753464610024821
FramaCExecutionTime,105.7249488600064
TotalExecutionTime,1246.9629055720288
