InputGenerationTime,0.23208729503676295
ProfilingTime,23.51390659797471
SimulationTime,135.37322644301457
FramaCExecutionTime,100.15079668501858
TotalExecutionTime,939.6927274269983
