InputGenerationTime,0.0675285549950786
ProfilingTime,27.559848514996702
SimulationTime,15.69802347899531
FramaCExecutionTime,100.22720573899278
TotalExecutionTime,2086.582116501988
