InputGenerationTime,0.20294841800205177
ProfilingTime,41.91623551899829
SimulationTime,27.91634521200467
FramaCExecutionTime,122.89071526799671
TotalExecutionTime,2814.388620752001
