InputGenerationTime,0.5249734570097644
ProfilingTime,25.239125074003823
SimulationTime,17.579353192995768
FramaCExecutionTime,148.15377748798346
TotalExecutionTime,4656.343638882012
