InputGenerationTime,0.2916732019511983
ProfilingTime,24.734770915005356
SimulationTime,19.165299188985955
FramaCExecutionTime,121.73228721501073
TotalExecutionTime,3127.1844498320133
