InputGenerationTime,0.06306902691721916
ProfilingTime,21.671460601966828
SimulationTime,12.718808426056057
FramaCExecutionTime,93.3677042729687
TotalExecutionTime,1417.324376059929
