InputGenerationTime,0.3203130920010153
ProfilingTime,32.15306727800635
SimulationTime,21.366779798991047
FramaCExecutionTime,125.05516551900655
TotalExecutionTime,402.8414123459952
