InputGenerationTime,0.2754530660167802
ProfilingTime,35.195311320974724
SimulationTime,19.53901928299456
FramaCExecutionTime,142.3172453920124
TotalExecutionTime,4528.953385563014
