InputGenerationTime,0.2893862620694563
ProfilingTime,24.62098014797084
SimulationTime,12.92162435001228
FramaCExecutionTime,117.19879986299202
TotalExecutionTime,1536.0793664540397
