InputGenerationTime,0.07644303201232105
ProfilingTime,25.26807498600101
SimulationTime,14.320749314007116
FramaCExecutionTime,99.76022365198878
TotalExecutionTime,256.67290768100065
