InputGenerationTime,0.2554458619997604
ProfilingTime,24.818991928001196
SimulationTime,234.0169338179985
FramaCExecutionTime,133.5833892849987
TotalExecutionTime,20973.901363475
