InputGenerationTime,0.06782107497565448
ProfilingTime,20.32977293082513
SimulationTime,19.821485470980406
FramaCExecutionTime,91.11508935387246
TotalExecutionTime,1660.6869349221233
