InputGenerationTime,0.2749036009190604
ProfilingTime,30.921919863088988
SimulationTime,213.17097574903164
FramaCExecutionTime,159.24751158698928
TotalExecutionTime,6909.037761582993
