InputGenerationTime,0.21722360595595092
ProfilingTime,30.764595721964724
SimulationTime,264.96582231100183
FramaCExecutionTime,123.38338132703211
TotalExecutionTime,12654.22675199795
