InputGenerationTime,0.19782912300433964
ProfilingTime,47.882654214976355
SimulationTime,23.839094588998705
FramaCExecutionTime,120.83434996008873
TotalExecutionTime,2392.647599204909
