InputGenerationTime,0.06134430388920009
ProfilingTime,25.90227139298804
SimulationTime,17.181429281132296
FramaCExecutionTime,95.81497655203566
TotalExecutionTime,1375.2656940210145
