InputGenerationTime,0.11135036498308182
ProfilingTime,19.5277730129892
SimulationTime,18.00013273395598
FramaCExecutionTime,94.48343334102537
TotalExecutionTime,1408.1144743530313
