InputGenerationTime,0.08297437703004107
ProfilingTime,20.71977704798337
SimulationTime,32.58007889497094
FramaCExecutionTime,103.6552166279871
TotalExecutionTime,4136.441536394996
