InputGenerationTime,0.18249052000464872
ProfilingTime,24.742657120979857
SimulationTime,37.23893772199517
FramaCExecutionTime,95.15639482502593
TotalExecutionTime,5051.0945269439835
