InputGenerationTime,0.22179850202519447
ProfilingTime,38.44867899897508
SimulationTime,76.64408311794978
FramaCExecutionTime,150.7494653709
TotalExecutionTime,4323.5767434779555
