InputGenerationTime,0.328370483010076
ProfilingTime,34.42702087800717
SimulationTime,17.441516194987344
FramaCExecutionTime,125.33717997098574
TotalExecutionTime,616.4274877020216
