InputGenerationTime,0.24693168800149579
ProfilingTime,48.72154506499646
SimulationTime,55.88957651000237
FramaCExecutionTime,135.26416748500196
TotalExecutionTime,3181.6478252310044
