InputGenerationTime,0.21389529504813254
ProfilingTime,21.993256374960765
SimulationTime,56.675244474899955
FramaCExecutionTime,119.5768579680007
TotalExecutionTime,2369.3274278009776
