InputGenerationTime,0.17561334901256487
ProfilingTime,26.845229795988416
SimulationTime,88.73006501299096
FramaCExecutionTime,126.73664757199003
TotalExecutionTime,8841.120734241995
