InputGenerationTime,0.3487831080565229
ProfilingTime,20.561205844045617
SimulationTime,14.366550909006037
FramaCExecutionTime,124.48829469003249
TotalExecutionTime,583.4580818809336
