InputGenerationTime,0.0566682789940387
ProfilingTime,26.428536229999736
SimulationTime,10.073603323995485
FramaCExecutionTime,99.10822514499887
TotalExecutionTime,2243.9555627910086
