InputGenerationTime,0.3231512999627739
ProfilingTime,22.139569584047422
SimulationTime,216.1085383290192
FramaCExecutionTime,122.18468638905324
TotalExecutionTime,9728.42484786408
