InputGenerationTime,0.0497497089963872
ProfilingTime,37.122960729000624
SimulationTime,232.93055110999558
FramaCExecutionTime,106.16062168798817
TotalExecutionTime,4048.620746988003
