InputGenerationTime,0.18836116197053343
ProfilingTime,25.107846639002673
SimulationTime,20.11044594994746
FramaCExecutionTime,111.69122295401758
TotalExecutionTime,989.066692709981
