InputGenerationTime,0.28366624703630805
ProfilingTime,25.5407139910385
SimulationTime,54.335632037953474
FramaCExecutionTime,115.50214947399218
TotalExecutionTime,542.3500571169425
