InputGenerationTime,0.23457185400184244
ProfilingTime,23.4729932390037
SimulationTime,120.25390241196146
FramaCExecutionTime,100.63616595900385
TotalExecutionTime,4542.43213732203
