InputGenerationTime,0.294005884003127
ProfilingTime,32.794905546994414
SimulationTime,22.936406995984726
FramaCExecutionTime,120.10160090000136
TotalExecutionTime,1235.2635069570097
