InputGenerationTime,0.328370483010076
ProfilingTime,32.16640554199694
SimulationTime,14.594939342990983
FramaCExecutionTime,125.33717997098574
TotalExecutionTime,1183.5075664150063
