InputGenerationTime,0.12488321099954192
ProfilingTime,26.93910171999596
SimulationTime,16.795719157002168
FramaCExecutionTime,88.36304531300266
TotalExecutionTime,2571.0231376760057
