InputGenerationTime,0.24175441300030798
ProfilingTime,31.070628946996294
SimulationTime,17.135270072962157
FramaCExecutionTime,151.40488299599383
TotalExecutionTime,1683.4324418890756
