InputGenerationTime,0.5117717100074515
ProfilingTime,22.77935323503334
SimulationTime,48.42542542202864
FramaCExecutionTime,127.56641766999383
TotalExecutionTime,1227.7639175399672
