InputGenerationTime,0.20753930194769055
ProfilingTime,18.8143242939841
SimulationTime,219.00346360704862
FramaCExecutionTime,108.56039979495108
TotalExecutionTime,8305.178909884999
