InputGenerationTime,0.08441820700682001
ProfilingTime,24.13638197199907
SimulationTime,15.056620555005793
FramaCExecutionTime,98.15719956099929
TotalExecutionTime,1220.4978501419973
