InputGenerationTime,0.05547416885383427
ProfilingTime,22.763413958018646
SimulationTime,12.72976297000423
FramaCExecutionTime,95.88349860697053
TotalExecutionTime,1207.6654546759091
