InputGenerationTime,0.2450625509954989
ProfilingTime,26.158728729991708
SimulationTime,18.07601383997826
FramaCExecutionTime,119.58020104799652
TotalExecutionTime,2286.031111899996
