InputGenerationTime,0.08780276495963335
ProfilingTime,20.2073916150257
SimulationTime,109.17203665699344
FramaCExecutionTime,97.10535426600836
TotalExecutionTime,2447.9623195080785
