InputGenerationTime,0.5125337750068866
ProfilingTime,30.129216914006975
SimulationTime,24.634594367002137
FramaCExecutionTime,149.69917792000342
TotalExecutionTime,4758.151462145004
