InputGenerationTime,0.2563665369998489
ProfilingTime,27.423308068999177
SimulationTime,235.52271224299875
FramaCExecutionTime,119.80670238400126
TotalExecutionTime,11051.609044486002
