InputGenerationTime,0.10488404300122056
ProfilingTime,37.65748527100004
SimulationTime,20.509110947001318
FramaCExecutionTime,118.49847431200033
TotalExecutionTime,2646.8633448110013
