InputGenerationTime,0.3487831080565229
ProfilingTime,23.63148222293239
SimulationTime,17.59807713003829
FramaCExecutionTime,124.48829469003249
TotalExecutionTime,342.68261493195314
