InputGenerationTime,0.02880856700357981
ProfilingTime,17.11295969800267
SimulationTime,9.00481217399647
FramaCExecutionTime,49.60165912899538
TotalExecutionTime,1142.832878086003
