InputGenerationTime,0.19015604798914865
ProfilingTime,21.576120783982333
SimulationTime,12.73161318100756
FramaCExecutionTime,110.16134787397459
TotalExecutionTime,613.72116047499
