InputGenerationTime,0.5491699959966354
ProfilingTime,34.97483593999641
SimulationTime,22.907419227005448
FramaCExecutionTime,132.03446686899406
TotalExecutionTime,469.46345154801384
