InputGenerationTime,0.27715257002273574
ProfilingTime,27.24915430598776
SimulationTime,18.73566328699235
FramaCExecutionTime,128.3411734039837
TotalExecutionTime,2998.3077554979827
