InputGenerationTime,0.3234236310236156
ProfilingTime,27.68198539398145
SimulationTime,247.55508005496813
FramaCExecutionTime,118.84747565101134
TotalExecutionTime,4460.810037272982
