InputGenerationTime,0.11488254508003592
ProfilingTime,41.637702913954854
SimulationTime,32.77487611002289
FramaCExecutionTime,134.28010943497065
TotalExecutionTime,2729.366836206056
