InputGenerationTime,0.03647145791910589
ProfilingTime,19.463865959085524
SimulationTime,210.83355264400598
FramaCExecutionTime,90.35240423900541
TotalExecutionTime,1469.6348182719667
