InputGenerationTime,0.10281701199710369
ProfilingTime,20.757181562999904
SimulationTime,15.22903368200059
FramaCExecutionTime,95.94782013600343
TotalExecutionTime,3216.969125912001
