InputGenerationTime,0.24341501500020968
ProfilingTime,22.90749605500605
SimulationTime,105.45248308900045
FramaCExecutionTime,95.7353067160002
TotalExecutionTime,9256.816096093004
