InputGenerationTime,0.04072097299649613
ProfilingTime,24.85816266299662
SimulationTime,15.453784975004965
FramaCExecutionTime,95.01072702199599
TotalExecutionTime,3678.631179072003
