InputGenerationTime,0.08119252510368824
ProfilingTime,40.14673454698641
SimulationTime,34.78637909202371
FramaCExecutionTime,113.96024039201438
TotalExecutionTime,2784.715159643092
