InputGenerationTime,0.03941600100370124
ProfilingTime,21.70692638199398
SimulationTime,216.87035119999928
FramaCExecutionTime,95.25604605099943
TotalExecutionTime,8857.701054434001
