InputGenerationTime,0.21989744500024244
ProfilingTime,24.89093136996962
SimulationTime,214.55304611998145
FramaCExecutionTime,110.1814316730015
TotalExecutionTime,3165.2023482769728
