InputGenerationTime,0.17436641099993722
ProfilingTime,36.20256847499968
SimulationTime,107.68822644200009
FramaCExecutionTime,111.46580506899954
TotalExecutionTime,692.1827936609998
