InputGenerationTime,0.08512004901422188
ProfilingTime,25.49596070800908
SimulationTime,236.75526231096592
FramaCExecutionTime,94.62754339398816
TotalExecutionTime,418.3480490280199
