InputGenerationTime,0.38357829499727814
ProfilingTime,29.096581317004166
SimulationTime,21.99967532500159
FramaCExecutionTime,101.32164939100039
TotalExecutionTime,4086.5163054499935
