InputGenerationTime,0.22719534100178862
ProfilingTime,43.248450685001444
SimulationTime,248.03055713200592
FramaCExecutionTime,129.50138765100564
TotalExecutionTime,2471.9968651849995
