InputGenerationTime,0.2698664650088176
ProfilingTime,47.981149104074575
SimulationTime,17.58227866492234
FramaCExecutionTime,179.84466144593898
TotalExecutionTime,461.2843464259058
