InputGenerationTime,0.03560964995995164
ProfilingTime,19.204295111936517
SimulationTime,31.833222159999423
FramaCExecutionTime,89.09152986505069
TotalExecutionTime,1278.2581741260365
