InputGenerationTime,0.09243679200005772
ProfilingTime,39.600298803999976
SimulationTime,22.466470368999808
FramaCExecutionTime,140.29446766800004
TotalExecutionTime,754.045375691
