InputGenerationTime,0.20753930194769055
ProfilingTime,20.187711379956454
SimulationTime,217.78142325603403
FramaCExecutionTime,108.56039979495108
TotalExecutionTime,9492.725351348985
