InputGenerationTime,0.1260524740209803
ProfilingTime,23.39856087899534
SimulationTime,44.50210054998752
FramaCExecutionTime,94.21775655599777
TotalExecutionTime,6540.6626497490215
