InputGenerationTime,0.145248580025509
ProfilingTime,49.06256548705278
SimulationTime,97.04203450301429
FramaCExecutionTime,108.04990905203158
TotalExecutionTime,11549.148182892008
