InputGenerationTime,0.17901038100171718
ProfilingTime,36.663868240997544
SimulationTime,21.36322397600088
FramaCExecutionTime,117.9092438819971
TotalExecutionTime,3311.1767494640007
