InputGenerationTime,0.06716115004383028
ProfilingTime,20.089549063006416
SimulationTime,21.314391606021672
FramaCExecutionTime,91.8677742651198
TotalExecutionTime,742.7965721949004
