InputGenerationTime,0.08587797201471403
ProfilingTime,31.264864930009935
SimulationTime,73.10323218803387
FramaCExecutionTime,105.58347059699008
TotalExecutionTime,27947.962957827025
