InputGenerationTime,0.36768036500143353
ProfilingTime,42.119842051004525
SimulationTime,22.709697768004844
FramaCExecutionTime,132.18089018899627
TotalExecutionTime,329.63137943699985
