InputGenerationTime,0.13503388699973584
ProfilingTime,35.69280489999801
SimulationTime,112.23654432900003
FramaCExecutionTime,114.96788224999909
TotalExecutionTime,12257.746119479998
