InputGenerationTime,0.12260364304529503
ProfilingTime,26.523982563987374
SimulationTime,6.285755162010901
FramaCExecutionTime,105.3618222590303
TotalExecutionTime,3159.0403542119893
