InputGenerationTime,0.1376757019897923
ProfilingTime,35.690108495997265
SimulationTime,156.6775020529749
FramaCExecutionTime,106.99266202299623
TotalExecutionTime,15442.43132489099
