InputGenerationTime,0.1776239509927109
ProfilingTime,39.939017466967925
SimulationTime,25.62539742793888
FramaCExecutionTime,144.69820828095544
TotalExecutionTime,1086.3843208480394
