InputGenerationTime,0.08706269499816699
ProfilingTime,34.294570868001756
SimulationTime,24.31314767799995
FramaCExecutionTime,108.95056382500115
TotalExecutionTime,4698.780934079001
