InputGenerationTime,0.12341600493527949
ProfilingTime,33.136044354061596
SimulationTime,32.60901359701529
FramaCExecutionTime,109.50403061194811
TotalExecutionTime,391.49434645299334
