InputGenerationTime,0.15295539499493316
ProfilingTime,24.085715714994876
SimulationTime,17.02116443900013
FramaCExecutionTime,89.9493181259968
TotalExecutionTime,1767.943773003004
