InputGenerationTime,0.2937192200042773
ProfilingTime,36.00946314301109
SimulationTime,17.903857284982223
FramaCExecutionTime,131.4051270929922
TotalExecutionTime,3579.1074360450148
