InputGenerationTime,0.20018389399956504
ProfilingTime,41.57009932599976
SimulationTime,26.004036518000248
FramaCExecutionTime,114.37678537700049
TotalExecutionTime,5623.587773018
