InputGenerationTime,0.46168155898340046
ProfilingTime,23.33905741898343
SimulationTime,18.441205687006004
FramaCExecutionTime,128.98384912509937
TotalExecutionTime,1365.5457410980016
