InputGenerationTime,0.07509923400357366
ProfilingTime,18.553575659985654
SimulationTime,17.54818524804432
FramaCExecutionTime,93.9485455310205
TotalExecutionTime,184.2560604159953
