InputGenerationTime,0.06729026697576046
ProfilingTime,23.995169956993777
SimulationTime,245.62618851300795
FramaCExecutionTime,95.04964325600304
TotalExecutionTime,364.7496246069786
