InputGenerationTime,0.2537088650001351
ProfilingTime,27.490568910999855
SimulationTime,18.52173511800015
FramaCExecutionTime,127.66620908499999
TotalExecutionTime,1504.494267578
