InputGenerationTime,0.04915673100913409
ProfilingTime,34.25017290300457
SimulationTime,13.470012385994778
FramaCExecutionTime,104.74350526298804
TotalExecutionTime,194.85477668499516
