InputGenerationTime,0.2554458619997604
ProfilingTime,28.12035408000156
SimulationTime,238.76735416299925
FramaCExecutionTime,133.5833892849987
TotalExecutionTime,23371.290203807002
