InputGenerationTime,0.18929134996142238
ProfilingTime,20.988516006967984
SimulationTime,212.84453964297427
FramaCExecutionTime,116.21079802402528
TotalExecutionTime,18026.39517647098
