InputGenerationTime,0.5249734570097644
ProfilingTime,28.57554041899857
SimulationTime,24.785811619018205
FramaCExecutionTime,148.15377748798346
TotalExecutionTime,5047.021139116987
