InputGenerationTime,0.10488404300122056
ProfilingTime,40.6088993379999
SimulationTime,21.719310503001907
FramaCExecutionTime,118.49847431200033
TotalExecutionTime,2463.0981759800015
