InputGenerationTime,0.1216452280023077
ProfilingTime,39.4493483490005
SimulationTime,21.014869124999677
FramaCExecutionTime,109.55363374899753
TotalExecutionTime,843.0902589600009
