InputGenerationTime,0.3232922659954056
ProfilingTime,21.837760780006647
SimulationTime,61.33864665706642
FramaCExecutionTime,123.42935546697117
TotalExecutionTime,3065.853654253995
