InputGenerationTime,0.01746885300053691
ProfilingTime,9.991477249999662
SimulationTime,6.571586606998608
FramaCExecutionTime,39.659135420000894
TotalExecutionTime,545.3518683629991
