InputGenerationTime,0.0566682789940387
ProfilingTime,26.790623740002047
SimulationTime,13.830484812002396
FramaCExecutionTime,99.10822514499887
TotalExecutionTime,2722.4607474200093
