InputGenerationTime,0.18249052000464872
ProfilingTime,24.400480889016762
SimulationTime,35.0353364800103
FramaCExecutionTime,95.15639482502593
TotalExecutionTime,4989.040859815024
