InputGenerationTime,0.04619556199759245
ProfilingTime,25.443354208022356
SimulationTime,236.36071092198836
FramaCExecutionTime,102.9426576619735
TotalExecutionTime,9345.894463798031
