InputGenerationTime,0.20018389399956504
ProfilingTime,38.09139211699949
SimulationTime,23.76676795000003
FramaCExecutionTime,114.37678537700049
TotalExecutionTime,5001.7773637420005
