InputGenerationTime,0.08614854200277478
ProfilingTime,29.561151591013186
SimulationTime,17.683086331002414
FramaCExecutionTime,108.25941041699843
TotalExecutionTime,4482.127693355025
