InputGenerationTime,0.26157120897551067
ProfilingTime,31.19396530999802
SimulationTime,22.791078615002334
FramaCExecutionTime,121.93693389900727
TotalExecutionTime,2157.6446989749966
