InputGenerationTime,0.07863106299191713
ProfilingTime,29.109042152005713
SimulationTime,17.789394982974045
FramaCExecutionTime,106.38991733599687
TotalExecutionTime,3731.0053740090225
