InputGenerationTime,0.0869224370107986
ProfilingTime,27.798848356993403
SimulationTime,19.000950608053245
FramaCExecutionTime,107.27235301001929
TotalExecutionTime,3119.4692610150087
