InputGenerationTime,0.3231512999627739
ProfilingTime,23.3975992690539
SimulationTime,9.87057964806445
FramaCExecutionTime,122.18468638905324
TotalExecutionTime,9490.118848197046
