InputGenerationTime,0.05724849900070694
ProfilingTime,24.327509482001915
SimulationTime,13.403082035998523
FramaCExecutionTime,97.37556695500098
TotalExecutionTime,584.1177612200008
