InputGenerationTime,0.2450625509954989
ProfilingTime,25.053363270999398
SimulationTime,18.697148827952333
FramaCExecutionTime,119.58020104799652
TotalExecutionTime,1515.550200749014
