InputGenerationTime,0.07230846700258553
ProfilingTime,26.39364388101967
SimulationTime,230.4617847369518
FramaCExecutionTime,106.69600580900442
TotalExecutionTime,20284.166914471018
