InputGenerationTime,0.2916732019511983
ProfilingTime,26.8110496160225
SimulationTime,18.020031871041283
FramaCExecutionTime,121.73228721501073
TotalExecutionTime,2720.526509337011
