InputGenerationTime,0.05632666900055483
ProfilingTime,30.86911859700922
SimulationTime,19.22580119599297
FramaCExecutionTime,103.49272005399689
TotalExecutionTime,2191.2124100200017
