InputGenerationTime,0.04219626891426742
ProfilingTime,18.17195017589256
SimulationTime,19.470296459039673
FramaCExecutionTime,89.77886800491251
TotalExecutionTime,1967.7984479709994
