InputGenerationTime,0.5125337750068866
ProfilingTime,29.5511474259838
SimulationTime,21.79702343099052
FramaCExecutionTime,149.69917792000342
TotalExecutionTime,4916.114899362001
