InputGenerationTime,0.2951946859830059
ProfilingTime,26.138007914996706
SimulationTime,60.2665695809992
FramaCExecutionTime,126.49901207099902
TotalExecutionTime,10077.401547132002
