InputGenerationTime,0.23208729503676295
ProfilingTime,23.231191030994523
SimulationTime,70.1784303690074
FramaCExecutionTime,100.15079668501858
TotalExecutionTime,193.79819713399047
