InputGenerationTime,0.02531034300045576
ProfilingTime,11.406312637000156
SimulationTime,6.928531295001449
FramaCExecutionTime,42.76689746500051
TotalExecutionTime,657.8912597039998
