InputGenerationTime,0.1036995750037022
ProfilingTime,44.85543376900023
SimulationTime,28.047733011990204
FramaCExecutionTime,128.76921959100582
TotalExecutionTime,7068.0822446770035
