InputGenerationTime,0.03794739185832441
ProfilingTime,22.277719658100978
SimulationTime,12.190514921909198
FramaCExecutionTime,90.95548496907577
TotalExecutionTime,808.0839309189469
