InputGenerationTime,0.06134430388920009
ProfilingTime,22.74032173398882
SimulationTime,11.861687061144039
FramaCExecutionTime,95.81497655203566
TotalExecutionTime,1150.9475196800195
