InputGenerationTime,0.22719534100178862
ProfilingTime,41.40352024399908
SimulationTime,249.73377702600555
FramaCExecutionTime,129.50138765100564
TotalExecutionTime,4264.361373968
