InputGenerationTime,0.19021941302344203
ProfilingTime,26.412944200041238
SimulationTime,216.70792166498723
FramaCExecutionTime,113.54233702400234
TotalExecutionTime,9237.496700840013
