InputGenerationTime,0.08614854200277478
ProfilingTime,26.31427283299854
SimulationTime,15.855788093002047
FramaCExecutionTime,108.25941041699843
TotalExecutionTime,4434.783662823029
