InputGenerationTime,0.2951946859830059
ProfilingTime,29.34207691499614
SimulationTime,119.36165072899894
FramaCExecutionTime,126.49901207099902
TotalExecutionTime,11417.23377527998
