InputGenerationTime,0.05511531299998751
ProfilingTime,21.476677304002806
SimulationTime,218.75395561299956
FramaCExecutionTime,94.72058908399777
TotalExecutionTime,15514.288758793002
