InputGenerationTime,0.02531034300045576
ProfilingTime,11.01275355299913
SimulationTime,6.742795735000982
FramaCExecutionTime,42.76689746500051
TotalExecutionTime,748.4628179530009
