InputGenerationTime,0.04487435601186007
ProfilingTime,19.40012877807021
SimulationTime,8.595355881028809
FramaCExecutionTime,89.0224654530175
TotalExecutionTime,1242.020260832971
