InputGenerationTime,0.29270844598067924
ProfilingTime,28.89455279300455
SimulationTime,79.33538527300698
FramaCExecutionTime,116.0746045949927
TotalExecutionTime,2857.714607328002
