InputGenerationTime,0.18076778999966336
ProfilingTime,40.597211406002316
SimulationTime,24.02502629800074
FramaCExecutionTime,117.59281498999917
TotalExecutionTime,5441.471625001999
