InputGenerationTime,0.0566682789940387
ProfilingTime,25.801118210001732
SimulationTime,13.382786410991685
FramaCExecutionTime,99.10822514499887
TotalExecutionTime,2843.8643311859996
