InputGenerationTime,0.19015604798914865
ProfilingTime,24.815296519955155
SimulationTime,12.296570639009587
FramaCExecutionTime,110.16134787397459
TotalExecutionTime,507.3414880599594
