InputGenerationTime,0.26684155499970075
ProfilingTime,27.89199075000215
SimulationTime,111.94931116700172
FramaCExecutionTime,94.79318434699962
TotalExecutionTime,881.3315784229999
