InputGenerationTime,0.06828528999994887
ProfilingTime,21.863631708999947
SimulationTime,16.064820376999705
FramaCExecutionTime,95.84660604099963
TotalExecutionTime,2578.0353915960004
