InputGenerationTime,0.2641803329997856
ProfilingTime,28.338108314999772
SimulationTime,233.6686088410006
FramaCExecutionTime,119.66695576599977
TotalExecutionTime,4050.0520365189996
