InputGenerationTime,0.08614854200277478
ProfilingTime,27.337206752970815
SimulationTime,17.241191657958552
FramaCExecutionTime,108.25941041699843
TotalExecutionTime,4301.9389186530025
