InputGenerationTime,0.1322396129999106
ProfilingTime,11.921082202000434
SimulationTime,7.965624039999966
FramaCExecutionTime,55.91579891600031
TotalExecutionTime,262.12647241800005
