InputGenerationTime,0.11109681602101773
ProfilingTime,20.821804958046414
SimulationTime,55.46968191897031
FramaCExecutionTime,95.02735664101783
TotalExecutionTime,4393.342278845026
