InputGenerationTime,0.1036995750037022
ProfilingTime,58.87347599300847
SimulationTime,40.149636604997795
FramaCExecutionTime,128.76921959100582
TotalExecutionTime,8299.099935203005
