InputGenerationTime,0.2538465560064651
ProfilingTime,41.29794543699245
SimulationTime,265.45066316000884
FramaCExecutionTime,147.2809260690119
TotalExecutionTime,21786.894270328994
