InputGenerationTime,0.2384402189636603
ProfilingTime,35.41288295597769
SimulationTime,69.63967260997742
FramaCExecutionTime,151.8234170480864
TotalExecutionTime,2288.299316999037
