InputGenerationTime,0.05547416885383427
ProfilingTime,28.87509545101784
SimulationTime,14.632798269856721
FramaCExecutionTime,95.88349860697053
TotalExecutionTime,1379.5933913700283
