InputGenerationTime,0.26520692789927125
ProfilingTime,32.14408994198311
SimulationTime,13.61773756495677
FramaCExecutionTime,172.96581168298144
TotalExecutionTime,2790.5739606849384
