InputGenerationTime,0.1973126189550385
ProfilingTime,32.83270777598955
SimulationTime,42.601019659021404
FramaCExecutionTime,110.4989025190007
TotalExecutionTime,260.76703643699875
