InputGenerationTime,0.27123504306655377
ProfilingTime,33.84621158603113
SimulationTime,258.2229800840141
FramaCExecutionTime,121.80990467895754
TotalExecutionTime,3985.87240245298
