InputGenerationTime,0.2978791029963759
ProfilingTime,26.45355063900206
SimulationTime,22.660715302001336
FramaCExecutionTime,94.0850575910008
TotalExecutionTime,932.385007275996
