InputGenerationTime,0.07854590803617612
ProfilingTime,28.42414578201715
SimulationTime,19.387802361976355
FramaCExecutionTime,107.89253767899936
TotalExecutionTime,3824.591014085978
