InputGenerationTime,0.294005884003127
ProfilingTime,31.49214897901402
SimulationTime,13.897901962016476
FramaCExecutionTime,120.10160090000136
TotalExecutionTime,297.256503179
