InputGenerationTime,0.05989754600159358
ProfilingTime,25.44142701799865
SimulationTime,18.209927011994296
FramaCExecutionTime,101.61069593699358
TotalExecutionTime,2856.979208206001
