InputGenerationTime,0.06989308199990774
ProfilingTime,25.21991165899817
SimulationTime,14.826548454999283
FramaCExecutionTime,94.03919311700156
TotalExecutionTime,1596.8905584999957
