InputGenerationTime,0.229954885027837
ProfilingTime,25.69081661698874
SimulationTime,18.927348164026625
FramaCExecutionTime,111.18525936000515
TotalExecutionTime,513.9763380080112
