InputGenerationTime,0.1973126189550385
ProfilingTime,49.42925801698584
SimulationTime,77.48146535200067
FramaCExecutionTime,110.4989025190007
TotalExecutionTime,928.6958204509574
