InputGenerationTime,0.22495511300076032
ProfilingTime,25.197515726002166
SimulationTime,232.92643240600228
FramaCExecutionTime,129.21610248100114
TotalExecutionTime,17197.805394718
