InputGenerationTime,0.31785363605013117
ProfilingTime,26.23223305901047
SimulationTime,20.37573751603486
FramaCExecutionTime,117.68211280897958
TotalExecutionTime,386.1619771409896
