InputGenerationTime,0.06134430388920009
ProfilingTime,29.730688054813072
SimulationTime,24.04736748803407
FramaCExecutionTime,95.81497655203566
TotalExecutionTime,1858.4644662090577
