InputGenerationTime,0.30299885899876244
ProfilingTime,31.4586983800109
SimulationTime,19.61568286101101
FramaCExecutionTime,115.40188249299536
TotalExecutionTime,593.6565278309863
