InputGenerationTime,0.2538465560064651
ProfilingTime,45.72588583499601
SimulationTime,270.9465031869913
FramaCExecutionTime,147.2809260690119
TotalExecutionTime,25561.270263442
