InputGenerationTime,0.21722360595595092
ProfilingTime,38.59947722707875
SimulationTime,238.94673861004412
FramaCExecutionTime,123.38338132703211
TotalExecutionTime,9472.542671156
