InputGenerationTime,0.2567060510045849
ProfilingTime,23.936236306995852
SimulationTime,108.8202505549998
FramaCExecutionTime,101.65106537199608
TotalExecutionTime,12103.220243656004
