InputGenerationTime,0.06306902691721916
ProfilingTime,18.78126186085865
SimulationTime,10.42306132405065
FramaCExecutionTime,93.3677042729687
TotalExecutionTime,960.1583580598235
