InputGenerationTime,0.46168155898340046
ProfilingTime,20.003139371052384
SimulationTime,15.390798627980985
FramaCExecutionTime,128.98384912509937
TotalExecutionTime,1181.5035010109423
