InputGenerationTime,0.04837128699728055
ProfilingTime,20.443933993999963
SimulationTime,11.365085411001928
FramaCExecutionTime,95.57277957100086
TotalExecutionTime,1985.0971630580025
