InputGenerationTime,0.0652667719987221
ProfilingTime,25.153537473990582
SimulationTime,20.701269094017334
FramaCExecutionTime,107.56037442997331
TotalExecutionTime,3716.598962290038
