InputGenerationTime,0.229954885027837
ProfilingTime,25.049675056012347
SimulationTime,17.41338756598998
FramaCExecutionTime,111.18525936000515
TotalExecutionTime,721.3600355900126
