InputGenerationTime,0.2937192200042773
ProfilingTime,31.100258313992526
SimulationTime,18.667700708989287
FramaCExecutionTime,131.4051270929922
TotalExecutionTime,3733.7109215510136
