InputGenerationTime,0.13310052594169974
ProfilingTime,35.67515603103675
SimulationTime,28.1457620539004
FramaCExecutionTime,137.11517138092313
TotalExecutionTime,811.1620644050417
