InputGenerationTime,0.18170733300212305
ProfilingTime,30.413108577005914
SimulationTime,21.066626392996113
FramaCExecutionTime,99.81084801500401
TotalExecutionTime,3515.0011237100043
