InputGenerationTime,0.2893862620694563
ProfilingTime,25.468925134977326
SimulationTime,13.388380242045969
FramaCExecutionTime,117.19879986299202
TotalExecutionTime,1359.8077072399901
