InputGenerationTime,0.06233766500008642
ProfilingTime,13.882327958000133
SimulationTime,8.972452826000335
FramaCExecutionTime,47.2595315919998
TotalExecutionTime,750.1402692769998
