InputGenerationTime,0.21389529504813254
ProfilingTime,25.53110961895436
SimulationTime,57.74723381688818
FramaCExecutionTime,119.5768579680007
TotalExecutionTime,3863.1783463240135
