InputGenerationTime,0.04155284100124845
ProfilingTime,26.587806211999123
SimulationTime,12.497050779998972
FramaCExecutionTime,96.29844691299877
TotalExecutionTime,1886.4555968390014
