InputGenerationTime,0.05547416885383427
ProfilingTime,29.600726315984502
SimulationTime,22.309631060110405
FramaCExecutionTime,95.88349860697053
TotalExecutionTime,1949.3532109661028
