InputGenerationTime,0.2937192200042773
ProfilingTime,30.440610872989055
SimulationTime,13.360888957016869
FramaCExecutionTime,131.4051270929922
TotalExecutionTime,3879.7061885890143
