InputGenerationTime,0.2978791029963759
ProfilingTime,26.136251139003434
SimulationTime,17.3765027010013
FramaCExecutionTime,94.0850575910008
TotalExecutionTime,178.50734543299768
