InputGenerationTime,0.18901437100430485
ProfilingTime,37.16282522500114
SimulationTime,24.520136690000072
FramaCExecutionTime,120.16616172400245
TotalExecutionTime,3989.183315241
