InputGenerationTime,0.2581516409991309
ProfilingTime,23.954187556984834
SimulationTime,238.9811279940186
FramaCExecutionTime,121.72503140498884
TotalExecutionTime,6511.601209504006
