InputGenerationTime,0.05246901400096249
ProfilingTime,26.778990881997743
SimulationTime,16.887780675999238
FramaCExecutionTime,99.9211063440016
TotalExecutionTime,3946.2297499699926
