InputGenerationTime,0.131118303979747
ProfilingTime,32.423720283899456
SimulationTime,1025.2225140621886
FramaCExecutionTime,108.81593526701909
TotalExecutionTime,4200.996413821937
