InputGenerationTime,0.2734934970503673
ProfilingTime,24.481350182089955
SimulationTime,17.556603964068927
FramaCExecutionTime,118.28702378703747
TotalExecutionTime,1363.1103223270038
