InputGenerationTime,0.06716115004383028
ProfilingTime,19.69877501297742
SimulationTime,6.55560485413298
FramaCExecutionTime,91.8677742651198
TotalExecutionTime,769.0959858798888
