InputGenerationTime,0.2563665369998489
ProfilingTime,28.217018967001422
SimulationTime,234.22476324299896
FramaCExecutionTime,119.80670238400126
TotalExecutionTime,10788.579237131999
