InputGenerationTime,0.18249052000464872
ProfilingTime,23.71034402702935
SimulationTime,36.351456058037
FramaCExecutionTime,95.15639482502593
TotalExecutionTime,4929.522542516002
