InputGenerationTime,0.146842653004569
ProfilingTime,25.649280792000354
SimulationTime,19.96017363800638
FramaCExecutionTime,89.65716592899844
TotalExecutionTime,1001.4280276300051
