InputGenerationTime,0.2537088650001351
ProfilingTime,26.349887083999874
SimulationTime,19.193023077999896
FramaCExecutionTime,127.66620908499999
TotalExecutionTime,2437.2359156499997
