InputGenerationTime,0.229954885027837
ProfilingTime,22.071464560984168
SimulationTime,15.217459752981085
FramaCExecutionTime,111.18525936000515
TotalExecutionTime,184.63018281501718
