InputGenerationTime,0.2035223109414801
ProfilingTime,18.65273969899863
SimulationTime,650.2914051009575
FramaCExecutionTime,108.50297766900621
TotalExecutionTime,14030.985067636007
