InputGenerationTime,0.10281701199710369
ProfilingTime,22.944254497000657
SimulationTime,14.914424102003977
FramaCExecutionTime,95.94782013600343
TotalExecutionTime,3332.5828498249975
