InputGenerationTime,0.5117717100074515
ProfilingTime,20.552882832009345
SimulationTime,41.45956219988875
FramaCExecutionTime,127.56641766999383
TotalExecutionTime,251.67154503893107
