InputGenerationTime,0.2250435840105638
ProfilingTime,22.223405441036448
SimulationTime,216.630336222006
FramaCExecutionTime,112.19995585503057
TotalExecutionTime,3623.9602699159877
