InputGenerationTime,0.13892562800174346
ProfilingTime,38.95466278099775
SimulationTime,26.291923954995582
FramaCExecutionTime,111.13148282000111
TotalExecutionTime,548.8704505239984
