InputGenerationTime,0.17436641099993722
ProfilingTime,39.100427215999844
SimulationTime,112.8106862579998
FramaCExecutionTime,111.46580506899954
TotalExecutionTime,1140.9290938169997
