InputGenerationTime,0.18785828900581691
ProfilingTime,40.25365467200754
SimulationTime,25.656502621000982
FramaCExecutionTime,130.39241952699376
TotalExecutionTime,196.5090650320053
