InputGenerationTime,0.2250435840105638
ProfilingTime,24.213536642026156
SimulationTime,213.74621835409198
FramaCExecutionTime,112.19995585503057
TotalExecutionTime,1743.5821854789974
