InputGenerationTime,0.06989308199990774
ProfilingTime,23.622530666005332
SimulationTime,15.105330085003516
FramaCExecutionTime,94.03919311700156
TotalExecutionTime,1863.3119968869942
