InputGenerationTime,0.05989754600159358
ProfilingTime,24.735975525996764
SimulationTime,18.42865456599975
FramaCExecutionTime,101.61069593699358
TotalExecutionTime,2470.3950459229964
