InputGenerationTime,0.2780745880008908
ProfilingTime,42.392791673999454
SimulationTime,31.34714228899975
FramaCExecutionTime,147.1211182670013
TotalExecutionTime,6072.771146605999
