InputGenerationTime,0.2916732019511983
ProfilingTime,24.967080495960545
SimulationTime,18.809095648000948
FramaCExecutionTime,121.73228721501073
TotalExecutionTime,3036.6338323720265
