InputGenerationTime,0.04533246399660129
ProfilingTime,38.92931503600266
SimulationTime,11.56496628599416
FramaCExecutionTime,102.04172662799829
TotalExecutionTime,16552.388339074998
