InputGenerationTime,0.0851615320007113
ProfilingTime,14.132922136999696
SimulationTime,6.837343748000421
FramaCExecutionTime,48.46413284600021
TotalExecutionTime,375.8002693219987
