InputGenerationTime,0.0990121210925281
ProfilingTime,32.15523905795999
SimulationTime,228.86805765586905
FramaCExecutionTime,107.4057569380384
TotalExecutionTime,628.7533035939559
