InputGenerationTime,0.106488331919536
ProfilingTime,48.12370210001245
SimulationTime,189.0928678920027
FramaCExecutionTime,107.84012395399623
TotalExecutionTime,9679.68120996491
