InputGenerationTime,0.05547416885383427
ProfilingTime,25.035626069176942
SimulationTime,15.40170590300113
FramaCExecutionTime,95.88349860697053
TotalExecutionTime,1588.7086876530666
