InputGenerationTime,0.30700588898616843
ProfilingTime,31.245683711982565
SimulationTime,18.31448372299201
FramaCExecutionTime,126.14888849700219
TotalExecutionTime,3970.692018428992
