InputGenerationTime,0.08780276495963335
ProfilingTime,18.636233733035624
SimulationTime,110.33936342701782
FramaCExecutionTime,97.10535426600836
TotalExecutionTime,616.916143864044
