InputGenerationTime,0.05989754600159358
ProfilingTime,25.16943085900857
SimulationTime,19.169580600995687
FramaCExecutionTime,101.61069593699358
TotalExecutionTime,2645.5859080380033
