InputGenerationTime,0.27974674600409344
ProfilingTime,23.992447490047198
SimulationTime,19.64352854900062
FramaCExecutionTime,116.81609825900523
TotalExecutionTime,3798.7366408429807
