InputGenerationTime,0.254091541050002
ProfilingTime,29.794370003975928
SimulationTime,12.475436349981464
FramaCExecutionTime,138.49859954905696
TotalExecutionTime,602.3888871719828
