InputGenerationTime,0.2333431259903591
ProfilingTime,34.76649232301861
SimulationTime,26.408630690013524
FramaCExecutionTime,126.27864418100216
TotalExecutionTime,2267.5699311339995
