InputGenerationTime,0.04155284100124845
ProfilingTime,23.88470907900046
SimulationTime,12.743530761999864
FramaCExecutionTime,96.29844691299877
TotalExecutionTime,1349.0648654060024
