InputGenerationTime,0.04965436900238274
ProfilingTime,22.98452378300135
SimulationTime,219.20759311500296
FramaCExecutionTime,96.85920009500114
TotalExecutionTime,20945.357029171
