InputGenerationTime,0.11390176499844529
ProfilingTime,39.33645467799943
SimulationTime,22.818712666001375
FramaCExecutionTime,109.5342480060026
TotalExecutionTime,3969.300323044001
