InputGenerationTime,0.18076778999966336
ProfilingTime,33.917284692000976
SimulationTime,18.293287053998938
FramaCExecutionTime,117.59281498999917
TotalExecutionTime,4570.260308522
