InputGenerationTime,0.5117717100074515
ProfilingTime,19.669910880038515
SimulationTime,64.40313602203969
FramaCExecutionTime,127.56641766999383
TotalExecutionTime,1724.294309551944
