InputGenerationTime,0.5126059039903339
ProfilingTime,32.82729884501896
SimulationTime,22.027887850999832
FramaCExecutionTime,134.92843663701206
TotalExecutionTime,1896.6255649170198
