InputGenerationTime,0.08297437703004107
ProfilingTime,20.722529773949645
SimulationTime,30.774075469991658
FramaCExecutionTime,103.6552166279871
TotalExecutionTime,3898.661363262974
