InputGenerationTime,0.08441820700682001
ProfilingTime,23.630870255001355
SimulationTime,16.050078154999937
FramaCExecutionTime,98.15719956099929
TotalExecutionTime,1542.731310064999
