InputGenerationTime,0.2014430370181799
ProfilingTime,21.882476188009605
SimulationTime,14.992870398971718
FramaCExecutionTime,128.44977176899556
TotalExecutionTime,1319.7391435019672
