InputGenerationTime,0.19766114899903187
ProfilingTime,25.656810409000173
SimulationTime,19.756382562998624
FramaCExecutionTime,120.10270344499804
TotalExecutionTime,211.75857225299842
