InputGenerationTime,0.5576207120029721
ProfilingTime,36.787387427000795
SimulationTime,28.56423036000342
FramaCExecutionTime,137.8231833819882
TotalExecutionTime,2327.062196050014
