InputGenerationTime,0.08614854200277478
ProfilingTime,28.145479586033616
SimulationTime,17.97917875298299
FramaCExecutionTime,108.25941041699843
TotalExecutionTime,3706.686484364036
