InputGenerationTime,0.21989744500024244
ProfilingTime,21.600390026986133
SimulationTime,209.4999544059974
FramaCExecutionTime,110.1814316730015
TotalExecutionTime,1034.8342275680043
