InputGenerationTime,0.18785828900581691
ProfilingTime,47.713114528000006
SimulationTime,31.03143678700144
FramaCExecutionTime,130.39241952699376
TotalExecutionTime,547.3114347439987
