InputGenerationTime,0.0652667719987221
ProfilingTime,27.20604459196329
SimulationTime,22.780417058966123
FramaCExecutionTime,107.56037442997331
TotalExecutionTime,3815.7815536350245
