InputGenerationTime,0.08780007797759026
ProfilingTime,28.71214359399164
SimulationTime,16.006105442997068
FramaCExecutionTime,107.58787493401906
TotalExecutionTime,2901.3173610200174
