InputGenerationTime,0.05552351800724864
ProfilingTime,34.29291714899591
SimulationTime,228.75226540899894
FramaCExecutionTime,105.23009136799374
TotalExecutionTime,22012.381001906993
