InputGenerationTime,0.03941600100370124
ProfilingTime,21.642611910996493
SimulationTime,11.64132249600516
FramaCExecutionTime,95.25604605099943
TotalExecutionTime,9616.253933663
