InputGenerationTime,0.03413906300011149
ProfilingTime,21.244878688998142
SimulationTime,214.32502655400094
FramaCExecutionTime,92.74365047799984
TotalExecutionTime,13105.046030398
