InputGenerationTime,0.0675285549950786
ProfilingTime,27.343080642996938
SimulationTime,16.77043446499738
FramaCExecutionTime,100.22720573899278
TotalExecutionTime,1655.3477939500008
