InputGenerationTime,0.0712742239702493
ProfilingTime,27.754450400010683
SimulationTime,19.0833236949984
FramaCExecutionTime,105.79948802501895
TotalExecutionTime,2211.442304359982
