InputGenerationTime,0.3203130920010153
ProfilingTime,30.98876057600137
SimulationTime,23.26739249099046
FramaCExecutionTime,125.05516551900655
TotalExecutionTime,179.68754100200022
