InputGenerationTime,0.05550380299973767
ProfilingTime,33.670504195994
SimulationTime,19.12748023500899
FramaCExecutionTime,105.84851150700706
TotalExecutionTime,3389.617425521006
