InputGenerationTime,0.18076778999966336
ProfilingTime,36.30122597299851
SimulationTime,19.81143777199759
FramaCExecutionTime,117.59281498999917
TotalExecutionTime,5690.112648413
