InputGenerationTime,0.1260524740209803
ProfilingTime,24.579756154038478
SimulationTime,62.02849268098362
FramaCExecutionTime,94.21775655599777
TotalExecutionTime,6929.476650356024
