InputGenerationTime,0.21752191695850343
ProfilingTime,21.23828096105717
SimulationTime,210.64185091701802
FramaCExecutionTime,113.90528678707778
TotalExecutionTime,8283.671372179058
