InputGenerationTime,0.0675285549950786
ProfilingTime,25.218569499003934
SimulationTime,13.928804416995263
FramaCExecutionTime,100.22720573899278
TotalExecutionTime,1223.9312769109965
