InputGenerationTime,0.06559167301747948
ProfilingTime,27.430468156002462
SimulationTime,16.15434255299624
FramaCExecutionTime,104.80555936798919
TotalExecutionTime,398.82997982698726
