InputGenerationTime,0.3234236310236156
ProfilingTime,24.93764515296789
SimulationTime,240.93523026903858
FramaCExecutionTime,118.84747565101134
TotalExecutionTime,1219.9017458359594
