InputGenerationTime,0.08321001699914632
ProfilingTime,38.05313082499924
SimulationTime,112.08936187400104
FramaCExecutionTime,108.04663024299953
TotalExecutionTime,5759.594805257999
