InputGenerationTime,0.131118303979747
ProfilingTime,32.16999507485889
SimulationTime,974.7097399570048
FramaCExecutionTime,108.81593526701909
TotalExecutionTime,1115.841003670008
