InputGenerationTime,0.20075722900219262
ProfilingTime,26.214318671962246
SimulationTime,247.47642089001602
FramaCExecutionTime,120.85969471401768
TotalExecutionTime,14494.649343870988
