InputGenerationTime,0.2893862620694563
ProfilingTime,21.612895215977915
SimulationTime,10.273428960004821
FramaCExecutionTime,117.19879986299202
TotalExecutionTime,1173.6427345779957
