InputGenerationTime,0.2155678939889185
ProfilingTime,25.255958933965303
SimulationTime,12.33152746304404
FramaCExecutionTime,117.01473909697961
TotalExecutionTime,1608.0169597999775
