InputGenerationTime,0.03731615799915744
ProfilingTime,28.18168152999715
SimulationTime,13.09195755199471
FramaCExecutionTime,98.2822837460044
TotalExecutionTime,1929.4936419259975
