InputGenerationTime,0.02880856700357981
ProfilingTime,14.377744724006334
SimulationTime,7.502546786003222
FramaCExecutionTime,49.60165912899538
TotalExecutionTime,818.5966057600017
