InputGenerationTime,0.106488331919536
ProfilingTime,32.40880443807691
SimulationTime,180.58769559208304
FramaCExecutionTime,107.84012395399623
TotalExecutionTime,7013.091370536946
