InputGenerationTime,0.21752191695850343
ProfilingTime,21.981777811073698
SimulationTime,211.47000978898723
FramaCExecutionTime,113.90528678707778
TotalExecutionTime,10242.096162743052
