InputGenerationTime,0.08888787199975923
ProfilingTime,34.43061028599914
SimulationTime,23.168050117994426
FramaCExecutionTime,102.41301443899283
TotalExecutionTime,654.4909291299991
