InputGenerationTime,0.2563665369998489
ProfilingTime,24.693294321001304
SimulationTime,230.02511309600231
FramaCExecutionTime,119.80670238400126
TotalExecutionTime,11825.269361542
