InputGenerationTime,0.2941565380024258
ProfilingTime,31.194945496012224
SimulationTime,15.873682375997305
FramaCExecutionTime,119.22128029901069
TotalExecutionTime,2719.6352908089757
