InputGenerationTime,0.03731615799915744
ProfilingTime,26.679882105003344
SimulationTime,12.492758000997128
FramaCExecutionTime,98.2822837460044
TotalExecutionTime,1494.6885671410055
