InputGenerationTime,0.21989744500024244
ProfilingTime,24.770387937955093
SimulationTime,213.67780540400418
FramaCExecutionTime,110.1814316730015
TotalExecutionTime,1745.0499249469722
