InputGenerationTime,0.0712742239702493
ProfilingTime,26.98649766301969
SimulationTime,19.74614148499677
FramaCExecutionTime,105.79948802501895
TotalExecutionTime,1552.495073744969
