InputGenerationTime,0.07863106299191713
ProfilingTime,26.958490569959395
SimulationTime,16.86987453099573
FramaCExecutionTime,106.38991733599687
TotalExecutionTime,4343.485872387013
