InputGenerationTime,0.15295539499493316
ProfilingTime,26.968483946999186
SimulationTime,17.346508595997875
FramaCExecutionTime,89.9493181259968
TotalExecutionTime,1431.3903679830037
