InputGenerationTime,0.07626064800024324
ProfilingTime,18.012836552999943
SimulationTime,12.111535312000342
FramaCExecutionTime,59.88686160399993
TotalExecutionTime,239.11151343600068
