InputGenerationTime,0.19099381403066218
ProfilingTime,38.93700523802545
SimulationTime,224.40602561994456
FramaCExecutionTime,148.47174196795095
TotalExecutionTime,4200.988661678974
