InputGenerationTime,0.20462099200085504
ProfilingTime,30.576420573997893
SimulationTime,20.914883749999717
FramaCExecutionTime,119.80521449099979
TotalExecutionTime,2173.077137133998
