InputGenerationTime,0.2035223109414801
ProfilingTime,20.15957581694238
SimulationTime,756.1463709119707
FramaCExecutionTime,108.50297766900621
TotalExecutionTime,19896.333963438985
