InputGenerationTime,0.12341600493527949
ProfilingTime,39.46125561906956
SimulationTime,46.162884942023084
FramaCExecutionTime,109.50403061194811
TotalExecutionTime,1793.7932019950822
