InputGenerationTime,0.06673876900458708
ProfilingTime,28.017906613007654
SimulationTime,15.594362322997767
FramaCExecutionTime,105.7249488600064
TotalExecutionTime,1687.255965605029
