InputGenerationTime,0.20294841800205177
ProfilingTime,35.46565050299978
SimulationTime,23.898323512999923
FramaCExecutionTime,122.89071526799671
TotalExecutionTime,1958.2049920589961
