InputGenerationTime,0.2550414989818819
ProfilingTime,25.412874947011005
SimulationTime,13.923697444959544
FramaCExecutionTime,119.64459108404117
TotalExecutionTime,2380.2601948250085
