InputGenerationTime,0.29120918099943083
ProfilingTime,51.17515623400686
SimulationTime,277.1001589640073
FramaCExecutionTime,140.39637216499978
TotalExecutionTime,18950.839515059997
