InputGenerationTime,0.106488331919536
ProfilingTime,45.63275256101042
SimulationTime,190.02933201100677
FramaCExecutionTime,107.84012395399623
TotalExecutionTime,11154.558393988991
