InputGenerationTime,0.3234236310236156
ProfilingTime,26.860213311971165
SimulationTime,243.17661207803758
FramaCExecutionTime,118.84747565101134
TotalExecutionTime,5311.924515275983
