InputGenerationTime,0.20075722900219262
ProfilingTime,26.48078057199018
SimulationTime,241.10881906701252
FramaCExecutionTime,120.85969471401768
TotalExecutionTime,16374.573589155974
