InputGenerationTime,0.22197016500285827
ProfilingTime,26.98276035100571
SimulationTime,20.211407305003377
FramaCExecutionTime,102.733615930003
TotalExecutionTime,4454.5432216670015
