InputGenerationTime,0.13503388699973584
ProfilingTime,38.45010171700051
SimulationTime,114.52874125100061
FramaCExecutionTime,114.96788224999909
TotalExecutionTime,12703.248884706998
