InputGenerationTime,0.2450625509954989
ProfilingTime,28.068724901997484
SimulationTime,22.101755718991626
FramaCExecutionTime,119.58020104799652
TotalExecutionTime,1992.0898036200088
