InputGenerationTime,0.09243679200005772
ProfilingTime,40.04242947900002
SimulationTime,22.343137161999948
FramaCExecutionTime,140.29446766800004
TotalExecutionTime,1070.531794978
