InputGenerationTime,0.08587797201471403
ProfilingTime,38.35914601403056
SimulationTime,63.88325111899758
FramaCExecutionTime,105.58347059699008
TotalExecutionTime,30002.006600946013
