InputGenerationTime,0.04072097299649613
ProfilingTime,23.451950635004323
SimulationTime,15.024098488000163
FramaCExecutionTime,95.01072702199599
TotalExecutionTime,3272.789424036
