InputGenerationTime,0.07310996500018518
ProfilingTime,38.01519480100251
SimulationTime,27.095840595007758
FramaCExecutionTime,106.17393734199868
TotalExecutionTime,2562.5119232019933
