InputGenerationTime,0.106488331919536
ProfilingTime,48.807083427906036
SimulationTime,200.30337652703747
FramaCExecutionTime,107.84012395399623
TotalExecutionTime,10167.990811902098
