InputGenerationTime,0.27123504306655377
ProfilingTime,33.90660054795444
SimulationTime,234.77075378096197
FramaCExecutionTime,121.80990467895754
TotalExecutionTime,5744.627665235894
