InputGenerationTime,0.18418349499552278
ProfilingTime,55.53250601000036
SimulationTime,290.1639669399956
FramaCExecutionTime,134.15536504299962
TotalExecutionTime,13681.513573349002
