InputGenerationTime,0.11123362099897349
ProfilingTime,35.03973079400021
SimulationTime,18.002328638001927
FramaCExecutionTime,111.88471470699733
TotalExecutionTime,1667.9220507210011
