InputGenerationTime,0.15126023499760777
ProfilingTime,27.528239767998457
SimulationTime,20.274752977013122
FramaCExecutionTime,114.47119204199407
TotalExecutionTime,2082.0270210640156
