InputGenerationTime,0.06233766500008642
ProfilingTime,10.724681160999353
SimulationTime,6.358520618999137
FramaCExecutionTime,47.2595315919998
TotalExecutionTime,577.5724631329995
