InputGenerationTime,0.24733186499997828
ProfilingTime,28.354358978000164
SimulationTime,21.15902737799979
FramaCExecutionTime,124.64607925199971
TotalExecutionTime,3275.7410385109997
