InputGenerationTime,0.07509923400357366
ProfilingTime,21.97990696702618
SimulationTime,32.06647421896923
FramaCExecutionTime,93.9485455310205
TotalExecutionTime,148.0854688520194
