InputGenerationTime,0.03794739185832441
ProfilingTime,21.53267619991675
SimulationTime,12.840955581050366
FramaCExecutionTime,90.95548496907577
TotalExecutionTime,311.5531752270181
