InputGenerationTime,0.09243679200005772
ProfilingTime,37.0721810240002
SimulationTime,22.045386731999997
FramaCExecutionTime,140.29446766800004
TotalExecutionTime,1008.0396857919999
