InputGenerationTime,0.08321001699914632
ProfilingTime,37.48295885200059
SimulationTime,110.6940906689997
FramaCExecutionTime,108.04663024299953
TotalExecutionTime,5022.037740287
