InputGenerationTime,0.07480276003479958
ProfilingTime,19.903459548018873
SimulationTime,20.080440097954124
FramaCExecutionTime,92.13790134200826
TotalExecutionTime,679.5603330240119
