InputGenerationTime,0.23651412897743285
ProfilingTime,22.29885364708025
SimulationTime,11.409089089022018
FramaCExecutionTime,114.27070531004574
TotalExecutionTime,248.28202088794205
