InputGenerationTime,0.2328068589558825
ProfilingTime,45.67589949502144
SimulationTime,20.346304112114012
FramaCExecutionTime,120.70834039303008
TotalExecutionTime,1356.8585488200188
