InputGenerationTime,0.11123362099897349
ProfilingTime,40.29069703999994
SimulationTime,21.702883739002573
FramaCExecutionTime,111.88471470699733
TotalExecutionTime,2541.2405200739995
