InputGenerationTime,0.11488254508003592
ProfilingTime,40.94490402401425
SimulationTime,32.97334929800127
FramaCExecutionTime,134.28010943497065
TotalExecutionTime,2803.333016681019
