InputGenerationTime,0.06748960799995984
ProfilingTime,12.643934986999739
SimulationTime,7.42773518300055
FramaCExecutionTime,45.455020551000416
TotalExecutionTime,484.97606591899967
