InputGenerationTime,0.254091541050002
ProfilingTime,22.286803797935136
SimulationTime,10.373910024994984
FramaCExecutionTime,138.49859954905696
TotalExecutionTime,1040.468716894975
