InputGenerationTime,0.17436641099993722
ProfilingTime,41.16858900199986
SimulationTime,9.768835103999663
FramaCExecutionTime,111.46580506899954
TotalExecutionTime,2704.1870753519997
