InputGenerationTime,0.5576207120029721
ProfilingTime,27.299655555019854
SimulationTime,16.989981338992948
FramaCExecutionTime,137.8231833819882
TotalExecutionTime,2136.5986294070026
