InputGenerationTime,0.06989308199990774
ProfilingTime,24.832611233003263
SimulationTime,14.448682644993823
FramaCExecutionTime,94.03919311700156
TotalExecutionTime,1399.2177883709955
