InputGenerationTime,0.2538465560064651
ProfilingTime,52.56243196599826
SimulationTime,276.1722492539993
FramaCExecutionTime,147.2809260690119
TotalExecutionTime,26223.751894532994
