InputGenerationTime,0.06134430388920009
ProfilingTime,22.889601051807404
SimulationTime,11.69145589810796
FramaCExecutionTime,95.81497655203566
TotalExecutionTime,1409.8909055970144
