InputGenerationTime,0.36039209901355207
ProfilingTime,20.637900696019642
SimulationTime,210.00315705593675
FramaCExecutionTime,125.7520459779771
TotalExecutionTime,1982.5480448841117
