InputGenerationTime,0.18418349499552278
ProfilingTime,49.111349646002054
SimulationTime,273.4793614250011
FramaCExecutionTime,134.15536504299962
TotalExecutionTime,13026.915624444999
