InputGenerationTime,0.131118303979747
ProfilingTime,33.08456556103192
SimulationTime,896.928109416971
FramaCExecutionTime,108.81593526701909
TotalExecutionTime,5131.242282763007
