InputGenerationTime,0.1586757400073111
ProfilingTime,33.98316027998226
SimulationTime,113.77987943403423
FramaCExecutionTime,113.80346785899019
TotalExecutionTime,2242.606043740001
