InputGenerationTime,0.1973126189550385
ProfilingTime,45.57072480599163
SimulationTime,68.73379069496877
FramaCExecutionTime,110.4989025190007
TotalExecutionTime,375.1345661249943
