InputGenerationTime,0.131118303979747
ProfilingTime,45.86149088712409
SimulationTime,1035.6990058990195
FramaCExecutionTime,108.81593526701909
TotalExecutionTime,23082.66889363795
