InputGenerationTime,0.20018389399956504
ProfilingTime,32.89261139300015
SimulationTime,20.81109436600036
FramaCExecutionTime,114.37678537700049
TotalExecutionTime,6059.794175099
