InputGenerationTime,0.06064719200367108
ProfilingTime,29.533916382002644
SimulationTime,16.976676505000796
FramaCExecutionTime,106.90652724599931
TotalExecutionTime,1499.3856889640447
