InputGenerationTime,0.2951946859830059
ProfilingTime,28.299018496996723
SimulationTime,174.68734757200582
FramaCExecutionTime,126.49901207099902
TotalExecutionTime,11620.297976403002
