InputGenerationTime,0.24126282497309148
ProfilingTime,19.119764346978627
SimulationTime,219.0809040919412
FramaCExecutionTime,107.74387342808768
TotalExecutionTime,1998.9358332370175
