InputGenerationTime,0.2250435840105638
ProfilingTime,20.424566650995985
SimulationTime,209.3897035520058
FramaCExecutionTime,112.19995585503057
TotalExecutionTime,574.9512773960596
