InputGenerationTime,0.3234236310236156
ProfilingTime,26.386556521989405
SimulationTime,246.38576516200555
FramaCExecutionTime,118.84747565101134
TotalExecutionTime,4733.647351792955
