InputGenerationTime,0.07310996500018518
ProfilingTime,31.961575503999484
SimulationTime,20.60193852399243
FramaCExecutionTime,106.17393734199868
TotalExecutionTime,2303.6420813639998
