InputGenerationTime,0.0652667719987221
ProfilingTime,27.44850639795186
SimulationTime,7.673356037004851
FramaCExecutionTime,107.56037442997331
TotalExecutionTime,4394.9706680120435
