InputGenerationTime,0.08053681813180447
ProfilingTime,31.939304454019293
SimulationTime,338.26789814489894
FramaCExecutionTime,106.81704033003189
TotalExecutionTime,24211.142477870104
