InputGenerationTime,0.3232922659954056
ProfilingTime,22.046463915030472
SimulationTime,60.36341139301658
FramaCExecutionTime,123.42935546697117
TotalExecutionTime,3234.2499673069688
