InputGenerationTime,0.07834984001237899
ProfilingTime,26.139894450025167
SimulationTime,16.438129632966593
FramaCExecutionTime,108.21301396400668
TotalExecutionTime,235.9745286750258
