InputGenerationTime,0.13310052594169974
ProfilingTime,35.619195960927755
SimulationTime,29.469811893999577
FramaCExecutionTime,137.11517138092313
TotalExecutionTime,485.08533549204003
