InputGenerationTime,0.12488321099954192
ProfilingTime,28.536961527999665
SimulationTime,20.837329096997564
FramaCExecutionTime,88.36304531300266
TotalExecutionTime,2669.4324924730026
