InputGenerationTime,0.0801443759992253
ProfilingTime,26.929145273999893
SimulationTime,15.885122690000571
FramaCExecutionTime,100.1416515919991
TotalExecutionTime,3003.687191659992
