InputGenerationTime,0.07863106299191713
ProfilingTime,33.18819108803291
SimulationTime,18.33023588504875
FramaCExecutionTime,106.38991733599687
TotalExecutionTime,3875.947195235989
