InputGenerationTime,0.23642875702353194
ProfilingTime,40.765777343010996
SimulationTime,190.1923075040104
FramaCExecutionTime,115.11188443098217
TotalExecutionTime,5614.323406094976
