InputGenerationTime,0.24459180305711925
ProfilingTime,19.475536639918573
SimulationTime,9.208698899950832
FramaCExecutionTime,116.45146760297939
TotalExecutionTime,1191.5300627700053
