InputGenerationTime,0.0791702719998284
ProfilingTime,10.722965336000925
SimulationTime,6.5690893920000235
FramaCExecutionTime,50.45893695700033
TotalExecutionTime,734.8198318999985
