InputGenerationTime,0.2623665229184553
ProfilingTime,25.515337874065153
SimulationTime,12.758650921983644
FramaCExecutionTime,115.6550668469863
TotalExecutionTime,656.7612533159554
