InputGenerationTime,0.22719534100178862
ProfilingTime,41.06642211000144
SimulationTime,250.0225925220002
FramaCExecutionTime,129.50138765100564
TotalExecutionTime,3670.349371217002
