InputGenerationTime,0.17901038100171718
ProfilingTime,36.26409664200037
SimulationTime,16.877557985997555
FramaCExecutionTime,117.9092438819971
TotalExecutionTime,3091.7574105109998
