InputGenerationTime,0.2250435840105638
ProfilingTime,23.450310876010917
SimulationTime,213.03465940698516
FramaCExecutionTime,112.19995585503057
TotalExecutionTime,2684.6569257080555
