InputGenerationTime,0.0497497089963872
ProfilingTime,30.887095154990675
SimulationTime,222.67626766800822
FramaCExecutionTime,106.16062168798817
TotalExecutionTime,359.81060601699573
