InputGenerationTime,0.08208400999865262
ProfilingTime,23.28055311299977
SimulationTime,216.80056044999947
FramaCExecutionTime,96.04302714300138
TotalExecutionTime,5404.408891337
