InputGenerationTime,0.06233766500008642
ProfilingTime,10.500667817000249
SimulationTime,7.406040433999806
FramaCExecutionTime,47.2595315919998
TotalExecutionTime,706.5811582420001
