InputGenerationTime,0.2893862620694563
ProfilingTime,21.5041019419441
SimulationTime,9.732803482096642
FramaCExecutionTime,117.19879986299202
TotalExecutionTime,1282.1848275869852
