InputGenerationTime,0.07230846700258553
ProfilingTime,25.500681895005982
SimulationTime,230.81270156201208
FramaCExecutionTime,106.69600580900442
TotalExecutionTime,19763.075725222996
