InputGenerationTime,0.08297437703004107
ProfilingTime,28.22233994299313
SimulationTime,40.51178691099631
FramaCExecutionTime,103.6552166279871
TotalExecutionTime,4384.440077969979
