InputGenerationTime,0.36768036500143353
ProfilingTime,53.92162413299957
SimulationTime,34.97895870900538
FramaCExecutionTime,132.18089018899627
TotalExecutionTime,1491.203981671002
