InputGenerationTime,0.07310996500018518
ProfilingTime,31.954368078993866
SimulationTime,23.30696806299966
FramaCExecutionTime,106.17393734199868
TotalExecutionTime,2680.6034123029967
