InputGenerationTime,0.08888787199975923
ProfilingTime,33.26806979700632
SimulationTime,21.501630312995985
FramaCExecutionTime,102.41301443899283
TotalExecutionTime,709.3583821069915
