InputGenerationTime,0.19766114899903187
ProfilingTime,28.09393330000239
SimulationTime,20.5385051129997
FramaCExecutionTime,120.10270344499804
TotalExecutionTime,647.5875236819993
