InputGenerationTime,0.5459449000190943
ProfilingTime,30.030071967979893
SimulationTime,16.055533323000418
FramaCExecutionTime,142.59089715700247
TotalExecutionTime,2999.345142017002
