InputGenerationTime,0.1727162059978582
ProfilingTime,26.30642498002271
SimulationTime,262.93359085099655
FramaCExecutionTime,121.51857166702393
TotalExecutionTime,5208.541342540993
