InputGenerationTime,0.2087663629790768
ProfilingTime,24.321923853014596
SimulationTime,15.779394369921647
FramaCExecutionTime,115.82717773900367
TotalExecutionTime,697.6582753130933
