InputGenerationTime,0.11737045999325346
ProfilingTime,42.1847412569914
SimulationTime,27.568653096008347
FramaCExecutionTime,130.64505490900774
TotalExecutionTime,4692.613200275999
