InputGenerationTime,0.12260364304529503
ProfilingTime,26.820578982005827
SimulationTime,21.647144337010104
FramaCExecutionTime,105.3618222590303
TotalExecutionTime,3343.4396139049786
