InputGenerationTime,0.0990121210925281
ProfilingTime,48.18071495788172
SimulationTime,5.971786312991753
FramaCExecutionTime,107.4057569380384
TotalExecutionTime,4843.33997982298
