InputGenerationTime,0.05978687900096702
ProfilingTime,13.204500402000122
SimulationTime,7.18448790399998
FramaCExecutionTime,49.88949812200008
TotalExecutionTime,771.8125076349988
