InputGenerationTime,0.08888787199975923
ProfilingTime,40.14282730000559
SimulationTime,26.348471299002995
FramaCExecutionTime,102.41301443899283
TotalExecutionTime,1371.8893433099875
