InputGenerationTime,0.19099381403066218
ProfilingTime,31.022554655908607
SimulationTime,216.41804587899242
FramaCExecutionTime,148.47174196795095
TotalExecutionTime,885.3364976369776
