InputGenerationTime,0.2095904320012778
ProfilingTime,21.92854327999521
SimulationTime,10.502520635956898
FramaCExecutionTime,113.9620377930114
TotalExecutionTime,1334.1569708809257
