InputGenerationTime,0.2035223109414801
ProfilingTime,21.002859840984456
SimulationTime,661.5849665208953
FramaCExecutionTime,108.50297766900621
TotalExecutionTime,28588.240210853983
