InputGenerationTime,0.03731615799915744
ProfilingTime,26.716739606003102
SimulationTime,13.942047894001007
FramaCExecutionTime,98.2822837460044
TotalExecutionTime,1335.2321167160044
