InputGenerationTime,0.06064719200367108
ProfilingTime,28.92466986097861
SimulationTime,17.122103325033095
FramaCExecutionTime,106.90652724599931
TotalExecutionTime,2058.7987392270006
