InputGenerationTime,0.1860354489999736
ProfilingTime,30.622816504999946
SimulationTime,20.651378465000107
FramaCExecutionTime,133.846350332
TotalExecutionTime,794.878308218
