InputGenerationTime,0.06617910400382243
ProfilingTime,28.41388772201026
SimulationTime,14.817603568008053
FramaCExecutionTime,105.83214284598944
TotalExecutionTime,3314.0283106580027
