InputGenerationTime,0.05953637699712999
ProfilingTime,24.29457461900165
SimulationTime,17.86206764900271
FramaCExecutionTime,106.16420628500055
TotalExecutionTime,716.7701872499965
