InputGenerationTime,0.05953637699712999
ProfilingTime,22.91606170900195
SimulationTime,16.558214530996338
FramaCExecutionTime,106.16420628500055
TotalExecutionTime,145.70360303399502
