InputGenerationTime,0.08321001699914632
ProfilingTime,33.59429488299975
SimulationTime,106.55659971000023
FramaCExecutionTime,108.04663024299953
TotalExecutionTime,4126.452554351999
