InputGenerationTime,0.04965436900238274
ProfilingTime,21.942896861000918
SimulationTime,219.66373230799945
FramaCExecutionTime,96.85920009500114
TotalExecutionTime,20186.141937206005
