InputGenerationTime,0.03244398299830209
ProfilingTime,22.41869737200068
SimulationTime,214.66582289500002
FramaCExecutionTime,92.58095922599932
TotalExecutionTime,9212.850123668999
