InputGenerationTime,0.2581516409991309
ProfilingTime,27.6091184100369
SimulationTime,244.1592701729969
FramaCExecutionTime,121.72503140498884
TotalExecutionTime,11426.193649502995
