InputGenerationTime,0.3343403210164979
ProfilingTime,25.333250103052706
SimulationTime,12.726507453015074
FramaCExecutionTime,124.28450092894491
TotalExecutionTime,449.6754894349724
