InputGenerationTime,0.5125337750068866
ProfilingTime,29.94002518898924
SimulationTime,16.14606039301725
FramaCExecutionTime,149.69917792000342
TotalExecutionTime,4142.230459889019
