InputGenerationTime,0.2563665369998489
ProfilingTime,26.108366440999816
SimulationTime,234.28246252999998
FramaCExecutionTime,119.80670238400126
TotalExecutionTime,7318.060319526
