InputGenerationTime,0.22495511300076032
ProfilingTime,29.049574138000025
SimulationTime,233.10176580999905
FramaCExecutionTime,129.21610248100114
TotalExecutionTime,15329.381734362
