InputGenerationTime,0.18582355696707964
ProfilingTime,25.133144564984832
SimulationTime,17.577219884027727
FramaCExecutionTime,131.82039032201283
TotalExecutionTime,2695.6546139710117
