InputGenerationTime,0.03244398299830209
ProfilingTime,21.12809262799965
SimulationTime,215.17787099100133
FramaCExecutionTime,92.58095922599932
TotalExecutionTime,6605.422463835
