InputGenerationTime,0.1260524740209803
ProfilingTime,24.246091001026798
SimulationTime,46.76181458099745
FramaCExecutionTime,94.21775655599777
TotalExecutionTime,6611.743161994033
