InputGenerationTime,0.18418349499552278
ProfilingTime,56.38364786299644
SimulationTime,272.0670661070035
FramaCExecutionTime,134.15536504299962
TotalExecutionTime,11630.594352567
