InputGenerationTime,0.2095904320012778
ProfilingTime,21.496873736963607
SimulationTime,10.302087418967858
FramaCExecutionTime,113.9620377930114
TotalExecutionTime,1635.9854137359653
