InputGenerationTime,0.05978687900096702
ProfilingTime,12.36783318200105
SimulationTime,6.96642531299949
FramaCExecutionTime,49.88949812200008
TotalExecutionTime,831.2774066969996
