InputGenerationTime,0.2734934970503673
ProfilingTime,21.201583882095292
SimulationTime,13.95710754301399
FramaCExecutionTime,118.28702378703747
TotalExecutionTime,1246.286294633057
