InputGenerationTime,0.21752191695850343
ProfilingTime,25.551456753048114
SimulationTime,216.0796630079858
FramaCExecutionTime,113.90528678707778
TotalExecutionTime,7811.669809769024
