InputGenerationTime,0.3489217610040214
ProfilingTime,27.661310274001153
SimulationTime,21.42951332800294
FramaCExecutionTime,101.74599396999838
TotalExecutionTime,2328.4712913749972
