InputGenerationTime,0.23825610300991684
ProfilingTime,23.197113210975658
SimulationTime,244.01738304895116
FramaCExecutionTime,125.86535251897294
TotalExecutionTime,19494.692518113006
