InputGenerationTime,0.5576207120029721
ProfilingTime,26.84367358899908
SimulationTime,16.547961502015823
FramaCExecutionTime,137.8231833819882
TotalExecutionTime,2029.9646224899916
