InputGenerationTime,0.23457185400184244
ProfilingTime,23.765323664003517
SimulationTime,49.953993327042554
FramaCExecutionTime,100.63616595900385
TotalExecutionTime,2948.8367886699853
