InputGenerationTime,0.03244398299830209
ProfilingTime,21.13916022000012
SimulationTime,214.4797681880009
FramaCExecutionTime,92.58095922599932
TotalExecutionTime,9952.018383218001
