InputGenerationTime,0.06748960799995984
ProfilingTime,12.510604756000248
SimulationTime,7.214775610998913
FramaCExecutionTime,45.455020551000416
TotalExecutionTime,139.964718498999
