InputGenerationTime,0.254091541050002
ProfilingTime,27.959239149000496
SimulationTime,12.68898352002725
FramaCExecutionTime,138.49859954905696
TotalExecutionTime,341.69092074991204
