InputGenerationTime,0.2565058240434155
ProfilingTime,20.405193320009857
SimulationTime,11.966552820988
FramaCExecutionTime,113.66936873702798
TotalExecutionTime,1076.590754249948
