InputGenerationTime,0.23208729503676295
ProfilingTime,24.77640429197345
SimulationTime,70.48848912696121
FramaCExecutionTime,100.15079668501858
TotalExecutionTime,2092.389497053984
