InputGenerationTime,0.30299885899876244
ProfilingTime,29.894579193991376
SimulationTime,15.692991349002114
FramaCExecutionTime,115.40188249299536
TotalExecutionTime,202.9215255669842
