InputGenerationTime,0.2333431259903591
ProfilingTime,33.8166437339969
SimulationTime,27.385425044980366
FramaCExecutionTime,126.27864418100216
TotalExecutionTime,2437.046893916995
