InputGenerationTime,0.18538614409044385
ProfilingTime,26.527208536979742
SimulationTime,218.52494499192107
FramaCExecutionTime,110.43824010202661
TotalExecutionTime,3890.8692342099966
