InputGenerationTime,0.04837128699728055
ProfilingTime,24.724925089998578
SimulationTime,12.77012397100043
FramaCExecutionTime,95.57277957100086
TotalExecutionTime,2423.1743962460023
