InputGenerationTime,0.146842653004569
ProfilingTime,27.02972175100149
SimulationTime,19.582279844995355
FramaCExecutionTime,89.65716592899844
TotalExecutionTime,871.2814647600026
