InputGenerationTime,0.1860354489999736
ProfilingTime,30.249453451999898
SimulationTime,20.76508401000001
FramaCExecutionTime,133.846350332
TotalExecutionTime,695.991102017
