InputGenerationTime,0.08053681813180447
ProfilingTime,33.48862830689177
SimulationTime,305.58562970883213
FramaCExecutionTime,106.81704033003189
TotalExecutionTime,31930.166476759012
