InputGenerationTime,0.06134430388920009
ProfilingTime,25.163564993068576
SimulationTime,16.17394013190642
FramaCExecutionTime,95.81497655203566
TotalExecutionTime,1948.9067043159157
