InputGenerationTime,0.18446814600611106
ProfilingTime,23.225321712030564
SimulationTime,213.21968770801323
FramaCExecutionTime,112.07018067297759
TotalExecutionTime,15332.151075394999
