InputGenerationTime,0.0652667719987221
ProfilingTime,25.33976443699794
SimulationTime,20.926209940051194
FramaCExecutionTime,107.56037442997331
TotalExecutionTime,3624.4409142929944
