InputGenerationTime,0.04074582800240023
ProfilingTime,23.750367510001524
SimulationTime,10.554384122002375
FramaCExecutionTime,95.56120953299978
TotalExecutionTime,1154.0704508820018
