InputGenerationTime,0.18076778999966336
ProfilingTime,41.463946661999216
SimulationTime,22.919717168002535
FramaCExecutionTime,117.59281498999917
TotalExecutionTime,4881.590866235001
