InputGenerationTime,0.1260524740209803
ProfilingTime,24.352878603036515
SimulationTime,46.87874225497944
FramaCExecutionTime,94.21775655599777
TotalExecutionTime,7339.9156037879875
