InputGenerationTime,0.2565058240434155
ProfilingTime,23.30576010805089
SimulationTime,14.627381199970841
FramaCExecutionTime,113.66936873702798
TotalExecutionTime,1253.658449013019
