InputGenerationTime,0.05246901400096249
ProfilingTime,26.838277532995562
SimulationTime,16.7330952600023
FramaCExecutionTime,99.9211063440016
TotalExecutionTime,4119.967020799988
