InputGenerationTime,0.0869224370107986
ProfilingTime,25.626400948967785
SimulationTime,17.37210920295911
FramaCExecutionTime,107.27235301001929
TotalExecutionTime,2576.2396702140104
