InputGenerationTime,0.18170733300212305
ProfilingTime,30.948965394003608
SimulationTime,20.68902968600014
FramaCExecutionTime,99.81084801500401
TotalExecutionTime,3261.3340103260052
