InputGenerationTime,0.21722360595595092
ProfilingTime,41.02674019301776
SimulationTime,239.95544845191762
FramaCExecutionTime,123.38338132703211
TotalExecutionTime,8356.749809552915
