InputGenerationTime,0.07626064800024324
ProfilingTime,17.497861735000697
SimulationTime,10.104300160000093
FramaCExecutionTime,59.88686160399993
TotalExecutionTime,404.37006464800015
