InputGenerationTime,0.2698664650088176
ProfilingTime,44.054633700987324
SimulationTime,20.53135069308337
FramaCExecutionTime,179.84466144593898
TotalExecutionTime,974.3935730359517
