InputGenerationTime,0.07747332500002813
ProfilingTime,32.66372839998803
SimulationTime,19.193847282993374
FramaCExecutionTime,107.59819377001259
TotalExecutionTime,684.8593591560057
