InputGenerationTime,0.21989744500024244
ProfilingTime,25.357659280998632
SimulationTime,214.6726971999742
FramaCExecutionTime,110.1814316730015
TotalExecutionTime,3875.6355218499666
