InputGenerationTime,0.24126282497309148
ProfilingTime,18.90253511501942
SimulationTime,216.26136289094575
FramaCExecutionTime,107.74387342808768
TotalExecutionTime,343.1764656819869
