InputGenerationTime,0.1322396129999106
ProfilingTime,11.374104896000063
SimulationTime,9.102269115000126
FramaCExecutionTime,55.91579891600031
TotalExecutionTime,451.15869486500014
