InputGenerationTime,0.2941565380024258
ProfilingTime,33.18498740601353
SimulationTime,18.003592900000513
FramaCExecutionTime,119.22128029901069
TotalExecutionTime,3455.7920123469958
