InputGenerationTime,0.0990121210925281
ProfilingTime,46.180500983959064
SimulationTime,234.98865227005444
FramaCExecutionTime,107.4057569380384
TotalExecutionTime,5958.452695587883
