InputGenerationTime,0.05791807700006757
ProfilingTime,32.153522929002065
SimulationTime,15.820530262004468
FramaCExecutionTime,106.56665147199237
TotalExecutionTime,1910.9759271079965
