InputGenerationTime,0.36039209901355207
ProfilingTime,22.19268501899205
SimulationTime,215.1347159059951
FramaCExecutionTime,125.7520459779771
TotalExecutionTime,4382.895855923067
