InputGenerationTime,0.04561591404490173
ProfilingTime,18.46108112996444
SimulationTime,8.09152911300771
FramaCExecutionTime,88.03226714697666
TotalExecutionTime,114.63434921205044
