InputGenerationTime,0.11109681602101773
ProfilingTime,20.667990371002816
SimulationTime,54.63575740798842
FramaCExecutionTime,95.02735664101783
TotalExecutionTime,4176.086110208998
