InputGenerationTime,0.22147605799546
ProfilingTime,41.944514690003416
SimulationTime,28.872024475000217
FramaCExecutionTime,139.0204824370012
TotalExecutionTime,5088.509723684998
