InputGenerationTime,0.07569622099981643
ProfilingTime,10.480624022000484
SimulationTime,6.848959462000494
FramaCExecutionTime,48.96770703600032
TotalExecutionTime,101.50148936699952
