InputGenerationTime,0.2623665229184553
ProfilingTime,20.94397816900164
SimulationTime,8.87764470395632
FramaCExecutionTime,115.6550668469863
TotalExecutionTime,206.1124126330251
