InputGenerationTime,0.2384402189636603
ProfilingTime,37.230558242998086
SimulationTime,72.39688922907226
FramaCExecutionTime,151.8234170480864
TotalExecutionTime,2183.1755059700226
