InputGenerationTime,0.09243679200005772
ProfilingTime,37.527580570000055
SimulationTime,22.743575584000155
FramaCExecutionTime,140.29446766800004
TotalExecutionTime,442.49436642600006
