InputGenerationTime,0.02432121099991491
ProfilingTime,9.569953509999323
SimulationTime,5.472861808000744
FramaCExecutionTime,41.77757867699984
TotalExecutionTime,411.51078016300016
