InputGenerationTime,0.5249734570097644
ProfilingTime,26.993536082998617
SimulationTime,17.88593408599263
FramaCExecutionTime,148.15377748798346
TotalExecutionTime,4439.26758842601
