InputGenerationTime,0.1973126189550385
ProfilingTime,50.066704971017316
SimulationTime,53.516763738007285
FramaCExecutionTime,110.4989025190007
TotalExecutionTime,579.6178211359656
