InputGenerationTime,0.0626839460019255
ProfilingTime,28.727156784007093
SimulationTime,15.13021194099565
FramaCExecutionTime,104.38985318000778
TotalExecutionTime,4557.0972875129955
