InputGenerationTime,0.5491699959966354
ProfilingTime,33.58729435200803
SimulationTime,20.525371224008268
FramaCExecutionTime,132.03446686899406
TotalExecutionTime,624.4154434110096
