InputGenerationTime,0.20018389399956504
ProfilingTime,39.69172863099993
SimulationTime,24.83938142199986
FramaCExecutionTime,114.37678537700049
TotalExecutionTime,6006.011870665
