InputGenerationTime,0.2095904320012778
ProfilingTime,23.420196544961073
SimulationTime,11.462259176070802
FramaCExecutionTime,113.9620377930114
TotalExecutionTime,1369.0978056979366
