InputGenerationTime,0.05978687900096702
ProfilingTime,13.450390373000118
SimulationTime,7.481867455999236
FramaCExecutionTime,49.88949812200008
TotalExecutionTime,668.4788370480001
