InputGenerationTime,0.06064719200367108
ProfilingTime,28.95031006197678
SimulationTime,17.344785917026456
FramaCExecutionTime,106.90652724599931
TotalExecutionTime,2151.236240713042
