InputGenerationTime,0.18901437100430485
ProfilingTime,39.15998406899598
SimulationTime,24.770239773999492
FramaCExecutionTime,120.16616172400245
TotalExecutionTime,4496.57722019
