InputGenerationTime,0.05441822297871113
ProfilingTime,27.25205545593053
SimulationTime,218.72942893602885
FramaCExecutionTime,93.7210614560172
TotalExecutionTime,1518.5481925050262
