InputGenerationTime,0.27715257002273574
ProfilingTime,33.67184835500666
SimulationTime,22.31114441898535
FramaCExecutionTime,128.3411734039837
TotalExecutionTime,3879.3133835299814
