InputGenerationTime,0.1776239509927109
ProfilingTime,37.39458172698505
SimulationTime,21.205704396008514
FramaCExecutionTime,144.69820828095544
TotalExecutionTime,1271.3261696089758
