InputGenerationTime,0.0626839460019255
ProfilingTime,31.18998671299778
SimulationTime,17.271149663996766
FramaCExecutionTime,104.38985318000778
TotalExecutionTime,4365.022714770996
