InputGenerationTime,0.12260364304529503
ProfilingTime,25.67870468198089
SimulationTime,23.3220380290295
FramaCExecutionTime,105.3618222590303
TotalExecutionTime,2802.2053429330117
