InputGenerationTime,0.2978791029963759
ProfilingTime,26.832275048000156
SimulationTime,20.016498381002748
FramaCExecutionTime,94.0850575910008
TotalExecutionTime,1083.8135492759975
