InputGenerationTime,0.31785363605013117
ProfilingTime,25.51386652101064
SimulationTime,18.640503098024055
FramaCExecutionTime,117.68211280897958
TotalExecutionTime,665.2697636710363
