InputGenerationTime,0.23651412897743285
ProfilingTime,22.755754347075708
SimulationTime,12.821967651951127
FramaCExecutionTime,114.27070531004574
TotalExecutionTime,794.465309905936
