InputGenerationTime,0.06429028999991715
ProfilingTime,28.857514113013167
SimulationTime,13.742592614027672
FramaCExecutionTime,107.19028882699786
TotalExecutionTime,188.78255551902112
