InputGenerationTime,0.04619556199759245
ProfilingTime,26.413165752019268
SimulationTime,231.5822326989728
FramaCExecutionTime,102.9426576619735
TotalExecutionTime,11210.74340653501
