InputGenerationTime,0.18076778999966336
ProfilingTime,35.017682881996734
SimulationTime,16.965840221997496
FramaCExecutionTime,117.59281498999917
TotalExecutionTime,4622.545665246002
