InputGenerationTime,0.0497497089963872
ProfilingTime,35.38777775999915
SimulationTime,229.22780255599355
FramaCExecutionTime,106.16062168798817
TotalExecutionTime,1648.7625761679956
