InputGenerationTime,0.10224440705496818
ProfilingTime,24.85146737995092
SimulationTime,18.959244722034782
FramaCExecutionTime,96.26200270303525
TotalExecutionTime,616.103151004063
