InputGenerationTime,0.19021941302344203
ProfilingTime,20.718398827011697
SimulationTime,210.22997111000586
FramaCExecutionTime,113.54233702400234
TotalExecutionTime,6134.010801434983
