InputGenerationTime,0.05978687900096702
ProfilingTime,12.85141686299903
SimulationTime,7.670607381998707
FramaCExecutionTime,49.88949812200008
TotalExecutionTime,955.1959657869993
