InputGenerationTime,0.2095904320012778
ProfilingTime,22.540042661945336
SimulationTime,10.965524405008182
FramaCExecutionTime,113.9620377930114
TotalExecutionTime,1839.8130445339484
