InputGenerationTime,0.07863106299191713
ProfilingTime,28.571658144006506
SimulationTime,16.609299500007182
FramaCExecutionTime,106.38991733599687
TotalExecutionTime,3776.4291435250198
