InputGenerationTime,0.0497497089963872
ProfilingTime,33.54516598000191
SimulationTime,227.2555368970061
FramaCExecutionTime,106.16062168798817
TotalExecutionTime,3778.5062805740017
