InputGenerationTime,0.02432121099991491
ProfilingTime,10.118936587999997
SimulationTime,7.133448684000541
FramaCExecutionTime,41.77757867699984
TotalExecutionTime,314.7063438389996
