InputGenerationTime,0.04561591404490173
ProfilingTime,19.501905457815155
SimulationTime,9.829513838980347
FramaCExecutionTime,88.03226714697666
TotalExecutionTime,560.4030424519442
