InputGenerationTime,0.23825610300991684
ProfilingTime,26.950227844994515
SimulationTime,246.38965414097765
FramaCExecutionTime,125.86535251897294
TotalExecutionTime,21114.477600549988
