InputGenerationTime,0.22179850202519447
ProfilingTime,33.57637132401578
SimulationTime,59.35991179803386
FramaCExecutionTime,150.7494653709
TotalExecutionTime,5039.511799430009
