InputGenerationTime,0.20753930194769055
ProfilingTime,20.279420824022964
SimulationTime,218.4643431220902
FramaCExecutionTime,108.56039979495108
TotalExecutionTime,9254.707401571912
