InputGenerationTime,0.04915673100913409
ProfilingTime,29.791099075009697
SimulationTime,12.354827995994128
FramaCExecutionTime,104.74350526298804
TotalExecutionTime,146.9557277319982
