InputGenerationTime,0.06782107497565448
ProfilingTime,19.482415647013113
SimulationTime,18.993489898042753
FramaCExecutionTime,91.11508935387246
TotalExecutionTime,1699.2239622210618
