InputGenerationTime,0.10488404300122056
ProfilingTime,36.587837396000396
SimulationTime,18.1577733860031
FramaCExecutionTime,118.49847431200033
TotalExecutionTime,2343.050636295
