InputGenerationTime,0.02344999100023415
ProfilingTime,11.763078030000543
SimulationTime,7.438270119999288
FramaCExecutionTime,44.093769834998966
TotalExecutionTime,563.3923608999994
