InputGenerationTime,0.5126059039903339
ProfilingTime,27.817848659993615
SimulationTime,14.549087229999714
FramaCExecutionTime,134.92843663701206
TotalExecutionTime,2091.531876096007
