InputGenerationTime,0.27123504306655377
ProfilingTime,39.43992339295801
SimulationTime,245.8900312819751
FramaCExecutionTime,121.80990467895754
TotalExecutionTime,2863.896357428981
