InputGenerationTime,0.12260364304529503
ProfilingTime,24.568534475984052
SimulationTime,21.734400142042432
FramaCExecutionTime,105.3618222590303
TotalExecutionTime,3029.99840122601
