InputGenerationTime,0.2951946859830059
ProfilingTime,26.663715733011486
SimulationTime,124.02427169700968
FramaCExecutionTime,126.49901207099902
TotalExecutionTime,10313.591360634979
