InputGenerationTime,0.12488321099954192
ProfilingTime,26.74386651999521
SimulationTime,19.668542596002226
FramaCExecutionTime,88.36304531300266
TotalExecutionTime,3082.5076411960035
