InputGenerationTime,0.5576207120029721
ProfilingTime,32.320548786985455
SimulationTime,25.067245270009153
FramaCExecutionTime,137.8231833819882
TotalExecutionTime,2384.5910045909986
