InputGenerationTime,0.5491699959966354
ProfilingTime,32.36621890999959
SimulationTime,25.41021807899233
FramaCExecutionTime,132.03446686899406
TotalExecutionTime,937.5337458460126
