InputGenerationTime,0.5458302329934668
ProfilingTime,31.175310374994297
SimulationTime,13.493312516016886
FramaCExecutionTime,135.8646732600173
TotalExecutionTime,2869.4771125770058
