InputGenerationTime,0.08807973000511993
ProfilingTime,35.39562459300214
SimulationTime,21.379251535006915
FramaCExecutionTime,104.4215551840025
TotalExecutionTime,424.6764644290088
