InputGenerationTime,0.18836116197053343
ProfilingTime,25.48893983097514
SimulationTime,21.59182026499184
FramaCExecutionTime,111.69122295401758
TotalExecutionTime,407.427981269022
