InputGenerationTime,0.21722360595595092
ProfilingTime,45.03696779196616
SimulationTime,242.11047867604066
FramaCExecutionTime,123.38338132703211
TotalExecutionTime,10594.025630677002
