InputGenerationTime,0.02344999100023415
ProfilingTime,15.336624038998707
SimulationTime,8.60474466300002
FramaCExecutionTime,44.093769834998966
TotalExecutionTime,878.00591541
