InputGenerationTime,0.2978791029963759
ProfilingTime,26.595318744002725
SimulationTime,22.56902270399587
FramaCExecutionTime,94.0850575910008
TotalExecutionTime,981.6412718469946
