InputGenerationTime,0.06064719200367108
ProfilingTime,28.336613112012856
SimulationTime,15.776774077967275
FramaCExecutionTime,106.90652724599931
TotalExecutionTime,1590.30220929801
