InputGenerationTime,0.2550414989818819
ProfilingTime,21.835658702999353
SimulationTime,11.152625494985841
FramaCExecutionTime,119.64459108404117
TotalExecutionTime,2126.4255552119575
