InputGenerationTime,0.03560964995995164
ProfilingTime,19.21865448495373
SimulationTime,31.927887527039275
FramaCExecutionTime,89.09152986505069
TotalExecutionTime,2285.3785225980682
