InputGenerationTime,0.04074582800240023
ProfilingTime,24.610992362002435
SimulationTime,10.973970873001235
FramaCExecutionTime,95.56120953299978
TotalExecutionTime,1451.104027554
