InputGenerationTime,0.20018389399956504
ProfilingTime,33.0571030760002
SimulationTime,20.273730978999993
FramaCExecutionTime,114.37678537700049
TotalExecutionTime,4882.269302752
