InputGenerationTime,0.146842653004569
ProfilingTime,25.270680711997557
SimulationTime,16.80726596599561
FramaCExecutionTime,89.65716592899844
TotalExecutionTime,172.75019692600472
