InputGenerationTime,0.18929134996142238
ProfilingTime,20.84479163197102
SimulationTime,208.74154018599074
FramaCExecutionTime,116.21079802402528
TotalExecutionTime,16380.731944035972
