InputGenerationTime,0.08780276495963335
ProfilingTime,20.1812707639765
SimulationTime,108.89063616492786
FramaCExecutionTime,97.10535426600836
TotalExecutionTime,2168.9871631350834
