InputGenerationTime,0.20294841800205177
ProfilingTime,35.84542223099561
SimulationTime,24.346864362996712
FramaCExecutionTime,122.89071526799671
TotalExecutionTime,1837.5759687360005
