InputGenerationTime,0.2328068589558825
ProfilingTime,33.94014644890558
SimulationTime,12.70950139197521
FramaCExecutionTime,120.70834039303008
TotalExecutionTime,519.1800457140198
