InputGenerationTime,0.05724849900070694
ProfilingTime,24.618289417998312
SimulationTime,13.502014538000367
FramaCExecutionTime,97.37556695500098
TotalExecutionTime,316.44237473199973
