InputGenerationTime,0.24175441300030798
ProfilingTime,32.44375326903537
SimulationTime,19.499029022990726
FramaCExecutionTime,151.40488299599383
TotalExecutionTime,2231.8506598430686
