InputGenerationTime,0.33293280099951517
ProfilingTime,28.1014803930002
SimulationTime,19.781787948000783
FramaCExecutionTime,130.06025948600018
TotalExecutionTime,4346.0642874879995
