InputGenerationTime,0.254091541050002
ProfilingTime,22.44794484192971
SimulationTime,10.34072495799046
FramaCExecutionTime,138.49859954905696
TotalExecutionTime,977.2375264730072
