InputGenerationTime,0.04074582800240023
ProfilingTime,24.343394564002665
SimulationTime,12.967182747001061
FramaCExecutionTime,95.56120953299978
TotalExecutionTime,1714.908502585
