InputGenerationTime,0.19015604798914865
ProfilingTime,23.241610728029627
SimulationTime,12.61019675800344
FramaCExecutionTime,110.16134787397459
TotalExecutionTime,280.51359000295633
