InputGenerationTime,0.04965436900238274
ProfilingTime,21.840189966998878
SimulationTime,217.37470627500443
FramaCExecutionTime,96.85920009500114
TotalExecutionTime,17522.375084899002
