InputGenerationTime,0.06933283800026402
ProfilingTime,27.351362254994456
SimulationTime,18.850338406977244
FramaCExecutionTime,104.76876791298855
TotalExecutionTime,3221.695491032966
