InputGenerationTime,0.1036995750037022
ProfilingTime,43.33526039299613
SimulationTime,26.748383509999258
FramaCExecutionTime,128.76921959100582
TotalExecutionTime,7308.7129668520065
