InputGenerationTime,0.27328697097254917
ProfilingTime,24.27930552797625
SimulationTime,13.67726246197708
FramaCExecutionTime,120.04880065802718
TotalExecutionTime,3178.2456630169763
