InputGenerationTime,0.03794739185832441
ProfilingTime,21.677206130931154
SimulationTime,12.28122344519943
FramaCExecutionTime,90.95548496907577
TotalExecutionTime,606.5689366778824
