InputGenerationTime,0.2749036009190604
ProfilingTime,37.60347091802396
SimulationTime,222.98426431696862
FramaCExecutionTime,159.24751158698928
TotalExecutionTime,10219.043423488038
