InputGenerationTime,0.27974674600409344
ProfilingTime,20.414693803002592
SimulationTime,16.905460087989923
FramaCExecutionTime,116.81609825900523
TotalExecutionTime,3368.8711189010064
