InputGenerationTime,0.07569622099981643
ProfilingTime,13.706639244999678
SimulationTime,8.749111603000529
FramaCExecutionTime,48.96770703600032
TotalExecutionTime,342.21543862
