InputGenerationTime,0.2623665229184553
ProfilingTime,23.93806420499459
SimulationTime,11.396349544986151
FramaCExecutionTime,115.6550668469863
TotalExecutionTime,618.4389402449597
