InputGenerationTime,0.02531034300045576
ProfilingTime,10.976330977999169
SimulationTime,7.46291950900013
FramaCExecutionTime,42.76689746500051
TotalExecutionTime,512.8146599910015
