InputGenerationTime,0.18901437100430485
ProfilingTime,33.25779161999526
SimulationTime,21.78254540600028
FramaCExecutionTime,120.16616172400245
TotalExecutionTime,4739.073684002997
