InputGenerationTime,0.3203130920010153
ProfilingTime,31.22696703899419
SimulationTime,22.2400398789905
FramaCExecutionTime,125.05516551900655
TotalExecutionTime,1245.7024134449894
