InputGenerationTime,0.08053681813180447
ProfilingTime,40.897185913985595
SimulationTime,338.65046629100107
FramaCExecutionTime,106.81704033003189
TotalExecutionTime,27606.968629909097
