InputGenerationTime,0.2780745880008908
ProfilingTime,50.473543760999746
SimulationTime,42.740287406006246
FramaCExecutionTime,147.1211182670013
TotalExecutionTime,7587.283118708001
