InputGenerationTime,0.1907245700713247
ProfilingTime,20.142199940048158
SimulationTime,513.2164910429856
FramaCExecutionTime,107.36546195601113
TotalExecutionTime,3751.0475476160645
