InputGenerationTime,0.03624822100005076
ProfilingTime,22.453004909000356
SimulationTime,14.243520093999905
FramaCExecutionTime,107.40131508900004
TotalExecutionTime,1044.290816221
