InputGenerationTime,0.12341600493527949
ProfilingTime,40.63490552199073
SimulationTime,48.66694244707469
FramaCExecutionTime,109.50403061194811
TotalExecutionTime,640.9393976050196
