InputGenerationTime,0.06134430388920009
ProfilingTime,29.56526591698639
SimulationTime,10.87577629298903
FramaCExecutionTime,95.81497655203566
TotalExecutionTime,1582.1903021149337
