InputGenerationTime,0.27974674600409344
ProfilingTime,21.391204112034757
SimulationTime,20.111034906003624
FramaCExecutionTime,116.81609825900523
TotalExecutionTime,3662.3734651799896
