InputGenerationTime,0.5576207120029721
ProfilingTime,34.05970574601088
SimulationTime,21.748064269981114
FramaCExecutionTime,137.8231833819882
TotalExecutionTime,1768.8605796470074
