InputGenerationTime,0.08321001699914632
ProfilingTime,34.33834477399978
SimulationTime,109.54151406200072
FramaCExecutionTime,108.04663024299953
TotalExecutionTime,3986.2044889730005
