InputGenerationTime,0.13503388699973584
ProfilingTime,33.94486069199775
SimulationTime,104.56491057699895
FramaCExecutionTime,114.96788224999909
TotalExecutionTime,11526.20129392
