InputGenerationTime,0.06825365099984992
ProfilingTime,23.245947917000194
SimulationTime,16.822965057000147
FramaCExecutionTime,96.30293493099998
TotalExecutionTime,1373.108414165
