InputGenerationTime,0.0566682789940387
ProfilingTime,25.44953622900357
SimulationTime,10.557336248006322
FramaCExecutionTime,99.10822514499887
TotalExecutionTime,2171.067088460004
