InputGenerationTime,0.328370483010076
ProfilingTime,33.991466502979165
SimulationTime,12.878896873007761
FramaCExecutionTime,125.33717997098574
TotalExecutionTime,307.90862045402173
