InputGenerationTime,0.2035223109414801
ProfilingTime,19.643090303055942
SimulationTime,657.4398264479823
FramaCExecutionTime,108.50297766900621
TotalExecutionTime,27096.560270213988
