InputGenerationTime,0.2171286300290376
ProfilingTime,23.12696608598344
SimulationTime,213.04464063700289
FramaCExecutionTime,112.72816676006187
TotalExecutionTime,7982.501384875039
