InputGenerationTime,0.02531034300045576
ProfilingTime,11.201667376000842
SimulationTime,7.761877930999617
FramaCExecutionTime,42.76689746500051
TotalExecutionTime,603.1327626560014
