InputGenerationTime,0.04487435601186007
ProfilingTime,19.58397951500956
SimulationTime,8.730628415942192
FramaCExecutionTime,89.0224654530175
TotalExecutionTime,1016.3488487999421
