InputGenerationTime,0.15126023499760777
ProfilingTime,26.19538755103713
SimulationTime,23.75598605297273
FramaCExecutionTime,114.47119204199407
TotalExecutionTime,1955.2327867459971
