InputGenerationTime,0.04219626891426742
ProfilingTime,19.251666208030656
SimulationTime,20.014876885106787
FramaCExecutionTime,89.77886800491251
TotalExecutionTime,1563.1068036418874
