InputGenerationTime,0.18249052000464872
ProfilingTime,24.613366116012912
SimulationTime,35.46803990600165
FramaCExecutionTime,95.15639482502593
TotalExecutionTime,5330.033531669003
