InputGenerationTime,0.03794739185832441
ProfilingTime,20.524574423907325
SimulationTime,10.776445243041962
FramaCExecutionTime,90.95548496907577
TotalExecutionTime,475.61497033783235
