InputGenerationTime,0.11109681602101773
ProfilingTime,18.88664276502095
SimulationTime,70.75079564505722
FramaCExecutionTime,95.02735664101783
TotalExecutionTime,4100.735404278035
