InputGenerationTime,0.02432121099991491
ProfilingTime,9.825691609999922
SimulationTime,5.574766061001355
FramaCExecutionTime,41.77757867699984
TotalExecutionTime,379.9254584549999
