InputGenerationTime,0.3487831080565229
ProfilingTime,24.87123790103942
SimulationTime,18.306131492950954
FramaCExecutionTime,124.48829469003249
TotalExecutionTime,385.9943827119423
