InputGenerationTime,0.2518795130017679
ProfilingTime,31.713183237996418
SimulationTime,14.4835425990168
FramaCExecutionTime,128.72929689101875
TotalExecutionTime,1591.8743786620034
