InputGenerationTime,0.07644303201232105
ProfilingTime,22.137109608986066
SimulationTime,13.780349456006661
FramaCExecutionTime,99.76022365198878
TotalExecutionTime,135.80976035598724
