InputGenerationTime,0.3203130920010153
ProfilingTime,36.930798292014515
SimulationTime,25.35285334699438
FramaCExecutionTime,125.05516551900655
TotalExecutionTime,1026.6077854069881
