InputGenerationTime,0.03941600100370124
ProfilingTime,20.84271907799848
SimulationTime,217.02558371799387
FramaCExecutionTime,95.25604605099943
TotalExecutionTime,8378.262399524
