InputGenerationTime,0.09517260299617192
ProfilingTime,29.02613428499899
SimulationTime,21.482264671001758
FramaCExecutionTime,103.24005353699613
TotalExecutionTime,1107.4490131260027
