InputGenerationTime,0.2518795130017679
ProfilingTime,35.634896480012685
SimulationTime,18.580423085018992
FramaCExecutionTime,128.72929689101875
TotalExecutionTime,2227.4653626380023
