InputGenerationTime,0.20462099200085504
ProfilingTime,27.272494575001474
SimulationTime,22.77193402500052
FramaCExecutionTime,119.80521449099979
TotalExecutionTime,2121.4816198009976
