InputGenerationTime,0.146842653004569
ProfilingTime,24.983090018999064
SimulationTime,17.05854401599936
FramaCExecutionTime,89.65716592899844
TotalExecutionTime,214.9895737800034
