InputGenerationTime,0.02344999100023415
ProfilingTime,15.643751719999273
SimulationTime,9.194016658999317
FramaCExecutionTime,44.093769834998966
TotalExecutionTime,955.3439727549994
