InputGenerationTime,0.10224440705496818
ProfilingTime,22.67780769604724
SimulationTime,19.166431025019847
FramaCExecutionTime,96.26200270303525
TotalExecutionTime,737.3197952180635
