InputGenerationTime,0.06472448515705764
ProfilingTime,18.480425791814923
SimulationTime,209.29884667997248
FramaCExecutionTime,89.01774519495666
TotalExecutionTime,316.88260925002396
