InputGenerationTime,0.17561334901256487
ProfilingTime,27.051235040999018
SimulationTime,33.03073951500119
FramaCExecutionTime,126.73664757199003
TotalExecutionTime,9376.306996576983
