InputGenerationTime,0.03624822100005076
ProfilingTime,24.80316202799986
SimulationTime,16.08061638199979
FramaCExecutionTime,107.40131508900004
TotalExecutionTime,888.0112141970001
