InputGenerationTime,0.04965436900238274
ProfilingTime,22.354833032004535
SimulationTime,221.29085604300053
FramaCExecutionTime,96.85920009500114
TotalExecutionTime,18008.556919252005
