InputGenerationTime,0.1776239509927109
ProfilingTime,40.31710525602102
SimulationTime,22.77765569195617
FramaCExecutionTime,144.69820828095544
TotalExecutionTime,1149.5839330540039
