InputGenerationTime,0.2537088650001351
ProfilingTime,28.3233612680001
SimulationTime,21.1600872529998
FramaCExecutionTime,127.66620908499999
TotalExecutionTime,2486.8227347190004
