InputGenerationTime,0.07854590803617612
ProfilingTime,25.758147150976583
SimulationTime,19.834930615965277
FramaCExecutionTime,107.89253767899936
TotalExecutionTime,4055.456394644978
