InputGenerationTime,0.04487435601186007
ProfilingTime,19.00610005808994
SimulationTime,8.288739576004446
FramaCExecutionTime,89.0224654530175
TotalExecutionTime,849.5844106759178
