InputGenerationTime,0.17901038100171718
ProfilingTime,38.727759091001644
SimulationTime,20.76877783300006
FramaCExecutionTime,117.9092438819971
TotalExecutionTime,3543.648379555001
