InputGenerationTime,0.2941565380024258
ProfilingTime,26.537023434008006
SimulationTime,15.426691622997168
FramaCExecutionTime,119.22128029901069
TotalExecutionTime,2672.271174897003
