InputGenerationTime,0.2171286300290376
ProfilingTime,22.318440857925452
SimulationTime,9.788166598998941
FramaCExecutionTime,112.72816676006187
TotalExecutionTime,9418.137745345011
