InputGenerationTime,0.07480276003479958
ProfilingTime,19.77919393707998
SimulationTime,20.183961875969544
FramaCExecutionTime,92.13790134200826
TotalExecutionTime,841.0245841550641
