InputGenerationTime,0.27328697097254917
ProfilingTime,20.68395012698602
SimulationTime,12.13797889003763
FramaCExecutionTime,120.04880065802718
TotalExecutionTime,3005.3298677359708
