InputGenerationTime,0.08813246099816752
ProfilingTime,40.82778051100104
SimulationTime,23.413615233999735
FramaCExecutionTime,108.73251284900107
TotalExecutionTime,1105.7243741800012
