InputGenerationTime,0.05989754600159358
ProfilingTime,23.642579926003236
SimulationTime,17.170419229005347
FramaCExecutionTime,101.61069593699358
TotalExecutionTime,2302.5627207109937
