InputGenerationTime,0.294005884003127
ProfilingTime,28.66694343200652
SimulationTime,20.876269339991268
FramaCExecutionTime,120.10160090000136
TotalExecutionTime,1134.6904032910243
