InputGenerationTime,0.08614854200277478
ProfilingTime,27.737328778021038
SimulationTime,17.635319689987227
FramaCExecutionTime,108.25941041699843
TotalExecutionTime,4071.7651930940337
