InputGenerationTime,0.05989754600159358
ProfilingTime,24.530663354002172
SimulationTime,19.055816435997258
FramaCExecutionTime,101.61069593699358
TotalExecutionTime,2944.3601268280036
