InputGenerationTime,0.06233766500008642
ProfilingTime,12.322974630000317
SimulationTime,7.42740805700123
FramaCExecutionTime,47.2595315919998
TotalExecutionTime,906.2388376709996
