InputGenerationTime,0.07569622099981643
ProfilingTime,14.194808983999792
SimulationTime,8.90105226399919
FramaCExecutionTime,48.96770703600032
TotalExecutionTime,299.7348974630004
