InputGenerationTime,0.2623665229184553
ProfilingTime,24.9559186140541
SimulationTime,11.93154187896289
FramaCExecutionTime,115.6550668469863
TotalExecutionTime,551.3204493219964
