InputGenerationTime,0.11390176499844529
ProfilingTime,32.04159068100125
SimulationTime,18.766224355000304
FramaCExecutionTime,109.5342480060026
TotalExecutionTime,4306.247632213999
