InputGenerationTime,0.02531034300045576
ProfilingTime,10.432859824000843
SimulationTime,7.305389121000189
FramaCExecutionTime,42.76689746500051
TotalExecutionTime,530.564974537001
