InputGenerationTime,0.04487435601186007
ProfilingTime,19.012568310950883
SimulationTime,8.154158283025026
FramaCExecutionTime,89.0224654530175
TotalExecutionTime,904.1690849779407
