InputGenerationTime,0.06883503001881763
ProfilingTime,26.73237656103447
SimulationTime,16.881498859031126
FramaCExecutionTime,106.64326668903232
TotalExecutionTime,1299.5452310860273
