InputGenerationTime,0.13892562800174346
ProfilingTime,41.31674161599949
SimulationTime,28.669239224000194
FramaCExecutionTime,111.13148282000111
TotalExecutionTime,1139.181589541
