InputGenerationTime,0.06595401199956541
ProfilingTime,19.392291594999733
SimulationTime,13.062758521000433
FramaCExecutionTime,58.418587621999905
TotalExecutionTime,1179.7133475380006
