InputGenerationTime,0.18582355696707964
ProfilingTime,25.29750097100623
SimulationTime,18.097810334991664
FramaCExecutionTime,131.82039032201283
TotalExecutionTime,2935.4706864249893
