InputGenerationTime,0.24693168800149579
ProfilingTime,57.590318078000564
SimulationTime,53.99320337700192
FramaCExecutionTime,135.26416748500196
TotalExecutionTime,4404.907368803004
