InputGenerationTime,0.20043562108185142
ProfilingTime,19.078329161042348
SimulationTime,26.804064081050456
FramaCExecutionTime,106.11862533399835
TotalExecutionTime,336.90430436306633
