InputGenerationTime,0.0712742239702493
ProfilingTime,29.206210560980253
SimulationTime,19.61171462002676
FramaCExecutionTime,105.79948802501895
TotalExecutionTime,2023.1989370299852
