InputGenerationTime,0.07854590803617612
ProfilingTime,28.41780643601669
SimulationTime,18.382084892014973
FramaCExecutionTime,107.89253767899936
TotalExecutionTime,4616.903728719975
