InputGenerationTime,0.15295539499493316
ProfilingTime,27.76887920700392
SimulationTime,20.345867873002135
FramaCExecutionTime,89.9493181259968
TotalExecutionTime,2008.32080519
