InputGenerationTime,0.26684155499970075
ProfilingTime,24.07693421899603
SimulationTime,106.19859589800035
FramaCExecutionTime,94.79318434699962
TotalExecutionTime,482.7045158260007
