InputGenerationTime,0.0801443759992253
ProfilingTime,26.447985506994883
SimulationTime,12.123148420010693
FramaCExecutionTime,100.1416515919991
TotalExecutionTime,2458.051363175997
