InputGenerationTime,0.17561334901256487
ProfilingTime,26.96050207602093
SimulationTime,58.84516695101047
FramaCExecutionTime,126.73664757199003
TotalExecutionTime,8188.720321628993
