InputGenerationTime,0.20938648599985754
ProfilingTime,28.963888921993203
SimulationTime,22.337257620994933
FramaCExecutionTime,100.2116976210018
TotalExecutionTime,1691.642027286005
