InputGenerationTime,0.229954885027837
ProfilingTime,22.01177906000521
SimulationTime,17.962501014000736
FramaCExecutionTime,111.18525936000515
TotalExecutionTime,678.8214263239643
