InputGenerationTime,0.11390176499844529
ProfilingTime,32.863349695999204
SimulationTime,18.95656509699984
FramaCExecutionTime,109.5342480060026
TotalExecutionTime,3146.9773431950016
