InputGenerationTime,0.18901437100430485
ProfilingTime,34.55575107599725
SimulationTime,21.73517154399451
FramaCExecutionTime,120.16616172400245
TotalExecutionTime,3375.722568565001
