InputGenerationTime,0.23208729503676295
ProfilingTime,25.161406171042472
SimulationTime,81.5533836929826
FramaCExecutionTime,100.15079668501858
TotalExecutionTime,1767.8725919169956
