InputGenerationTime,0.20753930194769055
ProfilingTime,18.818169087986462
SimulationTime,216.70876989001408
FramaCExecutionTime,108.56039979495108
TotalExecutionTime,5701.933636976988
