InputGenerationTime,0.2937192200042773
ProfilingTime,35.092589277017396
SimulationTime,18.14348314498784
FramaCExecutionTime,131.4051270929922
TotalExecutionTime,3214.443511531019
