InputGenerationTime,0.06134531200223137
ProfilingTime,39.23192369600292
SimulationTime,21.36464149900712
FramaCExecutionTime,105.47228164300031
TotalExecutionTime,2335.9964823720074
