InputGenerationTime,0.1376757019897923
ProfilingTime,41.09431074303575
SimulationTime,185.73661478696158
FramaCExecutionTime,106.99266202299623
TotalExecutionTime,13626.744688034
