InputGenerationTime,0.18785828900581691
ProfilingTime,43.29698598899995
SimulationTime,26.749091285004397
FramaCExecutionTime,130.39241952699376
TotalExecutionTime,701.4182079710008
