InputGenerationTime,0.07310996500018518
ProfilingTime,30.32403263100423
SimulationTime,19.434960168990074
FramaCExecutionTime,106.17393734199868
TotalExecutionTime,2730.495393223988
