InputGenerationTime,0.05791807700006757
ProfilingTime,31.374542874997132
SimulationTime,14.977985645004082
FramaCExecutionTime,106.56665147199237
TotalExecutionTime,2063.1142852880002
