InputGenerationTime,0.29120918099943083
ProfilingTime,44.99884908499371
SimulationTime,271.80135949300893
FramaCExecutionTime,140.39637216499978
TotalExecutionTime,20342.442732854004
