InputGenerationTime,0.04072097299649613
ProfilingTime,22.52794890100631
SimulationTime,15.604216519997863
FramaCExecutionTime,95.01072702199599
TotalExecutionTime,3716.931745288999
