InputGenerationTime,0.2852700619987445
ProfilingTime,37.51149419799913
SimulationTime,28.28034762400057
FramaCExecutionTime,121.69274858300196
TotalExecutionTime,5994.615507817001
