InputGenerationTime,0.24693168800149579
ProfilingTime,56.61454059300013
SimulationTime,57.44288086199958
FramaCExecutionTime,135.26416748500196
TotalExecutionTime,3076.459965152011
