InputGenerationTime,0.2893862620694563
ProfilingTime,20.155974425026216
SimulationTime,8.587274076999165
FramaCExecutionTime,117.19879986299202
TotalExecutionTime,1829.4245538869873
