InputGenerationTime,0.1907245700713247
ProfilingTime,20.618262302014045
SimulationTime,491.05108884209767
FramaCExecutionTime,107.36546195601113
TotalExecutionTime,8201.255428010016
