InputGenerationTime,0.106488331919536
ProfilingTime,49.42717575095594
SimulationTime,189.6648480668664
FramaCExecutionTime,107.84012395399623
TotalExecutionTime,9918.829909916967
