InputGenerationTime,0.1260524740209803
ProfilingTime,24.969815101998392
SimulationTime,63.625376373005565
FramaCExecutionTime,94.21775655599777
TotalExecutionTime,7428.58882888098
