InputGenerationTime,0.0566682789940387
ProfilingTime,26.689404511998873
SimulationTime,13.552665262992377
FramaCExecutionTime,99.10822514499887
TotalExecutionTime,2681.416087227997
