InputGenerationTime,0.2616646940005012
ProfilingTime,47.278843382999185
SimulationTime,34.08465156999591
FramaCExecutionTime,136.35455956900114
TotalExecutionTime,3670.1035136939972
