InputGenerationTime,0.07569622099981643
ProfilingTime,11.264765085999898
SimulationTime,6.957496433000415
FramaCExecutionTime,48.96770703600032
TotalExecutionTime,195.75504708100016
