InputGenerationTime,0.2623665229184553
ProfilingTime,21.80186088802293
SimulationTime,9.341153561021201
FramaCExecutionTime,115.6550668469863
TotalExecutionTime,372.97476995096076
