InputGenerationTime,0.13503388699973584
ProfilingTime,37.76964187300109
SimulationTime,113.12707169600253
FramaCExecutionTime,114.96788224999909
TotalExecutionTime,12854.211333404
