InputGenerationTime,0.2171286300290376
ProfilingTime,22.151781645952724
SimulationTime,211.71965521608945
FramaCExecutionTime,112.72816676006187
TotalExecutionTime,10350.852960988996
