InputGenerationTime,0.33293280099951517
ProfilingTime,28.022879174999616
SimulationTime,19.521419107999463
FramaCExecutionTime,130.06025948600018
TotalExecutionTime,4632.898841264
