InputGenerationTime,0.08706269499816699
ProfilingTime,31.9677111710007
SimulationTime,21.141239347998635
FramaCExecutionTime,108.95056382500115
TotalExecutionTime,5871.762966344999
