InputGenerationTime,0.18418349499552278
ProfilingTime,55.2950343689954
SimulationTime,276.80438129899994
FramaCExecutionTime,134.15536504299962
TotalExecutionTime,12704.22395662
