InputGenerationTime,0.2087663629790768
ProfilingTime,22.487078465055674
SimulationTime,12.715034876950085
FramaCExecutionTime,115.82717773900367
TotalExecutionTime,256.63289654708933
