InputGenerationTime,0.22197016500285827
ProfilingTime,26.527297530003125
SimulationTime,20.18372874900524
FramaCExecutionTime,102.733615930003
TotalExecutionTime,4552.046730318994
