InputGenerationTime,0.18785828900581691
ProfilingTime,48.44735572701029
SimulationTime,32.59479102700425
FramaCExecutionTime,130.39241952699376
TotalExecutionTime,948.5112224199984
