InputGenerationTime,0.5576207120029721
ProfilingTime,30.427780221012654
SimulationTime,24.54051684300066
FramaCExecutionTime,137.8231833819882
TotalExecutionTime,2495.515087767999
