InputGenerationTime,0.13310052594169974
ProfilingTime,37.99869569810107
SimulationTime,30.210745617980137
FramaCExecutionTime,137.11517138092313
TotalExecutionTime,1063.7916581560858
