InputGenerationTime,0.2087663629790768
ProfilingTime,26.19913279893808
SimulationTime,16.88672539498657
FramaCExecutionTime,115.82717773900367
TotalExecutionTime,338.97792373702396
