InputGenerationTime,0.5117717100074515
ProfilingTime,20.954209586023353
SimulationTime,45.86989837803412
FramaCExecutionTime,127.56641766999383
TotalExecutionTime,1572.6326574379345
