InputGenerationTime,0.21389529504813254
ProfilingTime,20.8449499970302
SimulationTime,56.74406926892698
FramaCExecutionTime,119.5768579680007
TotalExecutionTime,2128.1650165480096
