InputGenerationTime,0.03647145791910589
ProfilingTime,19.453461932949722
SimulationTime,212.0413725679973
FramaCExecutionTime,90.35240423900541
TotalExecutionTime,1239.2899253549986
