InputGenerationTime,0.2384402189636603
ProfilingTime,34.59239902801346
SimulationTime,70.2154903030023
FramaCExecutionTime,151.8234170480864
TotalExecutionTime,1301.409669045941
