InputGenerationTime,0.06306902691721916
ProfilingTime,21.201108827022836
SimulationTime,10.244946260936558
FramaCExecutionTime,93.3677042729687
TotalExecutionTime,1023.2436279978137
