InputGenerationTime,0.3231512999627739
ProfilingTime,21.988881262019277
SimulationTime,212.91417655104306
FramaCExecutionTime,122.18468638905324
TotalExecutionTime,10430.797402485041
