InputGenerationTime,0.06306902691721916
ProfilingTime,20.594937119167298
SimulationTime,13.048685839166865
FramaCExecutionTime,93.3677042729687
TotalExecutionTime,1519.3930372339673
