InputGenerationTime,0.2087663629790768
ProfilingTime,25.458994357963093
SimulationTime,18.312730250065215
FramaCExecutionTime,115.82717773900367
TotalExecutionTime,741.5502932710806
