InputGenerationTime,0.16970555897569284
ProfilingTime,51.07265211001504
SimulationTime,542.312636847957
FramaCExecutionTime,116.65334182599327
TotalExecutionTime,18955.008438089048
