InputGenerationTime,0.06716115004383028
ProfilingTime,19.1017533109989
SimulationTime,17.356529102893546
FramaCExecutionTime,91.8677742651198
TotalExecutionTime,548.9411660279147
