InputGenerationTime,0.06306902691721916
ProfilingTime,22.08419016795233
SimulationTime,12.824392261216417
FramaCExecutionTime,93.3677042729687
TotalExecutionTime,1485.6216606809758
