InputGenerationTime,0.24175441300030798
ProfilingTime,30.785788111039437
SimulationTime,17.74466330301948
FramaCExecutionTime,151.40488299599383
TotalExecutionTime,1780.1531541920267
