InputGenerationTime,0.18582355696707964
ProfilingTime,22.66567922401009
SimulationTime,12.625946608022787
FramaCExecutionTime,131.82039032201283
TotalExecutionTime,2383.8337501600035
