InputGenerationTime,0.10097159299766645
ProfilingTime,32.44885049003642
SimulationTime,101.92169272497995
FramaCExecutionTime,110.10803324502194
TotalExecutionTime,24119.640849114046
