InputGenerationTime,0.5491699959966354
ProfilingTime,35.70676681099576
SimulationTime,20.01889615302207
FramaCExecutionTime,132.03446686899406
TotalExecutionTime,879.6841701020021
