InputGenerationTime,0.2155678939889185
ProfilingTime,24.95378268195782
SimulationTime,12.785297377966344
FramaCExecutionTime,117.01473909697961
TotalExecutionTime,1802.024399943999
