InputGenerationTime,0.20043562108185142
ProfilingTime,20.335956474067643
SimulationTime,27.328530704951845
FramaCExecutionTime,106.11862533399835
TotalExecutionTime,958.5559758649906
