InputGenerationTime,0.20462099200085504
ProfilingTime,29.132335778998822
SimulationTime,21.51835745599965
FramaCExecutionTime,119.80521449099979
TotalExecutionTime,1822.1839927010005
