InputGenerationTime,0.07569622099981643
ProfilingTime,12.448937389000093
SimulationTime,8.052805554999395
FramaCExecutionTime,48.96770703600032
TotalExecutionTime,177.52984836799988
