InputGenerationTime,0.2623665229184553
ProfilingTime,25.112535491003655
SimulationTime,12.023943856009282
FramaCExecutionTime,115.6550668469863
TotalExecutionTime,341.7821611169493
