InputGenerationTime,0.3489217610040214
ProfilingTime,26.07508740099729
SimulationTime,17.58667434000381
FramaCExecutionTime,101.74599396999838
TotalExecutionTime,1367.5161956179945
