InputGenerationTime,0.2518795130017679
ProfilingTime,32.102213742997264
SimulationTime,19.42696996498853
FramaCExecutionTime,128.72929689101875
TotalExecutionTime,2335.1328452020243
