InputGenerationTime,0.3468931099996553
ProfilingTime,25.733489103993634
SimulationTime,17.634228180999344
FramaCExecutionTime,97.67858885599708
TotalExecutionTime,2550.4278139029993
