InputGenerationTime,0.5459449000190943
ProfilingTime,31.623449236998567
SimulationTime,22.586247016006382
FramaCExecutionTime,142.59089715700247
TotalExecutionTime,3505.9245108189934
