InputGenerationTime,0.05978687900096702
ProfilingTime,11.716857369001445
SimulationTime,7.790506080000341
FramaCExecutionTime,49.88949812200008
TotalExecutionTime,709.6714380729991
