InputGenerationTime,0.04487435601186007
ProfilingTime,19.640379807911813
SimulationTime,8.512544232071377
FramaCExecutionTime,89.0224654530175
TotalExecutionTime,1327.070834529004
