InputGenerationTime,0.08321001699914632
ProfilingTime,34.69352378500116
SimulationTime,108.99895117600136
FramaCExecutionTime,108.04663024299953
TotalExecutionTime,5312.368858894999
