InputGenerationTime,0.31785363605013117
ProfilingTime,28.218615530990064
SimulationTime,19.17151047603693
FramaCExecutionTime,117.68211280897958
TotalExecutionTime,575.1031258100411
