InputGenerationTime,0.0851615320007113
ProfilingTime,11.907809360000101
SimulationTime,8.534442555001078
FramaCExecutionTime,48.46413284600021
TotalExecutionTime,493.82682798099995
