InputGenerationTime,0.03731615799915744
ProfilingTime,26.24532769799407
SimulationTime,12.466593491000822
FramaCExecutionTime,98.2822837460044
TotalExecutionTime,1571.533004364006
