InputGenerationTime,0.2014430370181799
ProfilingTime,26.319467108987737
SimulationTime,22.39105141395703
FramaCExecutionTime,128.44977176899556
TotalExecutionTime,1620.3204443129944
