InputGenerationTime,0.04072097299649613
ProfilingTime,24.48282928100525
SimulationTime,17.73142807399563
FramaCExecutionTime,95.01072702199599
TotalExecutionTime,3075.8063593529987
