InputGenerationTime,0.03560964995995164
ProfilingTime,19.693916340940632
SimulationTime,31.921966530033387
FramaCExecutionTime,89.09152986505069
TotalExecutionTime,1594.583493127022
