InputGenerationTime,0.13775036500010174
ProfilingTime,26.906123849999858
SimulationTime,9.033586527002626
FramaCExecutionTime,94.25399721999565
TotalExecutionTime,5509.225785962
