InputGenerationTime,0.2550414989818819
ProfilingTime,20.444037413981277
SimulationTime,11.170166513998993
FramaCExecutionTime,119.64459108404117
TotalExecutionTime,2058.9763539289706
