InputGenerationTime,0.02880856700357981
ProfilingTime,15.40110098599689
SimulationTime,7.978973101999145
FramaCExecutionTime,49.60165912899538
TotalExecutionTime,841.9792085450026
