InputGenerationTime,0.254091541050002
ProfilingTime,32.45389530598186
SimulationTime,10.574810136924498
FramaCExecutionTime,138.49859954905696
TotalExecutionTime,944.3851833170047
