InputGenerationTime,0.06748960799995984
ProfilingTime,12.82408985999973
SimulationTime,7.353235685000982
FramaCExecutionTime,45.455020551000416
TotalExecutionTime,425.77165202299875
