InputGenerationTime,0.08780276495963335
ProfilingTime,20.80543410894461
SimulationTime,128.31668304093182
FramaCExecutionTime,97.10535426600836
TotalExecutionTime,1894.6040075550554
