InputGenerationTime,0.06933283800026402
ProfilingTime,26.824350784008857
SimulationTime,15.998599164013285
FramaCExecutionTime,104.76876791298855
TotalExecutionTime,2576.195305957983
