InputGenerationTime,0.1216452280023077
ProfilingTime,38.63966643200183
SimulationTime,20.785019992999878
FramaCExecutionTime,109.55363374899753
TotalExecutionTime,494.02970332100085
