InputGenerationTime,0.23642875702353194
ProfilingTime,42.89879817003384
SimulationTime,286.8031813200214
FramaCExecutionTime,115.11188443098217
TotalExecutionTime,5383.303690745961
