InputGenerationTime,0.31785363605013117
ProfilingTime,27.05513781303307
SimulationTime,19.80717540596379
FramaCExecutionTime,117.68211280897958
TotalExecutionTime,804.2244445609977
