InputGenerationTime,0.07644303201232105
ProfilingTime,25.95601500599878
SimulationTime,16.387772608999512
FramaCExecutionTime,99.76022365198878
TotalExecutionTime,650.4157264159876
