InputGenerationTime,0.2734934970503673
ProfilingTime,24.775814944994636
SimulationTime,17.89232681307476
FramaCExecutionTime,118.28702378703747
TotalExecutionTime,1650.6127199400216
