InputGenerationTime,0.145248580025509
ProfilingTime,40.780665575002786
SimulationTime,87.58480434399098
FramaCExecutionTime,108.04990905203158
TotalExecutionTime,9893.493387061986
