InputGenerationTime,0.31785363605013117
ProfilingTime,25.20847600302659
SimulationTime,18.475749856967013
FramaCExecutionTime,117.68211280897958
TotalExecutionTime,1083.0194378690212
