InputGenerationTime,0.0791702719998284
ProfilingTime,10.851168920999044
SimulationTime,7.21616725199965
FramaCExecutionTime,50.45893695700033
TotalExecutionTime,579.6475175629985
