InputGenerationTime,0.06064719200367108
ProfilingTime,32.050191858026665
SimulationTime,17.482228751003277
FramaCExecutionTime,106.90652724599931
TotalExecutionTime,2012.6423285410274
