InputGenerationTime,0.05441822297871113
ProfilingTime,23.391252693952993
SimulationTime,212.47118151094764
FramaCExecutionTime,93.7210614560172
TotalExecutionTime,564.9850744209252
