InputGenerationTime,0.06472448515705764
ProfilingTime,18.453860263805836
SimulationTime,208.49800871615298
FramaCExecutionTime,89.01774519495666
TotalExecutionTime,772.0615640429314
