InputGenerationTime,0.30299885899876244
ProfilingTime,31.162461765983608
SimulationTime,19.63277365101385
FramaCExecutionTime,115.40188249299536
TotalExecutionTime,994.4048802059842
