InputGenerationTime,0.06233766500008642
ProfilingTime,11.482730802999868
SimulationTime,6.829787894000219
FramaCExecutionTime,47.2595315919998
TotalExecutionTime,648.7378471840002
