InputGenerationTime,0.2550414989818819
ProfilingTime,23.992888481996488
SimulationTime,12.579908176965546
FramaCExecutionTime,119.64459108404117
TotalExecutionTime,2267.8739595479565
