InputGenerationTime,0.2384402189636603
ProfilingTime,31.566993406042457
SimulationTime,68.1146840211004
FramaCExecutionTime,151.8234170480864
TotalExecutionTime,552.2545566719491
