InputGenerationTime,0.30299885899876244
ProfilingTime,31.85747934898245
SimulationTime,20.39959157901467
FramaCExecutionTime,115.40188249299536
TotalExecutionTime,739.5808073229855
