InputGenerationTime,0.2095904320012778
ProfilingTime,22.98645611992106
SimulationTime,10.878141203080304
FramaCExecutionTime,113.9620377930114
TotalExecutionTime,1538.6874813149916
