InputGenerationTime,0.22719534100178862
ProfilingTime,46.271225780998066
SimulationTime,253.83515018100297
FramaCExecutionTime,129.50138765100564
TotalExecutionTime,3379.202289947003
