InputGenerationTime,0.2852700619987445
ProfilingTime,39.10559802699572
SimulationTime,27.447504992000177
FramaCExecutionTime,121.69274858300196
TotalExecutionTime,5860.907870742998
