InputGenerationTime,0.0566682789940387
ProfilingTime,24.24936030599929
SimulationTime,12.750816519008367
FramaCExecutionTime,99.10822514499887
TotalExecutionTime,2444.372585504003
