InputGenerationTime,0.2563665369998489
ProfilingTime,23.66697629599912
SimulationTime,230.71278789400094
FramaCExecutionTime,119.80670238400126
TotalExecutionTime,7057.575420205
