InputGenerationTime,0.5458302329934668
ProfilingTime,32.89439788402524
SimulationTime,19.18918370999745
FramaCExecutionTime,135.8646732600173
TotalExecutionTime,3416.064413041022
