InputGenerationTime,0.15557446299999356
ProfilingTime,39.921342609999556
SimulationTime,24.106610283999544
FramaCExecutionTime,114.42043770899954
TotalExecutionTime,4134.165806892001
