InputGenerationTime,0.3234236310236156
ProfilingTime,26.648576837033033
SimulationTime,244.22577350598294
FramaCExecutionTime,118.84747565101134
TotalExecutionTime,3644.6957331079757
