InputGenerationTime,0.0801443759992253
ProfilingTime,27.985412121997797
SimulationTime,14.26566824800102
FramaCExecutionTime,100.1416515919991
TotalExecutionTime,2542.433229490998
