InputGenerationTime,0.15557446299999356
ProfilingTime,32.907985312000164
SimulationTime,19.80692006800018
FramaCExecutionTime,114.42043770899954
TotalExecutionTime,4551.449455287
