InputGenerationTime,0.05978687900096702
ProfilingTime,11.60884394400091
SimulationTime,7.201478678998683
FramaCExecutionTime,49.88949812200008
TotalExecutionTime,627.8489249089998
