InputGenerationTime,0.131118303979747
ProfilingTime,29.78847900684923
SimulationTime,621.1786328640301
FramaCExecutionTime,108.81593526701909
TotalExecutionTime,23733.847979737096
