InputGenerationTime,0.03941600100370124
ProfilingTime,21.575576301002002
SimulationTime,218.24565561299823
FramaCExecutionTime,95.25604605099943
TotalExecutionTime,10573.768638271002
