InputGenerationTime,0.08908225699997274
ProfilingTime,12.699680144999547
SimulationTime,8.324308987999757
FramaCExecutionTime,48.71309677099998
TotalExecutionTime,668.3031988570001
