InputGenerationTime,0.2650788240007387
ProfilingTime,38.814888494000115
SimulationTime,119.6309532840005
FramaCExecutionTime,114.57576221599993
TotalExecutionTime,9337.566386096
