InputGenerationTime,0.17901038100171718
ProfilingTime,36.764603651998186
SimulationTime,19.651327293002396
FramaCExecutionTime,117.9092438819971
TotalExecutionTime,3600.3130160770015
