InputGenerationTime,0.0675285549950786
ProfilingTime,27.244633882000926
SimulationTime,17.167158251002547
FramaCExecutionTime,100.22720573899278
TotalExecutionTime,2043.239524094999
