InputGenerationTime,0.06472448515705764
ProfilingTime,19.79146112711169
SimulationTime,211.36799415410496
FramaCExecutionTime,89.01774519495666
TotalExecutionTime,3774.396818561014
