InputGenerationTime,0.08813246099816752
ProfilingTime,37.86393615600173
SimulationTime,22.541409985999053
FramaCExecutionTime,108.73251284900107
TotalExecutionTime,683.3304912599997
