InputGenerationTime,0.36039209901355207
ProfilingTime,20.68252971500624
SimulationTime,209.97157660196535
FramaCExecutionTime,125.7520459779771
TotalExecutionTime,1275.323699568049
