InputGenerationTime,0.10281701199710369
ProfilingTime,23.185429193996242
SimulationTime,16.55613988100231
FramaCExecutionTime,95.94782013600343
TotalExecutionTime,3619.573779147002
