InputGenerationTime,0.21990838996134698
ProfilingTime,19.975591843016446
SimulationTime,8.945612460956909
FramaCExecutionTime,108.54226218396798
TotalExecutionTime,274.7716036119964
