InputGenerationTime,0.3343403210164979
ProfilingTime,20.13590737094637
SimulationTime,8.681375243002549
FramaCExecutionTime,124.28450092894491
TotalExecutionTime,153.45852848503273
