InputGenerationTime,0.1322396129999106
ProfilingTime,10.549608095000622
SimulationTime,6.185434815000008
FramaCExecutionTime,55.91579891600031
TotalExecutionTime,72.78457533800065
