InputGenerationTime,0.08053681813180447
ProfilingTime,41.56779065099545
SimulationTime,352.2204889028799
FramaCExecutionTime,106.81704033003189
TotalExecutionTime,28738.887500448967
