InputGenerationTime,0.04837128699728055
ProfilingTime,23.19446570999935
SimulationTime,12.751371490001475
FramaCExecutionTime,95.57277957100086
TotalExecutionTime,2606.4723105520025
