InputGenerationTime,0.2095904320012778
ProfilingTime,21.42215161002241
SimulationTime,9.565128845977597
FramaCExecutionTime,113.9620377930114
TotalExecutionTime,1435.8262361889938
