InputGenerationTime,0.07921701300074346
ProfilingTime,36.30213158400147
SimulationTime,21.70427407200623
FramaCExecutionTime,105.26931427200907
TotalExecutionTime,3257.705976887999
