InputGenerationTime,0.05724849900070694
ProfilingTime,25.039899430998048
SimulationTime,13.68149944200195
FramaCExecutionTime,97.37556695500098
TotalExecutionTime,355.34440026300217
