InputGenerationTime,0.05974107002839446
ProfilingTime,21.630321421893314
SimulationTime,8.773535192012787
FramaCExecutionTime,94.46663717599586
TotalExecutionTime,967.6622740640305
