InputGenerationTime,0.5576207120029721
ProfilingTime,26.478737372992327
SimulationTime,14.148481161013478
FramaCExecutionTime,137.8231833819882
TotalExecutionTime,2636.059896207007
