InputGenerationTime,0.2384402189636603
ProfilingTime,32.92898911004886
SimulationTime,70.57132700399961
FramaCExecutionTime,151.8234170480864
TotalExecutionTime,1404.9757694510045
