InputGenerationTime,0.06595401199956541
ProfilingTime,19.971875134000584
SimulationTime,12.351608558000407
FramaCExecutionTime,58.418587621999905
TotalExecutionTime,1283.3497546070002
