InputGenerationTime,0.08263851499941666
ProfilingTime,27.10047506898991
SimulationTime,17.274144348004484
FramaCExecutionTime,98.82215799900587
TotalExecutionTime,1953.7582083309971
