InputGenerationTime,0.18446814600611106
ProfilingTime,20.888930588960648
SimulationTime,211.1478301769821
FramaCExecutionTime,112.07018067297759
TotalExecutionTime,13632.195764379983
