InputGenerationTime,0.24175441300030798
ProfilingTime,35.66794893098995
SimulationTime,22.689343773992732
FramaCExecutionTime,151.40488299599383
TotalExecutionTime,1890.8950800630264
