InputGenerationTime,0.13892562800174346
ProfilingTime,37.248528412004816
SimulationTime,26.835311855000327
FramaCExecutionTime,111.13148282000111
TotalExecutionTime,873.5223191570003
