InputGenerationTime,0.3487831080565229
ProfilingTime,23.551590290968306
SimulationTime,17.485374259995297
FramaCExecutionTime,124.48829469003249
TotalExecutionTime,548.4120131279342
