InputGenerationTime,0.07854590803617612
ProfilingTime,26.604702532000374
SimulationTime,20.019668926950544
FramaCExecutionTime,107.89253767899936
TotalExecutionTime,4341.824804632983
