InputGenerationTime,0.06134430388920009
ProfilingTime,25.44850238598883
SimulationTime,15.913114327937365
FramaCExecutionTime,95.81497655203566
TotalExecutionTime,1332.136211358942
