InputGenerationTime,0.2537088650001351
ProfilingTime,30.174539903000095
SimulationTime,20.8311849910001
FramaCExecutionTime,127.66620908499999
TotalExecutionTime,2193.5535322759997
