InputGenerationTime,0.19766114899903187
ProfilingTime,24.16492542800188
SimulationTime,20.266317097000865
FramaCExecutionTime,120.10270344499804
TotalExecutionTime,256.2694105209994
