InputGenerationTime,0.1216452280023077
ProfilingTime,36.46962193500076
SimulationTime,18.3655028639987
FramaCExecutionTime,109.55363374899753
TotalExecutionTime,549.1930339050014
