InputGenerationTime,0.08069608799996786
ProfilingTime,31.50763886900677
SimulationTime,18.43934958599857
FramaCExecutionTime,106.32470165600535
TotalExecutionTime,4743.176176667999
