InputGenerationTime,0.28151840600185096
ProfilingTime,22.998282769985963
SimulationTime,19.435285125044174
FramaCExecutionTime,123.84468328399817
TotalExecutionTime,4736.34432372899
