InputGenerationTime,0.31785363605013117
ProfilingTime,27.70881568599725
SimulationTime,19.49612981302198
FramaCExecutionTime,117.68211280897958
TotalExecutionTime,712.6147693360108
