InputGenerationTime,0.2978791029963759
ProfilingTime,27.251205083994137
SimulationTime,24.53732778700214
FramaCExecutionTime,94.0850575910008
TotalExecutionTime,883.1590854949973
