InputGenerationTime,0.2554458619997604
ProfilingTime,27.450112460999662
SimulationTime,237.46076096999968
FramaCExecutionTime,133.5833892849987
TotalExecutionTime,21238.886818433002
