InputGenerationTime,0.08069608799996786
ProfilingTime,33.38294927099196
SimulationTime,23.500329574002535
FramaCExecutionTime,106.32470165600535
TotalExecutionTime,5066.263634610004
