InputGenerationTime,0.21722360595595092
ProfilingTime,39.20850326900836
SimulationTime,237.32376713200938
FramaCExecutionTime,123.38338132703211
TotalExecutionTime,8075.716029808973
