InputGenerationTime,0.12260364304529503
ProfilingTime,24.927474783034995
SimulationTime,22.221552348986734
FramaCExecutionTime,105.3618222590303
TotalExecutionTime,3126.1833534199977
