InputGenerationTime,0.20075722900219262
ProfilingTime,25.167352030985057
SimulationTime,242.3911512119812
FramaCExecutionTime,120.85969471401768
TotalExecutionTime,14220.860383938008
