InputGenerationTime,0.06134531200223137
ProfilingTime,33.17902056199091
SimulationTime,18.569115323000005
FramaCExecutionTime,105.47228164300031
TotalExecutionTime,2060.927623295007
