InputGenerationTime,0.06825365099984992
ProfilingTime,22.983771666999928
SimulationTime,15.566000980999888
FramaCExecutionTime,96.30293493099998
TotalExecutionTime,1613.651766242
