InputGenerationTime,0.2155678939889185
ProfilingTime,21.658835269045085
SimulationTime,12.430066808999982
FramaCExecutionTime,117.01473909697961
TotalExecutionTime,1570.3058401639573
