InputGenerationTime,0.13310052594169974
ProfilingTime,37.37007237796206
SimulationTime,30.242941515985876
FramaCExecutionTime,137.11517138092313
TotalExecutionTime,747.2780349510722
