InputGenerationTime,0.2916732019511983
ProfilingTime,29.103285027027596
SimulationTime,19.3736785640358
FramaCExecutionTime,121.73228721501073
TotalExecutionTime,3496.0813848340185
