InputGenerationTime,0.07863106299191713
ProfilingTime,29.659025196975563
SimulationTime,15.98808448802447
FramaCExecutionTime,106.38991733599687
TotalExecutionTime,4430.63623607601
