InputGenerationTime,0.27123504306655377
ProfilingTime,33.532424265984446
SimulationTime,232.9140567870345
FramaCExecutionTime,121.80990467895754
TotalExecutionTime,1189.7819833199028
