InputGenerationTime,0.10281701199710369
ProfilingTime,24.40628281699901
SimulationTime,21.062256744997285
FramaCExecutionTime,95.94782013600343
TotalExecutionTime,3958.53498561
