InputGenerationTime,0.20075722900219262
ProfilingTime,25.734200423990842
SimulationTime,244.21283756400226
FramaCExecutionTime,120.85969471401768
TotalExecutionTime,17760.715619744966
