InputGenerationTime,0.1036995750037022
ProfilingTime,41.69071404400165
SimulationTime,24.08584357298969
FramaCExecutionTime,128.76921959100582
TotalExecutionTime,6862.2955521480035
