InputGenerationTime,0.08441820700682001
ProfilingTime,24.024404097996012
SimulationTime,15.610748285995214
FramaCExecutionTime,98.15719956099929
TotalExecutionTime,1702.6954602469996
