InputGenerationTime,0.254091541050002
ProfilingTime,29.158928408985958
SimulationTime,11.154672920005396
FramaCExecutionTime,138.49859954905696
TotalExecutionTime,300.9616908929311
