InputGenerationTime,0.05632666900055483
ProfilingTime,37.88247955500265
SimulationTime,7.211159792990657
FramaCExecutionTime,103.49272005399689
TotalExecutionTime,2415.3325937040063
