InputGenerationTime,0.27123504306655377
ProfilingTime,37.86407604406122
SimulationTime,240.54665912990458
FramaCExecutionTime,121.80990467895754
TotalExecutionTime,5475.896375412005
