InputGenerationTime,0.08069608799996786
ProfilingTime,30.510607677002554
SimulationTime,18.148887540999567
FramaCExecutionTime,106.32470165600535
TotalExecutionTime,5234.652781323006
