InputGenerationTime,0.03624822100005076
ProfilingTime,22.457956074999856
SimulationTime,15.973117362999801
FramaCExecutionTime,107.40131508900004
TotalExecutionTime,847.045563934
