InputGenerationTime,0.19021941302344203
ProfilingTime,25.705244231037796
SimulationTime,213.90796143200714
FramaCExecutionTime,113.54233702400234
TotalExecutionTime,9477.171490146022
