InputGenerationTime,0.04155284100124845
ProfilingTime,24.414956934997463
SimulationTime,13.19626890699874
FramaCExecutionTime,96.29844691299877
TotalExecutionTime,1618.8350702650023
