InputGenerationTime,0.19099381403066218
ProfilingTime,32.70235437201336
SimulationTime,222.22149592405185
FramaCExecutionTime,148.47174196795095
TotalExecutionTime,2149.3362038020277
