InputGenerationTime,0.5249734570097644
ProfilingTime,30.662688515003538
SimulationTime,26.13254617599887
FramaCExecutionTime,148.15377748798346
TotalExecutionTime,4993.502999724005
