InputGenerationTime,0.05953637699712999
ProfilingTime,25.527413317999162
SimulationTime,16.27631313299935
FramaCExecutionTime,106.16420628500055
TotalExecutionTime,350.23436391799623
