InputGenerationTime,0.08813246099816752
ProfilingTime,36.31346586899963
SimulationTime,20.498184945001412
FramaCExecutionTime,108.73251284900107
TotalExecutionTime,916.2576627599992
