InputGenerationTime,0.21752191695850343
ProfilingTime,25.414949335041456
SimulationTime,214.9130468859803
FramaCExecutionTime,113.90528678707778
TotalExecutionTime,9767.656334788073
