InputGenerationTime,0.3488004950049799
ProfilingTime,32.45132999398629
SimulationTime,29.00558627798455
FramaCExecutionTime,131.56218258899753
TotalExecutionTime,5084.36830304499
