InputGenerationTime,0.0869224370107986
ProfilingTime,26.231275302998256
SimulationTime,18.295001449994743
FramaCExecutionTime,107.27235301001929
TotalExecutionTime,2847.4457375220372
