InputGenerationTime,0.08908225699997274
ProfilingTime,13.57464185399931
SimulationTime,7.73910134200014
FramaCExecutionTime,48.71309677099998
TotalExecutionTime,998.4418112780004
