InputGenerationTime,0.09517260299617192
ProfilingTime,31.02987113800191
SimulationTime,20.86651465500472
FramaCExecutionTime,103.24005353699613
TotalExecutionTime,1005.1323294780013
