InputGenerationTime,0.15295539499493316
ProfilingTime,30.933853105998423
SimulationTime,20.016166710003745
FramaCExecutionTime,89.9493181259968
TotalExecutionTime,2094.6168430660036
