InputGenerationTime,0.06825365099984992
ProfilingTime,20.452340119999917
SimulationTime,14.895432048999737
FramaCExecutionTime,96.30293493099998
TotalExecutionTime,1176.1693687270001
