InputGenerationTime,0.2951946859830059
ProfilingTime,26.4392256809806
SimulationTime,123.1694915300177
FramaCExecutionTime,126.49901207099902
TotalExecutionTime,11268.441363474994
