InputGenerationTime,0.0801443759992253
ProfilingTime,24.726588007993996
SimulationTime,11.930471253988799
FramaCExecutionTime,100.1416515919991
TotalExecutionTime,2419.394274808001
