InputGenerationTime,0.04837128699728055
ProfilingTime,26.02561832200081
SimulationTime,10.742326708998007
FramaCExecutionTime,95.57277957100086
TotalExecutionTime,2385.390405241
