InputGenerationTime,0.3468931099996553
ProfilingTime,29.6133122320025
SimulationTime,20.930661305996182
FramaCExecutionTime,97.67858885599708
TotalExecutionTime,3065.0056393880004
