InputGenerationTime,0.10224440705496818
ProfilingTime,22.52293356496375
SimulationTime,19.703526128083467
FramaCExecutionTime,96.26200270303525
TotalExecutionTime,779.6029030319769
