InputGenerationTime,0.11737045999325346
ProfilingTime,40.92651660100091
SimulationTime,24.341741401003674
FramaCExecutionTime,130.64505490900774
TotalExecutionTime,6600.426864202003
