InputGenerationTime,0.28366624703630805
ProfilingTime,26.207605786970817
SimulationTime,53.65329872793518
FramaCExecutionTime,115.50214947399218
TotalExecutionTime,622.2663346469635
