InputGenerationTime,0.03560964995995164
ProfilingTime,18.881525312899612
SimulationTime,32.87512143107597
FramaCExecutionTime,89.09152986505069
TotalExecutionTime,1330.064742724062
