InputGenerationTime,0.1322396129999106
ProfilingTime,14.439089294999576
SimulationTime,8.362090599999647
FramaCExecutionTime,55.91579891600031
TotalExecutionTime,367.22290527099995
