InputGenerationTime,0.22147605799546
ProfilingTime,43.206463235997944
SimulationTime,29.41363141599868
FramaCExecutionTime,139.0204824370012
TotalExecutionTime,4626.206557468002
