InputGenerationTime,0.20294841800205177
ProfilingTime,36.65932071000134
SimulationTime,26.664376054999593
FramaCExecutionTime,122.89071526799671
TotalExecutionTime,2218.177916743003
