InputGenerationTime,0.0869224370107986
ProfilingTime,27.219190801028162
SimulationTime,18.327782110020053
FramaCExecutionTime,107.27235301001929
TotalExecutionTime,3072.5004264230374
