InputGenerationTime,0.5126059039903339
ProfilingTime,27.554528628010303
SimulationTime,16.366764025005978
FramaCExecutionTime,134.92843663701206
TotalExecutionTime,2463.5331350010238
