InputGenerationTime,0.06828528999994887
ProfilingTime,21.727256320999913
SimulationTime,15.703945721999844
FramaCExecutionTime,95.84660604099963
TotalExecutionTime,2458.4332441710003
