InputGenerationTime,0.13503388699973584
ProfilingTime,34.59443039100006
SimulationTime,109.86213801600024
FramaCExecutionTime,114.96788224999909
TotalExecutionTime,12402.264329635
