InputGenerationTime,0.1376757019897923
ProfilingTime,48.38645123603055
SimulationTime,189.35714234696934
FramaCExecutionTime,106.99266202299623
TotalExecutionTime,15680.242484216986
