InputGenerationTime,0.20753930194769055
ProfilingTime,20.063315636944026
SimulationTime,217.45749974704813
FramaCExecutionTime,108.56039979495108
TotalExecutionTime,7114.9064126529265
