InputGenerationTime,0.3232922659954056
ProfilingTime,20.05712740693707
SimulationTime,56.80847408005502
FramaCExecutionTime,123.42935546697117
TotalExecutionTime,2477.494054851937
