InputGenerationTime,0.07921701300074346
ProfilingTime,38.702992346006795
SimulationTime,21.106857727994793
FramaCExecutionTime,105.26931427200907
TotalExecutionTime,3756.787509842994
