InputGenerationTime,0.2384402189636603
ProfilingTime,31.77659614395816
SimulationTime,68.5896857290063
FramaCExecutionTime,151.8234170480864
TotalExecutionTime,252.44533896294888
