InputGenerationTime,0.23651412897743285
ProfilingTime,22.993821750977077
SimulationTime,12.965301195974462
FramaCExecutionTime,114.27070531004574
TotalExecutionTime,647.4233035489451
