InputGenerationTime,0.2328068589558825
ProfilingTime,40.766792389098555
SimulationTime,23.990507863927633
FramaCExecutionTime,120.70834039303008
TotalExecutionTime,472.47435953398235
