InputGenerationTime,0.2623665229184553
ProfilingTime,21.490813128999434
SimulationTime,9.387907199910842
FramaCExecutionTime,115.6550668469863
TotalExecutionTime,514.3745851089479
