InputGenerationTime,0.03794739185832441
ProfilingTime,21.58629275090061
SimulationTime,12.150093709817156
FramaCExecutionTime,90.95548496907577
TotalExecutionTime,572.4907307149842
