InputGenerationTime,0.07921701300074346
ProfilingTime,38.44487993900839
SimulationTime,20.216185757002677
FramaCExecutionTime,105.26931427200907
TotalExecutionTime,3936.14094893499
