InputGenerationTime,0.10488404300122056
ProfilingTime,36.523267822998605
SimulationTime,19.824710715998663
FramaCExecutionTime,118.49847431200033
TotalExecutionTime,2230.5651073769986
