InputGenerationTime,0.03413906300011149
ProfilingTime,19.98493971300195
SimulationTime,213.6124547920008
FramaCExecutionTime,92.74365047799984
TotalExecutionTime,12631.609180752002
