InputGenerationTime,0.2734934970503673
ProfilingTime,20.829203868983313
SimulationTime,14.42088417802006
FramaCExecutionTime,118.28702378703747
TotalExecutionTime,1173.9046976190293
