InputGenerationTime,0.229954885027837
ProfilingTime,22.043367207981646
SimulationTime,15.179429547977634
FramaCExecutionTime,111.18525936000515
TotalExecutionTime,221.9341843840084
