InputGenerationTime,0.02432121099991491
ProfilingTime,9.793006328000047
SimulationTime,7.162290027001291
FramaCExecutionTime,41.77757867699984
TotalExecutionTime,152.54938232200038
