InputGenerationTime,0.0675285549950786
ProfilingTime,25.82523383300577
SimulationTime,17.97034694600734
FramaCExecutionTime,100.22720573899278
TotalExecutionTime,1956.057472016997
