InputGenerationTime,0.2937192200042773
ProfilingTime,36.49718154600123
SimulationTime,13.437991343002068
FramaCExecutionTime,131.4051270929922
TotalExecutionTime,2897.711364453018
