InputGenerationTime,0.2616646940005012
ProfilingTime,40.91156628599856
SimulationTime,29.709757066004386
FramaCExecutionTime,136.35455956900114
TotalExecutionTime,2148.7325321829994
