InputGenerationTime,0.2616646940005012
ProfilingTime,41.896991923000314
SimulationTime,33.55133743499755
FramaCExecutionTime,136.35455956900114
TotalExecutionTime,3745.707743918996
