InputGenerationTime,0.2087663629790768
ProfilingTime,21.908738641999662
SimulationTime,13.804735430981964
FramaCExecutionTime,115.82717773900367
TotalExecutionTime,944.1776827640133
