InputGenerationTime,0.05632666900055483
ProfilingTime,35.930548666990944
SimulationTime,22.374359676003223
FramaCExecutionTime,103.49272005399689
TotalExecutionTime,2636.7221683880052
