InputGenerationTime,0.01746885300053691
ProfilingTime,9.277330265000273
SimulationTime,5.545117298999685
FramaCExecutionTime,39.659135420000894
TotalExecutionTime,792.9810495130005
