InputGenerationTime,0.23825610300991684
ProfilingTime,25.1213027620106
SimulationTime,243.8170578069985
FramaCExecutionTime,125.86535251897294
TotalExecutionTime,20032.686010836973
