InputGenerationTime,0.05974107002839446
ProfilingTime,30.94259257707745
SimulationTime,12.73152496991679
FramaCExecutionTime,94.46663717599586
TotalExecutionTime,645.3274600291625
