InputGenerationTime,0.02432121099991491
ProfilingTime,10.027687148000041
SimulationTime,6.54013086499981
FramaCExecutionTime,41.77757867699984
TotalExecutionTime,364.5220071679996
