InputGenerationTime,0.04561591404490173
ProfilingTime,19.10424590902403
SimulationTime,8.541099864058197
FramaCExecutionTime,88.03226714697666
TotalExecutionTime,645.517228256911
