InputGenerationTime,0.3343403210164979
ProfilingTime,20.839044802938588
SimulationTime,9.066301449085586
FramaCExecutionTime,124.28450092894491
TotalExecutionTime,271.03574790700804
