InputGenerationTime,0.1322396129999106
ProfilingTime,10.433494711000094
SimulationTime,6.954830848999336
FramaCExecutionTime,55.91579891600031
TotalExecutionTime,142.8411913910004
