InputGenerationTime,0.04219626891426742
ProfilingTime,19.188222961034626
SimulationTime,21.14560011890717
FramaCExecutionTime,89.77886800491251
TotalExecutionTime,1484.5168608229142
