InputGenerationTime,0.22719534100178862
ProfilingTime,39.383808117003355
SimulationTime,242.50135889399826
FramaCExecutionTime,129.50138765100564
TotalExecutionTime,6771.778652977999
