InputGenerationTime,0.05441822297871113
ProfilingTime,31.181299325078726
SimulationTime,10.14574972493574
FramaCExecutionTime,93.7210614560172
TotalExecutionTime,4298.624904097989
