InputGenerationTime,0.18076778999966336
ProfilingTime,34.71810712899969
SimulationTime,19.617856455999572
FramaCExecutionTime,117.59281498999917
TotalExecutionTime,5129.707970906002
