InputGenerationTime,0.03625350189395249
ProfilingTime,25.09752660500817
SimulationTime,40.68414760520682
FramaCExecutionTime,93.29361514700577
TotalExecutionTime,1653.5535510419868
