InputGenerationTime,0.05550380299973767
ProfilingTime,30.274797274993034
SimulationTime,15.779362152010435
FramaCExecutionTime,105.84851150700706
TotalExecutionTime,3595.3495277320035
