InputGenerationTime,0.3234236310236156
ProfilingTime,23.782680706004612
SimulationTime,243.96336275996873
FramaCExecutionTime,118.84747565101134
TotalExecutionTime,2298.205917952
