InputGenerationTime,0.2641803329997856
ProfilingTime,27.28458058600063
SimulationTime,234.23460733200045
FramaCExecutionTime,119.66695576599977
TotalExecutionTime,1404.4951484080002
