InputGenerationTime,0.24126282497309148
ProfilingTime,20.231115301023237
SimulationTime,217.78953099099454
FramaCExecutionTime,107.74387342808768
TotalExecutionTime,1760.684768767911
