InputGenerationTime,0.2650788240007387
ProfilingTime,38.05687045900049
SimulationTime,112.77244579800026
FramaCExecutionTime,114.57576221599993
TotalExecutionTime,9690.011795089998
