InputGenerationTime,0.22179850202519447
ProfilingTime,37.00970327400137
SimulationTime,67.40323882899247
FramaCExecutionTime,150.7494653709
TotalExecutionTime,4646.100546641974
