InputGenerationTime,0.08263851499941666
ProfilingTime,23.868705960994703
SimulationTime,15.731432186992606
FramaCExecutionTime,98.82215799900587
TotalExecutionTime,1324.4629379499966
