InputGenerationTime,0.02531034300045576
ProfilingTime,10.92917901600049
SimulationTime,7.476289870000983
FramaCExecutionTime,42.76689746500051
TotalExecutionTime,766.8716503550004
