InputGenerationTime,0.04487435601186007
ProfilingTime,19.5868375049904
SimulationTime,8.836503376020119
FramaCExecutionTime,89.0224654530175
TotalExecutionTime,1270.497097866959
