InputGenerationTime,0.28366624703630805
ProfilingTime,21.50014169095084
SimulationTime,50.37518115597777
FramaCExecutionTime,115.50214947399218
TotalExecutionTime,694.1995665780269
