InputGenerationTime,0.18785828900581691
ProfilingTime,50.86792158499884
SimulationTime,31.661820199995418
FramaCExecutionTime,130.39241952699376
TotalExecutionTime,866.9370800540055
