InputGenerationTime,0.06933283800026402
ProfilingTime,26.831237646983936
SimulationTime,15.610358385019936
FramaCExecutionTime,104.76876791298855
TotalExecutionTime,2618.766538672964
