InputGenerationTime,0.2155678939889185
ProfilingTime,25.98308975895634
SimulationTime,13.119751772959717
FramaCExecutionTime,117.01473909697961
TotalExecutionTime,1425.3910827909713
