InputGenerationTime,0.28366624703630805
ProfilingTime,21.0504727170337
SimulationTime,47.31342969601974
FramaCExecutionTime,115.50214947399218
TotalExecutionTime,184.17248958302662
