InputGenerationTime,0.04915673100913409
ProfilingTime,31.763299875005032
SimulationTime,13.106443131997366
FramaCExecutionTime,104.74350526298804
TotalExecutionTime,285.43613695898966
