InputGenerationTime,0.08053681813180447
ProfilingTime,33.02536429883912
SimulationTime,334.6472122950945
FramaCExecutionTime,106.81704033003189
TotalExecutionTime,26855.731926754
