InputGenerationTime,0.1727162059978582
ProfilingTime,23.22565214399947
SimulationTime,212.91804581397446
FramaCExecutionTime,121.51857166702393
TotalExecutionTime,5548.353505395004
