InputGenerationTime,0.2550414989818819
ProfilingTime,24.3671086570248
SimulationTime,15.54792111297138
FramaCExecutionTime,119.64459108404117
TotalExecutionTime,2603.898240956012
