InputGenerationTime,0.18582355696707964
ProfilingTime,24.016729954979382
SimulationTime,15.617255274031777
FramaCExecutionTime,131.82039032201283
TotalExecutionTime,3097.2631043840083
