InputGenerationTime,0.21752191695850343
ProfilingTime,20.53566392499488
SimulationTime,209.85384939599317
FramaCExecutionTime,113.90528678707778
TotalExecutionTime,10713.080772824003
