InputGenerationTime,0.04561591404490173
ProfilingTime,19.313783099176362
SimulationTime,8.579403798095882
FramaCExecutionTime,88.03226714697666
TotalExecutionTime,363.59932151506655
