InputGenerationTime,0.02432121099991491
ProfilingTime,10.102601589998812
SimulationTime,5.769932955001423
FramaCExecutionTime,41.77757867699984
TotalExecutionTime,201.04696634399988
