InputGenerationTime,0.04561591404490173
ProfilingTime,18.47319957218133
SimulationTime,8.124872430926189
FramaCExecutionTime,88.03226714697666
TotalExecutionTime,194.80150024988689
