InputGenerationTime,0.02432121099991491
ProfilingTime,9.58932436899886
SimulationTime,6.023508887999924
FramaCExecutionTime,41.77757867699984
TotalExecutionTime,103.01775210300002
