InputGenerationTime,0.28366624703630805
ProfilingTime,21.019183887983672
SimulationTime,47.33582112798467
FramaCExecutionTime,115.50214947399218
TotalExecutionTime,320.09666476992425
