InputGenerationTime,0.03647145791910589
ProfilingTime,18.92481101001613
SimulationTime,209.60058254108299
FramaCExecutionTime,90.35240423900541
TotalExecutionTime,1007.7456757460022
