InputGenerationTime,0.05724849900070694
ProfilingTime,24.388665005000803
SimulationTime,12.446422605000407
FramaCExecutionTime,97.37556695500098
TotalExecutionTime,469.7963788030029
