InputGenerationTime,0.3231512999627739
ProfilingTime,20.164521623053588
SimulationTime,210.06584022694733
FramaCExecutionTime,122.18468638905324
TotalExecutionTime,10195.838813662063
