InputGenerationTime,0.04074582800240023
ProfilingTime,23.078674070999114
SimulationTime,11.401394466000056
FramaCExecutionTime,95.56120953299978
TotalExecutionTime,1085.2526134250002
