InputGenerationTime,0.17561334901256487
ProfilingTime,23.203194044006523
SimulationTime,31.180292738979915
FramaCExecutionTime,126.73664757199003
TotalExecutionTime,7755.858094745985
