InputGenerationTime,0.07626064800024324
ProfilingTime,17.687161357999685
SimulationTime,10.841646513000342
FramaCExecutionTime,59.88686160399993
TotalExecutionTime,208.983768866
