InputGenerationTime,0.04487435601186007
ProfilingTime,19.296056199935265
SimulationTime,8.950400490080938
FramaCExecutionTime,89.0224654530175
TotalExecutionTime,1185.829601750942
