InputGenerationTime,0.02531034300045576
ProfilingTime,11.019965051000327
SimulationTime,7.001165465999293
FramaCExecutionTime,42.76689746500051
TotalExecutionTime,712.7266504760009
