InputGenerationTime,0.20938648599985754
ProfilingTime,31.88310406099481
SimulationTime,23.46030715800589
FramaCExecutionTime,100.2116976210018
TotalExecutionTime,2004.1946043979988
