InputGenerationTime,0.07644303201232105
ProfilingTime,28.45575402599934
SimulationTime,15.016154880999238
FramaCExecutionTime,99.76022365198878
TotalExecutionTime,778.3975697649876
