InputGenerationTime,0.3489217610040214
ProfilingTime,23.838312208994466
SimulationTime,16.791201184001693
FramaCExecutionTime,101.74599396999838
TotalExecutionTime,1323.761805283997
