InputGenerationTime,0.04804642405360937
ProfilingTime,21.06348005903419
SimulationTime,11.101528080995195
FramaCExecutionTime,90.74596772296354
TotalExecutionTime,1310.8429349709768
