InputGenerationTime,0.03731615799915744
ProfilingTime,26.41890519899607
SimulationTime,13.307193342989194
FramaCExecutionTime,98.2822837460044
TotalExecutionTime,1811.113704224008
