InputGenerationTime,0.31785363605013117
ProfilingTime,26.346573729009833
SimulationTime,18.922539833991323
FramaCExecutionTime,117.68211280897958
TotalExecutionTime,293.58803531801095
