InputGenerationTime,0.13775036500010174
ProfilingTime,25.614495784997416
SimulationTime,110.9121483669951
FramaCExecutionTime,94.25399721999565
TotalExecutionTime,6052.242703054006
