InputGenerationTime,0.04804642405360937
ProfilingTime,20.823585130041465
SimulationTime,12.084770125919022
FramaCExecutionTime,90.74596772296354
TotalExecutionTime,1475.262548742001
