InputGenerationTime,0.5117717100074515
ProfilingTime,20.385155188967474
SimulationTime,44.23390732705593
FramaCExecutionTime,127.56641766999383
TotalExecutionTime,948.286445015925
