InputGenerationTime,0.18538614409044385
ProfilingTime,25.109965096926317
SimulationTime,213.15071165398695
FramaCExecutionTime,110.43824010202661
TotalExecutionTime,1507.7761428910308
