InputGenerationTime,0.31785363605013117
ProfilingTime,26.47975810803473
SimulationTime,19.323923681979068
FramaCExecutionTime,117.68211280897958
TotalExecutionTime,620.9857103090035
