InputGenerationTime,0.30700588898616843
ProfilingTime,30.243734786985442
SimulationTime,19.30872769499547
FramaCExecutionTime,126.14888849700219
TotalExecutionTime,4117.959083741996
