InputGenerationTime,0.27328697097254917
ProfilingTime,19.75042732997099
SimulationTime,10.882465062022675
FramaCExecutionTime,120.04880065802718
TotalExecutionTime,3825.5338935189648
