InputGenerationTime,0.11488254508003592
ProfilingTime,38.6018981289817
SimulationTime,34.5790895979153
FramaCExecutionTime,134.28010943497065
TotalExecutionTime,2131.0673439580714
