InputGenerationTime,0.18170733300212305
ProfilingTime,25.232143656998232
SimulationTime,19.049697356997058
FramaCExecutionTime,99.81084801500401
TotalExecutionTime,2661.4898522619987
