InputGenerationTime,0.2951946859830059
ProfilingTime,29.188044778013136
SimulationTime,59.360198212001706
FramaCExecutionTime,126.49901207099902
TotalExecutionTime,11118.757429978985
