InputGenerationTime,0.2937192200042773
ProfilingTime,32.73596190501121
SimulationTime,15.176848467992386
FramaCExecutionTime,131.4051270929922
TotalExecutionTime,3782.045231392025
