InputGenerationTime,0.5459449000190943
ProfilingTime,26.584777429001406
SimulationTime,15.050966142996913
FramaCExecutionTime,142.59089715700247
TotalExecutionTime,3149.220655470999
