InputGenerationTime,0.24126282497309148
ProfilingTime,19.0993902470218
SimulationTime,216.38596271700226
FramaCExecutionTime,107.74387342808768
TotalExecutionTime,4877.437124009011
