InputGenerationTime,0.5459449000190943
ProfilingTime,27.852620549994754
SimulationTime,23.096589691005647
FramaCExecutionTime,142.59089715700247
TotalExecutionTime,3715.814940181008
