InputGenerationTime,0.03647145791910589
ProfilingTime,18.964303003973328
SimulationTime,210.2934892938938
FramaCExecutionTime,90.35240423900541
TotalExecutionTime,549.7565126440022
