InputGenerationTime,0.05724849900070694
ProfilingTime,24.752481981002347
SimulationTime,12.980730086001131
FramaCExecutionTime,97.37556695500098
TotalExecutionTime,813.1149617560004
