InputGenerationTime,0.07230846700258553
ProfilingTime,26.216502666997258
SimulationTime,233.6267255069688
FramaCExecutionTime,106.69600580900442
TotalExecutionTime,20802.846176930005
