InputGenerationTime,0.04533246399660129
ProfilingTime,38.59685748600168
SimulationTime,240.69897307199426
FramaCExecutionTime,102.04172662799829
TotalExecutionTime,16501.835334995994
