InputGenerationTime,0.11488254508003592
ProfilingTime,31.78973820095416
SimulationTime,28.771878249011934
FramaCExecutionTime,134.28010943497065
TotalExecutionTime,2453.560271920054
