InputGenerationTime,0.20938648599985754
ProfilingTime,31.572783520001394
SimulationTime,23.152728693996323
FramaCExecutionTime,100.2116976210018
TotalExecutionTime,2263.6731964120045
