InputGenerationTime,0.2333431259903591
ProfilingTime,30.586548254999798
SimulationTime,24.988720434019342
FramaCExecutionTime,126.27864418100216
TotalExecutionTime,1981.3285704489972
