InputGenerationTime,0.22179850202519447
ProfilingTime,32.357367731048726
SimulationTime,65.50026550900657
FramaCExecutionTime,150.7494653709
TotalExecutionTime,3906.355203076033
