InputGenerationTime,0.07644303201232105
ProfilingTime,25.712815478997072
SimulationTime,14.558647233992815
FramaCExecutionTime,99.76022365198878
TotalExecutionTime,176.20415705199412
