InputGenerationTime,0.05632666900055483
ProfilingTime,33.8317623870098
SimulationTime,23.15203459499753
FramaCExecutionTime,103.49272005399689
TotalExecutionTime,1800.9640597890102
