InputGenerationTime,0.06716115004383028
ProfilingTime,20.272209321148694
SimulationTime,20.879188823979348
FramaCExecutionTime,91.8677742651198
TotalExecutionTime,853.0053379479796
