InputGenerationTime,0.16970555897569284
ProfilingTime,33.530521297012456
SimulationTime,556.306311665976
FramaCExecutionTime,116.65334182599327
TotalExecutionTime,4406.962655112031
