InputGenerationTime,0.2250435840105638
ProfilingTime,20.404686972033232
SimulationTime,210.57333789300174
FramaCExecutionTime,112.19995585503057
TotalExecutionTime,805.9776689610444
