InputGenerationTime,0.19782912300433964
ProfilingTime,33.593792618019506
SimulationTime,13.391790990019217
FramaCExecutionTime,120.83434996008873
TotalExecutionTime,1921.5695164649514
