InputGenerationTime,0.04155284100124845
ProfilingTime,25.126959717003047
SimulationTime,13.37185117899935
FramaCExecutionTime,96.29844691299877
TotalExecutionTime,1506.0286116660027
