InputGenerationTime,0.18538614409044385
ProfilingTime,21.169168422929943
SimulationTime,209.028658722993
FramaCExecutionTime,110.43824010202661
TotalExecutionTime,1035.8002945550252
