InputGenerationTime,0.2537088650001351
ProfilingTime,24.12584417900007
SimulationTime,17.176172678000057
FramaCExecutionTime,127.66620908499999
TotalExecutionTime,1458.387195458
