InputGenerationTime,0.0497497089963872
ProfilingTime,29.807784856995568
SimulationTime,223.6982026659971
FramaCExecutionTime,106.16062168798817
TotalExecutionTime,5955.840073920001
