InputGenerationTime,0.27715257002273574
ProfilingTime,33.264451133989496
SimulationTime,19.834162264014594
FramaCExecutionTime,128.3411734039837
TotalExecutionTime,3157.379031627992
