InputGenerationTime,0.06716115004383028
ProfilingTime,22.153119100024924
SimulationTime,19.56036611297168
FramaCExecutionTime,91.8677742651198
TotalExecutionTime,317.31970119290054
