InputGenerationTime,0.24733186499997828
ProfilingTime,27.615286575000027
SimulationTime,20.232649894999668
FramaCExecutionTime,124.64607925199971
TotalExecutionTime,3226.1254005270002
