InputGenerationTime,0.20018389399956504
ProfilingTime,39.79832921400066
SimulationTime,26.2914360019995
FramaCExecutionTime,114.37678537700049
TotalExecutionTime,5689.730261521
