InputGenerationTime,0.2616646940005012
ProfilingTime,41.419339715001115
SimulationTime,28.29448515200056
FramaCExecutionTime,136.35455956900114
TotalExecutionTime,2292.0457147909983
