InputGenerationTime,0.04561591404490173
ProfilingTime,19.604144904995337
SimulationTime,9.358033927856013
FramaCExecutionTime,88.03226714697666
TotalExecutionTime,701.8223209429998
