InputGenerationTime,0.01746885300053691
ProfilingTime,10.381672303999949
SimulationTime,6.688072459000978
FramaCExecutionTime,39.659135420000894
TotalExecutionTime,562.4237931529988
