InputGenerationTime,0.07310996500018518
ProfilingTime,33.83024711099279
SimulationTime,18.309389884001575
FramaCExecutionTime,106.17393734199868
TotalExecutionTime,1623.4313790029992
