InputGenerationTime,0.18170733300212305
ProfilingTime,29.37051681400044
SimulationTime,21.30913193000015
FramaCExecutionTime,99.81084801500401
TotalExecutionTime,3358.716046679001
