InputGenerationTime,0.13775036500010174
ProfilingTime,24.075641426999937
SimulationTime,107.03992943399498
FramaCExecutionTime,94.25399721999565
TotalExecutionTime,5915.6610150350025
