InputGenerationTime,0.5459449000190943
ProfilingTime,32.10443067498272
SimulationTime,20.038116038020235
FramaCExecutionTime,142.59089715700247
TotalExecutionTime,3861.248338002013
