InputGenerationTime,0.18836116197053343
ProfilingTime,27.629969995992724
SimulationTime,20.22768695303239
FramaCExecutionTime,111.69122295401758
TotalExecutionTime,943.7888079279801
