InputGenerationTime,0.2250435840105638
ProfilingTime,22.20447228604462
SimulationTime,210.94855907803867
FramaCExecutionTime,112.19995585503057
TotalExecutionTime,5075.126678170054
