InputGenerationTime,0.18538614409044385
ProfilingTime,21.223390153958462
SimulationTime,210.19640375394374
FramaCExecutionTime,110.43824010202661
TotalExecutionTime,1979.4471012729919
