InputGenerationTime,0.2852700619987445
ProfilingTime,36.03682293599559
SimulationTime,25.129382889994304
FramaCExecutionTime,121.69274858300196
TotalExecutionTime,5347.658852113
