InputGenerationTime,0.30299885899876244
ProfilingTime,30.324677183991298
SimulationTime,14.660822039993946
FramaCExecutionTime,115.40188249299536
TotalExecutionTime,248.2999887089827
