InputGenerationTime,0.0675285549950786
ProfilingTime,27.535572748005507
SimulationTime,15.936511936990428
FramaCExecutionTime,100.22720573899278
TotalExecutionTime,1740.2600218159932
