InputGenerationTime,0.05246901400096249
ProfilingTime,27.068864371001837
SimulationTime,17.738557624004898
FramaCExecutionTime,99.9211063440016
TotalExecutionTime,4076.283521759993
