InputGenerationTime,0.2937192200042773
ProfilingTime,35.34436404600274
SimulationTime,19.192422317981254
FramaCExecutionTime,131.4051270929922
TotalExecutionTime,3004.4804215700133
