InputGenerationTime,0.2567060510045849
ProfilingTime,27.15377593899757
SimulationTime,111.13405926700216
FramaCExecutionTime,101.65106537199608
TotalExecutionTime,10150.366183166
