InputGenerationTime,0.3489217610040214
ProfilingTime,26.433345279001514
SimulationTime,22.108627091001836
FramaCExecutionTime,101.74599396999838
TotalExecutionTime,1998.4142344110005
