InputGenerationTime,0.05124002699449193
ProfilingTime,25.499193258991
SimulationTime,43.58935888198903
FramaCExecutionTime,104.36231635800505
TotalExecutionTime,5964.199325325011
