InputGenerationTime,0.2087663629790768
ProfilingTime,25.74054614501074
SimulationTime,15.965116731007583
FramaCExecutionTime,115.82717773900367
TotalExecutionTime,620.7914650220191
