InputGenerationTime,0.1907245700713247
ProfilingTime,20.065519699943252
SimulationTime,512.5463426680071
FramaCExecutionTime,107.36546195601113
TotalExecutionTime,3217.534501674003
