InputGenerationTime,0.1322396129999106
ProfilingTime,12.333383312000478
SimulationTime,7.519978223999715
FramaCExecutionTime,55.91579891600031
TotalExecutionTime,471.02177327000027
