InputGenerationTime,0.20462099200085504
ProfilingTime,26.886198209998838
SimulationTime,20.484634414999164
FramaCExecutionTime,119.80521449099979
TotalExecutionTime,1568.1725642069978
