InputGenerationTime,0.1727162059978582
ProfilingTime,26.631195051013492
SimulationTime,76.58981550301542
FramaCExecutionTime,121.51857166702393
TotalExecutionTime,6136.385820030991
