InputGenerationTime,0.328370483010076
ProfilingTime,33.30417995699099
SimulationTime,17.57413287900272
FramaCExecutionTime,125.33717997098574
TotalExecutionTime,1136.3186144320061
