InputGenerationTime,0.03625350189395249
ProfilingTime,22.481949511915445
SimulationTime,39.34887805907056
FramaCExecutionTime,93.29361514700577
TotalExecutionTime,1787.2704479310196
