InputGenerationTime,0.05441822297871113
ProfilingTime,31.712393283145502
SimulationTime,225.02036504005082
FramaCExecutionTime,93.7210614560172
TotalExecutionTime,4000.489784969017
