InputGenerationTime,0.04533246399660129
ProfilingTime,27.743676790996687
SimulationTime,222.3573994729959
FramaCExecutionTime,102.04172662799829
TotalExecutionTime,12739.243164799002
