InputGenerationTime,0.2893862620694563
ProfilingTime,20.90888390992768
SimulationTime,9.24971210595686
FramaCExecutionTime,117.19879986299202
TotalExecutionTime,1050.3152373649646
