InputGenerationTime,0.5491699959966354
ProfilingTime,30.115486923983553
SimulationTime,21.84513069500099
FramaCExecutionTime,132.03446686899406
TotalExecutionTime,1044.8587587270013
