InputGenerationTime,0.03731615799915744
ProfilingTime,27.126371090998873
SimulationTime,13.60275493899826
FramaCExecutionTime,98.2822837460044
TotalExecutionTime,1730.7612863360046
