InputGenerationTime,0.06673876900458708
ProfilingTime,28.295968554040883
SimulationTime,13.144353300973307
FramaCExecutionTime,105.7249488600064
TotalExecutionTime,1288.7070679970202
