InputGenerationTime,0.1260524740209803
ProfilingTime,23.338382264017127
SimulationTime,43.031580322014634
FramaCExecutionTime,94.21775655599777
TotalExecutionTime,6271.232231187983
