InputGenerationTime,0.24341501500020968
ProfilingTime,23.64593584300019
SimulationTime,107.43259365700214
FramaCExecutionTime,95.7353067160002
TotalExecutionTime,6795.223768372001
