InputGenerationTime,0.06306902691721916
ProfilingTime,19.380455801961944
SimulationTime,9.37393520702608
FramaCExecutionTime,93.3677042729687
TotalExecutionTime,1681.2357858750038
