InputGenerationTime,0.2384402189636603
ProfilingTime,32.47299529903103
SimulationTime,69.76108201500028
FramaCExecutionTime,151.8234170480864
TotalExecutionTime,2390.59304826695
