InputGenerationTime,0.17561334901256487
ProfilingTime,28.389849149010843
SimulationTime,32.81371107898303
FramaCExecutionTime,126.73664757199003
TotalExecutionTime,9253.122033538006
