InputGenerationTime,0.24341501500020968
ProfilingTime,27.34559762799472
SimulationTime,110.56695449000108
FramaCExecutionTime,95.7353067160002
TotalExecutionTime,7617.821295022004
