InputGenerationTime,0.04837128699728055
ProfilingTime,25.121719896000286
SimulationTime,10.702566960997501
FramaCExecutionTime,95.57277957100086
TotalExecutionTime,2127.2103232219997
