InputGenerationTime,0.2937192200042773
ProfilingTime,32.17434928001603
SimulationTime,16.03056031197775
FramaCExecutionTime,131.4051270929922
TotalExecutionTime,3106.844567122025
