InputGenerationTime,0.08587797201471403
ProfilingTime,38.71385164000094
SimulationTime,63.32765031501185
FramaCExecutionTime,105.58347059699008
TotalExecutionTime,28541.917915244005
