InputGenerationTime,0.5125337750068866
ProfilingTime,29.629498200985836
SimulationTime,21.869552549003856
FramaCExecutionTime,149.69917792000342
TotalExecutionTime,4810.007423696021
