InputGenerationTime,0.22179850202519447
ProfilingTime,30.70938767993357
SimulationTime,59.185896688955836
FramaCExecutionTime,150.7494653709
TotalExecutionTime,2832.072141748038
