InputGenerationTime,0.06716115004383028
ProfilingTime,18.669401963008568
SimulationTime,17.170193284051493
FramaCExecutionTime,91.8677742651198
TotalExecutionTime,163.70297024096362
