InputGenerationTime,0.0791702719998284
ProfilingTime,10.196701312999721
SimulationTime,6.817105414998878
FramaCExecutionTime,50.45893695700033
TotalExecutionTime,681.5265055119999
