InputGenerationTime,0.2650788240007387
ProfilingTime,33.74679742199987
SimulationTime,108.83466750299885
FramaCExecutionTime,114.57576221599993
TotalExecutionTime,7244.672113462
