InputGenerationTime,0.30299885899876244
ProfilingTime,31.259355232003145
SimulationTime,17.85967818001518
FramaCExecutionTime,115.40188249299536
TotalExecutionTime,643.1416593329923
