InputGenerationTime,0.08780276495963335
ProfilingTime,20.72937164409086
SimulationTime,111.49504763504956
FramaCExecutionTime,97.10535426600836
TotalExecutionTime,1007.5711705100257
