InputGenerationTime,0.11123362099897349
ProfilingTime,38.01530907399865
SimulationTime,22.375678275999235
FramaCExecutionTime,111.88471470699733
TotalExecutionTime,2129.1051053170013
