InputGenerationTime,0.27328697097254917
ProfilingTime,27.57291556004202
SimulationTime,15.26463568204781
FramaCExecutionTime,120.04880065802718
TotalExecutionTime,3719.307206449972
