InputGenerationTime,0.21752191695850343
ProfilingTime,25.19752722303383
SimulationTime,215.39794328599237
FramaCExecutionTime,113.90528678707778
TotalExecutionTime,6857.086360902991
