InputGenerationTime,0.18582355696707964
ProfilingTime,25.0386336799711
SimulationTime,16.685011708992533
FramaCExecutionTime,131.82039032201283
TotalExecutionTime,3018.13003056898
