InputGenerationTime,0.05953637699712999
ProfilingTime,23.456248404996586
SimulationTime,15.664339199000096
FramaCExecutionTime,106.16420628500055
TotalExecutionTime,308.3223809420015
