InputGenerationTime,0.13503388699973584
ProfilingTime,34.57218675799959
SimulationTime,109.81300003200158
FramaCExecutionTime,114.96788224999909
TotalExecutionTime,11967.814737272001
