InputGenerationTime,0.24126282497309148
ProfilingTime,18.921192176057957
SimulationTime,216.04454083298333
FramaCExecutionTime,107.74387342808768
TotalExecutionTime,1049.2917003679322
