InputGenerationTime,0.22719534100178862
ProfilingTime,43.39998832400306
SimulationTime,248.21710160700604
FramaCExecutionTime,129.50138765100564
TotalExecutionTime,1572.790298728003
