InputGenerationTime,0.2450625509954989
ProfilingTime,24.405603744031396
SimulationTime,18.176850461983122
FramaCExecutionTime,119.58020104799652
TotalExecutionTime,1340.221691614017
