InputGenerationTime,0.06617910400382243
ProfilingTime,31.614464061000035
SimulationTime,17.945701388001908
FramaCExecutionTime,105.83214284598944
TotalExecutionTime,3652.052139544001
