InputGenerationTime,0.2616646940005012
ProfilingTime,47.403366601000016
SimulationTime,32.49621065900283
FramaCExecutionTime,136.35455956900114
TotalExecutionTime,2868.825285918996
