InputGenerationTime,0.2698664650088176
ProfilingTime,43.94139758008532
SimulationTime,20.361612080945633
FramaCExecutionTime,179.84466144593898
TotalExecutionTime,525.6740376689704
