InputGenerationTime,0.04561591404490173
ProfilingTime,18.669802786083892
SimulationTime,8.10201955307275
FramaCExecutionTime,88.03226714697666
TotalExecutionTime,472.63527458091266
