InputGenerationTime,0.30299885899876244
ProfilingTime,33.08182390598813
SimulationTime,18.567017276014667
FramaCExecutionTime,115.40188249299536
TotalExecutionTime,1193.2504490790016
