InputGenerationTime,0.3343403210164979
ProfilingTime,24.106194196967408
SimulationTime,12.069224485079758
FramaCExecutionTime,124.28450092894491
TotalExecutionTime,485.9136002949672
