InputGenerationTime,0.0791702719998284
ProfilingTime,10.866896319001171
SimulationTime,6.718923164000444
FramaCExecutionTime,50.45893695700033
TotalExecutionTime,825.1694647979984
