InputGenerationTime,0.19015604798914865
ProfilingTime,25.202742169960402
SimulationTime,12.743935624021105
FramaCExecutionTime,110.16134787397459
TotalExecutionTime,809.7582307530101
