InputGenerationTime,0.07854590803617612
ProfilingTime,26.265848031966016
SimulationTime,19.137997702986468
FramaCExecutionTime,107.89253767899936
TotalExecutionTime,3870.097275582957
