InputGenerationTime,0.03413906300011149
ProfilingTime,22.1000506700002
SimulationTime,214.03912965700147
FramaCExecutionTime,92.74365047799984
TotalExecutionTime,15024.495919143003
