InputGenerationTime,0.5126059039903339
ProfilingTime,23.94925498997327
SimulationTime,14.36955115199089
FramaCExecutionTime,134.92843663701206
TotalExecutionTime,1449.0059833250125
