InputGenerationTime,0.02531034300045576
ProfilingTime,11.085821960999965
SimulationTime,7.474738222001179
FramaCExecutionTime,42.76689746500051
TotalExecutionTime,676.4543104020013
