InputGenerationTime,0.22179850202519447
ProfilingTime,35.27323895494919
SimulationTime,67.17279486800544
FramaCExecutionTime,150.7494653709
TotalExecutionTime,3298.53907319298
