InputGenerationTime,0.46168155898340046
ProfilingTime,20.107239132048562
SimulationTime,15.427514379960485
FramaCExecutionTime,128.98384912509937
TotalExecutionTime,1445.9166512989905
