InputGenerationTime,0.2328068589558825
ProfilingTime,34.045749270007946
SimulationTime,13.452983804047108
FramaCExecutionTime,120.70834039303008
TotalExecutionTime,843.4374143709429
