InputGenerationTime,0.08888787199975923
ProfilingTime,34.59780381299788
SimulationTime,17.114299387001665
FramaCExecutionTime,102.41301443899283
TotalExecutionTime,306.4690334379993
