InputGenerationTime,0.24459180305711925
ProfilingTime,18.398145903949626
SimulationTime,8.051782569033094
FramaCExecutionTime,116.45146760297939
TotalExecutionTime,1537.7059414240066
