InputGenerationTime,0.18170733300212305
ProfilingTime,29.238072227002704
SimulationTime,21.709100156003842
FramaCExecutionTime,99.81084801500401
TotalExecutionTime,2905.342615268004
