InputGenerationTime,0.46168155898340046
ProfilingTime,20.269725628895685
SimulationTime,15.533420581952669
FramaCExecutionTime,128.98384912509937
TotalExecutionTime,1983.7276895099785
