InputGenerationTime,0.08297437703004107
ProfilingTime,28.209080556000117
SimulationTime,36.549968314007856
FramaCExecutionTime,103.6552166279871
TotalExecutionTime,4546.362031593977
