InputGenerationTime,0.05791807700006757
ProfilingTime,29.721866592997685
SimulationTime,13.05446613499953
FramaCExecutionTime,106.56665147199237
TotalExecutionTime,1418.6797795689927
