InputGenerationTime,0.08614854200277478
ProfilingTime,27.421706117980648
SimulationTime,18.01391960598994
FramaCExecutionTime,108.25941041699843
TotalExecutionTime,3752.276979603048
