InputGenerationTime,0.03941600100370124
ProfilingTime,23.1932291789999
SimulationTime,215.56549369000277
FramaCExecutionTime,95.25604605099943
TotalExecutionTime,6452.083379757001
