InputGenerationTime,0.2698664650088176
ProfilingTime,47.520555470953695
SimulationTime,23.999651451944374
FramaCExecutionTime,179.84466144593898
TotalExecutionTime,597.2634666709928
