InputGenerationTime,0.36768036500143353
ProfilingTime,40.51239890700526
SimulationTime,23.88567966499977
FramaCExecutionTime,132.18089018899627
TotalExecutionTime,196.95354847199633
