InputGenerationTime,0.04072097299649613
ProfilingTime,23.92378729199845
SimulationTime,16.187208286006353
FramaCExecutionTime,95.01072702199599
TotalExecutionTime,3355.8897154090046
