InputGenerationTime,0.0801443759992253
ProfilingTime,28.550075991995982
SimulationTime,15.133740044999286
FramaCExecutionTime,100.1416515919991
TotalExecutionTime,2960.761419030998
