InputGenerationTime,0.36039209901355207
ProfilingTime,20.455685577937402
SimulationTime,209.47969947592355
FramaCExecutionTime,125.7520459779771
TotalExecutionTime,1044.6184354440775
