InputGenerationTime,0.18538614409044385
ProfilingTime,21.713284934987314
SimulationTime,211.8971018489683
FramaCExecutionTime,110.43824010202661
TotalExecutionTime,1269.4628726140363
