InputGenerationTime,0.05246901400096249
ProfilingTime,25.60373653100396
SimulationTime,16.32915049199073
FramaCExecutionTime,99.9211063440016
TotalExecutionTime,3776.410165235997
