InputGenerationTime,0.06825365099984992
ProfilingTime,25.665531226999974
SimulationTime,19.027142343999913
FramaCExecutionTime,96.30293493099998
TotalExecutionTime,1658.457310951
