InputGenerationTime,0.2650788240007387
ProfilingTime,34.614413708997745
SimulationTime,109.0469660130002
FramaCExecutionTime,114.57576221599993
TotalExecutionTime,9980.695179603
