InputGenerationTime,0.24175441300030798
ProfilingTime,37.97822591906879
SimulationTime,24.45280038600322
FramaCExecutionTime,151.40488299599383
TotalExecutionTime,2596.8379327440634
