InputGenerationTime,0.03625350189395249
ProfilingTime,25.00802600593306
SimulationTime,38.70071196882054
FramaCExecutionTime,93.29361514700577
TotalExecutionTime,1990.4407101010438
