InputGenerationTime,0.328370483010076
ProfilingTime,32.801188239012845
SimulationTime,18.001209211011883
FramaCExecutionTime,125.33717997098574
TotalExecutionTime,1085.0752745730279
