InputGenerationTime,0.2328068589558825
ProfilingTime,39.26274187094532
SimulationTime,17.163842284004204
FramaCExecutionTime,120.70834039303008
TotalExecutionTime,1242.9053490629885
