InputGenerationTime,0.02531034300045576
ProfilingTime,11.21098946299935
SimulationTime,6.883421182999882
FramaCExecutionTime,42.76689746500051
TotalExecutionTime,821.3168454420011
