InputGenerationTime,0.3203130920010153
ProfilingTime,33.606651690002764
SimulationTime,21.176487940974766
FramaCExecutionTime,125.05516551900655
TotalExecutionTime,1192.115518135979
