InputGenerationTime,0.20294841800205177
ProfilingTime,36.37836403100664
SimulationTime,26.105611216000398
FramaCExecutionTime,122.89071526799671
TotalExecutionTime,2608.7735587780007
