InputGenerationTime,0.1973126189550385
ProfilingTime,60.81795111601241
SimulationTime,8.171527554048225
FramaCExecutionTime,110.4989025190007
TotalExecutionTime,2037.0231786890072
