InputGenerationTime,0.06429028999991715
ProfilingTime,28.943065815023147
SimulationTime,16.41696048201993
FramaCExecutionTime,107.19028882699786
TotalExecutionTime,960.7916695059976
