InputGenerationTime,0.07135240799834719
ProfilingTime,21.13696782799525
SimulationTime,12.115382472002239
FramaCExecutionTime,96.4827041699973
TotalExecutionTime,129.83655924699997
