InputGenerationTime,0.05441822297871113
ProfilingTime,23.589958862867206
SimulationTime,216.85432133008726
FramaCExecutionTime,93.7210614560172
TotalExecutionTime,3491.1658646988217
