InputGenerationTime,0.10097159299766645
ProfilingTime,33.851244596007746
SimulationTime,99.18684240500443
FramaCExecutionTime,110.10803324502194
TotalExecutionTime,24252.741976601013
