InputGenerationTime,0.04965436900238274
ProfilingTime,23.13875518400164
SimulationTime,219.85575523599982
FramaCExecutionTime,96.85920009500114
TotalExecutionTime,18737.431831469003
