InputGenerationTime,0.09243679200005772
ProfilingTime,40.435142473999804
SimulationTime,24.905952624999827
FramaCExecutionTime,140.29446766800004
TotalExecutionTime,1200.161184183
