InputGenerationTime,0.18901437100430485
ProfilingTime,37.43316153399792
SimulationTime,23.793041980999988
FramaCExecutionTime,120.16616172400245
TotalExecutionTime,4557.942610932001
