InputGenerationTime,0.06883503001881763
ProfilingTime,27.61317027901532
SimulationTime,18.772343511984218
FramaCExecutionTime,106.64326668903232
TotalExecutionTime,1847.6795849259943
