InputGenerationTime,0.09243679200005772
ProfilingTime,40.315684568999586
SimulationTime,22.94938371499984
FramaCExecutionTime,140.29446766800004
TotalExecutionTime,1521.27097804
