InputGenerationTime,0.04487435601186007
ProfilingTime,18.644919218029827
SimulationTime,8.618301803944632
FramaCExecutionTime,89.0224654530175
TotalExecutionTime,1466.7929109759862
