InputGenerationTime,0.17561334901256487
ProfilingTime,26.684937489015283
SimulationTime,31.28713896300178
FramaCExecutionTime,126.73664757199003
TotalExecutionTime,8023.412079956004
