InputGenerationTime,0.145248580025509
ProfilingTime,33.30046758201206
SimulationTime,155.37361988896737
FramaCExecutionTime,108.04990905203158
TotalExecutionTime,12355.973839450977
