InputGenerationTime,0.07480276003479958
ProfilingTime,18.87131895381026
SimulationTime,18.269466049969196
FramaCExecutionTime,92.13790134200826
TotalExecutionTime,241.62995403213426
