InputGenerationTime,0.2333431259903591
ProfilingTime,29.051322728017112
SimulationTime,23.02174269699026
FramaCExecutionTime,126.27864418100216
TotalExecutionTime,2319.740593544004
