InputGenerationTime,0.0566682789940387
ProfilingTime,24.687783482004306
SimulationTime,11.06222917699779
FramaCExecutionTime,99.10822514499887
TotalExecutionTime,2207.2388612190043
