InputGenerationTime,0.3468931099996553
ProfilingTime,28.057753474000492
SimulationTime,21.083566677996714
FramaCExecutionTime,97.67858885599708
TotalExecutionTime,2731.3488533639975
