InputGenerationTime,0.06064719200367108
ProfilingTime,29.341253724996932
SimulationTime,16.9971897599753
FramaCExecutionTime,106.90652724599931
TotalExecutionTime,1776.0826394979958
