InputGenerationTime,0.06233766500008642
ProfilingTime,10.42129002799993
SimulationTime,7.255530632000045
FramaCExecutionTime,47.2595315919998
TotalExecutionTime,630.4219470749995
