InputGenerationTime,0.0869224370107986
ProfilingTime,24.65082907595206
SimulationTime,16.410906101053115
FramaCExecutionTime,107.27235301001929
TotalExecutionTime,2446.513252422039
