InputGenerationTime,0.09243679200005772
ProfilingTime,40.905854968000085
SimulationTime,23.115573066000024
FramaCExecutionTime,140.29446766800004
TotalExecutionTime,1134.7029347559996
