InputGenerationTime,0.13775036500010174
ProfilingTime,23.00516053899628
SimulationTime,106.77138501199806
FramaCExecutionTime,94.25399721999565
TotalExecutionTime,3432.946201675004
