InputGenerationTime,0.13892562800174346
ProfilingTime,38.314461037
SimulationTime,27.722949171999062
FramaCExecutionTime,111.13148282000111
TotalExecutionTime,939.7155302099964
