InputGenerationTime,0.3487831080565229
ProfilingTime,21.263138947077096
SimulationTime,13.668700805050321
FramaCExecutionTime,124.48829469003249
TotalExecutionTime,228.7892397599062
