InputGenerationTime,0.22495511300076032
ProfilingTime,26.979732953001076
SimulationTime,231.6706595659998
FramaCExecutionTime,129.21610248100114
TotalExecutionTime,16110.630899399002
