InputGenerationTime,0.06134531200223137
ProfilingTime,32.20840776800469
SimulationTime,19.68402835499728
FramaCExecutionTime,105.47228164300031
TotalExecutionTime,2112.884251647003
