InputGenerationTime,0.06472448515705764
ProfilingTime,18.379969672998413
SimulationTime,209.64812807296403
FramaCExecutionTime,89.01774519495666
TotalExecutionTime,1227.0157863260247
