InputGenerationTime,0.04074582800240023
ProfilingTime,25.140643327998987
SimulationTime,14.563271745999373
FramaCExecutionTime,95.56120953299978
TotalExecutionTime,1602.1551953529997
