InputGenerationTime,0.08908225699997274
ProfilingTime,12.153830033999839
SimulationTime,7.995845858999928
FramaCExecutionTime,48.71309677099998
TotalExecutionTime,853.3479550430002
