InputGenerationTime,0.3914520660182461
ProfilingTime,21.953374044038355
SimulationTime,12.126717720995657
FramaCExecutionTime,134.18783874309156
TotalExecutionTime,1506.9264545609476
