InputGenerationTime,0.06429028999991715
ProfilingTime,28.935910600004718
SimulationTime,16.388368723972235
FramaCExecutionTime,107.19028882699786
TotalExecutionTime,729.6454882459948
