InputGenerationTime,0.03647145791910589
ProfilingTime,19.31500214303378
SimulationTime,210.41847588401288
FramaCExecutionTime,90.35240423900541
TotalExecutionTime,4734.918122850009
