InputGenerationTime,0.20043562108185142
ProfilingTime,19.810706904972903
SimulationTime,26.820876604062505
FramaCExecutionTime,106.11862533399835
TotalExecutionTime,1052.6289866740117
