InputGenerationTime,0.07644303201232105
ProfilingTime,28.44714676500007
SimulationTime,17.396521825998207
FramaCExecutionTime,99.76022365198878
TotalExecutionTime,869.636531717988
