InputGenerationTime,0.24733186499997828
ProfilingTime,30.635828676000074
SimulationTime,20.982536099999834
FramaCExecutionTime,124.64607925199971
TotalExecutionTime,2979.69890492
