InputGenerationTime,0.24693168800149579
ProfilingTime,50.05175651999889
SimulationTime,56.19584747499903
FramaCExecutionTime,135.26416748500196
TotalExecutionTime,3380.233401908001
