InputGenerationTime,0.08637258899398148
ProfilingTime,28.58563819801202
SimulationTime,15.601777224044781
FramaCExecutionTime,104.87469518801663
TotalExecutionTime,3011.9982745590387
