InputGenerationTime,0.33293280099951517
ProfilingTime,27.695938844999546
SimulationTime,20.463907970000037
FramaCExecutionTime,130.06025948600018
TotalExecutionTime,4920.413488673999
