InputGenerationTime,0.1727162059978582
ProfilingTime,24.50135413199314
SimulationTime,80.45553686699714
FramaCExecutionTime,121.51857166702393
TotalExecutionTime,3895.2634027070017
