InputGenerationTime,0.0712742239702493
ProfilingTime,28.05734818201745
SimulationTime,18.109107250988018
FramaCExecutionTime,105.79948802501895
TotalExecutionTime,2116.272878514952
