InputGenerationTime,0.5576207120029721
ProfilingTime,29.386902595986612
SimulationTime,15.87416817198391
FramaCExecutionTime,137.8231833819882
TotalExecutionTime,1559.0972649210016
