InputGenerationTime,0.09055162998265587
ProfilingTime,23.178099125012523
SimulationTime,31.07846492298995
FramaCExecutionTime,95.32764521898935
TotalExecutionTime,828.0690062289941
