InputGenerationTime,0.12488321099954192
ProfilingTime,27.234380646004865
SimulationTime,19.955501090000325
FramaCExecutionTime,88.36304531300266
TotalExecutionTime,2854.9486874520007
