InputGenerationTime,0.2035223109414801
ProfilingTime,18.776532760006376
SimulationTime,843.3476197459968
FramaCExecutionTime,108.50297766900621
TotalExecutionTime,18408.05220786098
