InputGenerationTime,0.27123504306655377
ProfilingTime,38.27078239596449
SimulationTime,244.1804045099998
FramaCExecutionTime,121.80990467895754
TotalExecutionTime,3693.749850426917
