InputGenerationTime,0.06429028999991715
ProfilingTime,28.390138709975872
SimulationTime,16.69229722797172
FramaCExecutionTime,107.19028882699786
TotalExecutionTime,594.4040691770497
