InputGenerationTime,0.03647145791910589
ProfilingTime,19.4315113510238
SimulationTime,211.96655016299337
FramaCExecutionTime,90.35240423900541
TotalExecutionTime,4966.363625294995
