InputGenerationTime,0.38357829499727814
ProfilingTime,26.693946005005273
SimulationTime,21.477422434996697
FramaCExecutionTime,101.32164939100039
TotalExecutionTime,4134.862305202994
