InputGenerationTime,0.20462099200085504
ProfilingTime,27.72905477599852
SimulationTime,21.604506462001154
FramaCExecutionTime,119.80521449099979
TotalExecutionTime,2310.9528620130004
