InputGenerationTime,0.2641803329997856
ProfilingTime,29.13723707600002
SimulationTime,238.54330986100013
FramaCExecutionTime,119.66695576599977
TotalExecutionTime,1672.2574008410002
