InputGenerationTime,0.18836116197053343
ProfilingTime,25.139208337001037
SimulationTime,20.566535987018142
FramaCExecutionTime,111.69122295401758
TotalExecutionTime,360.29386700398754
