InputGenerationTime,0.2852700619987445
ProfilingTime,37.820096632996865
SimulationTime,26.618473980997805
FramaCExecutionTime,121.69274858300196
TotalExecutionTime,5794.302795817999
