InputGenerationTime,0.2749036009190604
ProfilingTime,30.844851862988435
SimulationTime,213.74086097697727
FramaCExecutionTime,159.24751158698928
TotalExecutionTime,6418.178602679982
