InputGenerationTime,0.07626064800024324
ProfilingTime,16.027871194
SimulationTime,7.808889549000014
FramaCExecutionTime,59.88686160399993
TotalExecutionTime,130.45726837000075
