InputGenerationTime,0.2698664650088176
ProfilingTime,38.9537546049105
SimulationTime,14.428711590939201
FramaCExecutionTime,179.84466144593898
TotalExecutionTime,341.0742948349798
