InputGenerationTime,0.17436641099993722
ProfilingTime,38.36318795799889
SimulationTime,114.23662092000086
FramaCExecutionTime,111.46580506899954
TotalExecutionTime,1587.297181808999
