InputGenerationTime,0.131118303979747
ProfilingTime,32.75435333815403
SimulationTime,1012.8087056861259
FramaCExecutionTime,108.81593526701909
TotalExecutionTime,12447.912310744054
