InputGenerationTime,0.254091541050002
ProfilingTime,30.600059457006864
SimulationTime,13.093667499953881
FramaCExecutionTime,138.49859954905696
TotalExecutionTime,260.5702086039819
