InputGenerationTime,0.06748960799995984
ProfilingTime,11.64735465600097
SimulationTime,6.999629872001606
FramaCExecutionTime,45.455020551000416
TotalExecutionTime,100.772352512
