InputGenerationTime,0.01746885300053691
ProfilingTime,9.306114697999874
SimulationTime,6.311821482000596
FramaCExecutionTime,39.659135420000894
TotalExecutionTime,528.7864320739991
