InputGenerationTime,0.24175441300030798
ProfilingTime,30.679153907112777
SimulationTime,17.23914936906658
FramaCExecutionTime,151.40488299599383
TotalExecutionTime,1731.4884641990066
