InputGenerationTime,0.23457185400184244
ProfilingTime,23.457838879956398
SimulationTime,49.46662987599848
FramaCExecutionTime,100.63616595900385
TotalExecutionTime,2801.9021957259974
