InputGenerationTime,0.30700588898616843
ProfilingTime,25.562105815974064
SimulationTime,18.501026620011544
FramaCExecutionTime,126.14888849700219
TotalExecutionTime,3920.776437628985
