InputGenerationTime,0.09734716100501828
ProfilingTime,32.74647099300637
SimulationTime,23.428564336994896
FramaCExecutionTime,106.48393925699929
TotalExecutionTime,4621.4895633549895
