InputGenerationTime,0.18076778999966336
ProfilingTime,48.0795141790004
SimulationTime,31.432699553999555
FramaCExecutionTime,117.59281498999917
TotalExecutionTime,4816.774536367
