InputGenerationTime,0.08208400999865262
ProfilingTime,22.274122270995576
SimulationTime,216.62672614599433
FramaCExecutionTime,96.04302714300138
TotalExecutionTime,1288.6233134190043
