InputGenerationTime,0.3203130920010153
ProfilingTime,34.0316557380138
SimulationTime,25.049479059991427
FramaCExecutionTime,125.05516551900655
TotalExecutionTime,854.2569742369815
