InputGenerationTime,0.05124002699449193
ProfilingTime,29.224074258003384
SimulationTime,43.52065488899825
FramaCExecutionTime,104.36231635800505
TotalExecutionTime,5808.382754332997
