InputGenerationTime,0.03413906300011149
ProfilingTime,20.30022496699894
SimulationTime,215.19386054200004
FramaCExecutionTime,92.74365047799984
TotalExecutionTime,11924.171276669
