InputGenerationTime,0.15126023499760777
ProfilingTime,25.668956312001683
SimulationTime,20.089351090951823
FramaCExecutionTime,114.47119204199407
TotalExecutionTime,1905.2303056480014
