InputGenerationTime,0.27328697097254917
ProfilingTime,21.275507377984468
SimulationTime,13.898432159039658
FramaCExecutionTime,120.04880065802718
TotalExecutionTime,3478.3769298819825
