InputGenerationTime,0.3488004950049799
ProfilingTime,31.982487625995418
SimulationTime,27.729572009993717
FramaCExecutionTime,131.56218258899753
TotalExecutionTime,5381.653772149992
