InputGenerationTime,0.03731615799915744
ProfilingTime,25.48596555700351
SimulationTime,10.112285320006777
FramaCExecutionTime,98.2822837460044
TotalExecutionTime,1371.05562834601
