InputGenerationTime,0.06064719200367108
ProfilingTime,28.441787959018257
SimulationTime,13.067039321991615
FramaCExecutionTime,106.90652724599931
TotalExecutionTime,1323.5214543040493
