InputGenerationTime,0.19021941302344203
ProfilingTime,20.79010023700539
SimulationTime,209.64885776897427
FramaCExecutionTime,113.54233702400234
TotalExecutionTime,10703.192374358012
