InputGenerationTime,0.0712742239702493
ProfilingTime,28.16010307200486
SimulationTime,20.40608963201521
FramaCExecutionTime,105.79948802501895
TotalExecutionTime,1974.220922974986
