InputGenerationTime,0.13503388699973584
ProfilingTime,34.678077447999385
SimulationTime,107.20328035399871
FramaCExecutionTime,114.96788224999909
TotalExecutionTime,12109.763683008001
