InputGenerationTime,0.03941600100370124
ProfilingTime,20.814313863993448
SimulationTime,217.73167575499974
FramaCExecutionTime,95.25604605099943
TotalExecutionTime,10333.891896155
