InputGenerationTime,0.03413906300011149
ProfilingTime,20.101821233998635
SimulationTime,214.40608686599808
FramaCExecutionTime,92.74365047799984
TotalExecutionTime,11220.076384725002
