InputGenerationTime,0.05974107002839446
ProfilingTime,26.756131547968835
SimulationTime,10.676005721092224
FramaCExecutionTime,94.46663717599586
TotalExecutionTime,491.61626487597823
