InputGenerationTime,0.19015604798914865
ProfilingTime,20.74520088097779
SimulationTime,11.203322445042431
FramaCExecutionTime,110.16134787397459
TotalExecutionTime,142.31207413697848
