InputGenerationTime,0.08441820700682001
ProfilingTime,23.681017734001216
SimulationTime,18.243781179997313
FramaCExecutionTime,98.15719956099929
TotalExecutionTime,1829.1232511179987
