InputGenerationTime,0.26684155499970075
ProfilingTime,25.70655255499878
SimulationTime,10.128899534000084
FramaCExecutionTime,94.79318434699962
TotalExecutionTime,2409.9793360520052
