InputGenerationTime,0.18538614409044385
ProfilingTime,25.388543021981604
SimulationTime,214.65223912301008
FramaCExecutionTime,110.43824010202661
TotalExecutionTime,4407.731102475082
