InputGenerationTime,0.2563665369998489
ProfilingTime,26.880074335000245
SimulationTime,233.76007918100004
FramaCExecutionTime,119.80670238400126
TotalExecutionTime,9693.517699566
