InputGenerationTime,0.11390176499844529
ProfilingTime,34.90175239099699
SimulationTime,19.652928296000027
FramaCExecutionTime,109.5342480060026
TotalExecutionTime,3201.649424831001
