InputGenerationTime,0.2567060510045849
ProfilingTime,23.416371079001692
SimulationTime,106.08123083199462
FramaCExecutionTime,101.65106537199608
TotalExecutionTime,10418.138381837001
