InputGenerationTime,0.0566682789940387
ProfilingTime,26.84844081099436
SimulationTime,13.271722063000198
FramaCExecutionTime,99.10822514499887
TotalExecutionTime,2921.472899804001
