InputGenerationTime,0.27123504306655377
ProfilingTime,45.826301233959384
SimulationTime,251.6959142490523
FramaCExecutionTime,121.80990467895754
TotalExecutionTime,4568.907765544951
