InputGenerationTime,0.26520692789927125
ProfilingTime,36.11743541108444
SimulationTime,16.915249221026897
FramaCExecutionTime,172.96581168298144
TotalExecutionTime,2355.3897258109646
