InputGenerationTime,0.06595401199956541
ProfilingTime,18.79171780700017
SimulationTime,11.024208273000113
FramaCExecutionTime,58.418587621999905
TotalExecutionTime,1119.4625472350008
