InputGenerationTime,0.20462099200085504
ProfilingTime,29.25321017600072
SimulationTime,22.135312874997908
FramaCExecutionTime,119.80521449099979
TotalExecutionTime,1619.6404199869976
