InputGenerationTime,0.08208400999865262
ProfilingTime,23.690975347999483
SimulationTime,218.52418789299554
FramaCExecutionTime,96.04302714300138
TotalExecutionTime,1530.8942429720046
