InputGenerationTime,0.06064719200367108
ProfilingTime,28.600026781030465
SimulationTime,17.351803096942604
FramaCExecutionTime,106.90652724599931
TotalExecutionTime,2104.8517953280243
