InputGenerationTime,0.5126059039903339
ProfilingTime,33.7515974350099
SimulationTime,22.449378989986144
FramaCExecutionTime,134.92843663701206
TotalExecutionTime,2148.1054006870254
