InputGenerationTime,0.05552351800724864
ProfilingTime,35.09426706499653
SimulationTime,11.464397635994828
FramaCExecutionTime,105.23009136799374
TotalExecutionTime,22321.720839946996
