InputGenerationTime,0.06595401199956541
ProfilingTime,17.97669651599972
SimulationTime,9.812273625999296
FramaCExecutionTime,58.418587621999905
TotalExecutionTime,1147.2548919350002
