InputGenerationTime,0.26520692789927125
ProfilingTime,33.179455819074064
SimulationTime,14.400896504055709
FramaCExecutionTime,172.96581168298144
TotalExecutionTime,2403.0265365398955
