InputGenerationTime,0.04804642405360937
ProfilingTime,21.253706996911205
SimulationTime,10.478407224989496
FramaCExecutionTime,90.74596772296354
TotalExecutionTime,986.6242339139571
