InputGenerationTime,0.24693168800149579
ProfilingTime,60.26855700300075
SimulationTime,67.78478364700277
FramaCExecutionTime,135.26416748500196
TotalExecutionTime,3722.2352583340107
