InputGenerationTime,0.146842653004569
ProfilingTime,23.50974983099877
SimulationTime,17.658489863002615
FramaCExecutionTime,89.65716592899844
TotalExecutionTime,1042.6890864040033
