InputGenerationTime,0.06617910400382243
ProfilingTime,37.67492998900707
SimulationTime,20.378342327996506
FramaCExecutionTime,105.83214284598944
TotalExecutionTime,3488.9538844849885
