InputGenerationTime,0.05124002699449193
ProfilingTime,29.295345748992986
SimulationTime,40.06819603999611
FramaCExecutionTime,104.36231635800505
TotalExecutionTime,4525.381837388006
