InputGenerationTime,0.08297437703004107
ProfilingTime,26.264282279007602
SimulationTime,36.60607140895445
FramaCExecutionTime,103.6552166279871
TotalExecutionTime,4447.362912085024
