InputGenerationTime,0.24459180305711925
ProfilingTime,20.524203892913647
SimulationTime,9.777689155074768
FramaCExecutionTime,116.45146760297939
TotalExecutionTime,1365.002406986081
