InputGenerationTime,0.0791702719998284
ProfilingTime,10.55124909299957
SimulationTime,6.583444941001289
FramaCExecutionTime,50.45893695700033
TotalExecutionTime,842.3149502459983
