InputGenerationTime,0.20462099200085504
ProfilingTime,25.031040634999954
SimulationTime,20.535064138999587
FramaCExecutionTime,119.80521449099979
TotalExecutionTime,1384.6924694890004
