InputGenerationTime,0.29120918099943083
ProfilingTime,47.484733515004336
SimulationTime,273.52383620099863
FramaCExecutionTime,140.39637216499978
TotalExecutionTime,16037.383038869004
