InputGenerationTime,0.04804642405360937
ProfilingTime,20.580743187922053
SimulationTime,11.51420952891931
FramaCExecutionTime,90.74596772296354
TotalExecutionTime,1375.5688626399497
