InputGenerationTime,0.03731615799915744
ProfilingTime,26.407207485011895
SimulationTime,10.806277358002262
FramaCExecutionTime,98.2822837460044
TotalExecutionTime,1609.0869842260072
