InputGenerationTime,0.11109681602101773
ProfilingTime,18.636237454949878
SimulationTime,44.89698858105112
FramaCExecutionTime,95.02735664101783
TotalExecutionTime,3531.117987764068
