InputGenerationTime,0.06673876900458708
ProfilingTime,31.055247718002647
SimulationTime,15.649471445009112
FramaCExecutionTime,105.7249488600064
TotalExecutionTime,2185.058689733036
