InputGenerationTime,0.20938648599985754
ProfilingTime,27.987422264995985
SimulationTime,19.66520940799819
FramaCExecutionTime,100.2116976210018
TotalExecutionTime,1739.4069021190007
