InputGenerationTime,0.03941600100370124
ProfilingTime,21.857915758999297
SimulationTime,215.47542776699993
FramaCExecutionTime,95.25604605099943
TotalExecutionTime,6213.271210176004
