InputGenerationTime,0.07834984001237899
ProfilingTime,26.078050847980194
SimulationTime,16.01072317600483
FramaCExecutionTime,108.21301396400668
TotalExecutionTime,1149.0355056209955
