InputGenerationTime,0.05511531299998751
ProfilingTime,20.958045046994812
SimulationTime,216.8441922569982
FramaCExecutionTime,94.72058908399777
TotalExecutionTime,14030.338346385004
