InputGenerationTime,0.06617910400382243
ProfilingTime,29.68188290100079
SimulationTime,14.92252689099405
FramaCExecutionTime,105.83214284598944
TotalExecutionTime,3004.5638907179964
