InputGenerationTime,0.22179850202519447
ProfilingTime,37.54305853601545
SimulationTime,70.98875704605598
FramaCExecutionTime,150.7494653709
TotalExecutionTime,4541.602094362024
