InputGenerationTime,0.08512004901422188
ProfilingTime,25.650350054958835
SimulationTime,36.24230523098959
FramaCExecutionTime,94.62754339398816
TotalExecutionTime,480.41256132000126
