InputGenerationTime,0.05511531299998751
ProfilingTime,21.645661103997554
SimulationTime,218.41967315299553
FramaCExecutionTime,94.72058908399777
TotalExecutionTime,13552.853800343
