InputGenerationTime,0.15295539499493316
ProfilingTime,25.08116645800328
SimulationTime,17.144385554995097
FramaCExecutionTime,89.9493181259968
TotalExecutionTime,1304.497527534004
