InputGenerationTime,0.03647145791910589
ProfilingTime,19.396640504011884
SimulationTime,211.67716437298805
FramaCExecutionTime,90.35240423900541
TotalExecutionTime,1932.9272059520008
