InputGenerationTime,0.10097159299766645
ProfilingTime,45.152702470018994
SimulationTime,186.476987511036
FramaCExecutionTime,110.10803324502194
TotalExecutionTime,27546.986605617043
