InputGenerationTime,0.12341600493527949
ProfilingTime,30.21275708801113
SimulationTime,38.181480860104784
FramaCExecutionTime,109.50403061194811
TotalExecutionTime,2023.4180292660603
