InputGenerationTime,0.24126282497309148
ProfilingTime,20.030083496007137
SimulationTime,217.55264650203753
FramaCExecutionTime,107.74387342808768
TotalExecutionTime,4406.12742499297
