InputGenerationTime,0.21752191695850343
ProfilingTime,21.71527802804485
SimulationTime,210.35773660300765
FramaCExecutionTime,113.90528678707778
TotalExecutionTime,6616.439521302003
