InputGenerationTime,0.06673876900458708
ProfilingTime,26.95823220303282
SimulationTime,15.752370932023041
FramaCExecutionTime,105.7249488600064
TotalExecutionTime,1643.2119475870277
