InputGenerationTime,0.08208400999865262
ProfilingTime,23.617217076003726
SimulationTime,11.000534014005098
FramaCExecutionTime,96.04302714300138
TotalExecutionTime,4206.664336617003
