InputGenerationTime,0.05550380299973767
ProfilingTime,35.505830533002154
SimulationTime,18.069141755011515
FramaCExecutionTime,105.84851150700706
TotalExecutionTime,3175.0037792649964
