InputGenerationTime,0.2951946859830059
ProfilingTime,25.238798164005857
SimulationTime,52.411991979024606
FramaCExecutionTime,126.49901207099902
TotalExecutionTime,12198.950635558984
