InputGenerationTime,0.10488404300122056
ProfilingTime,40.59171292300016
SimulationTime,20.655380814998352
FramaCExecutionTime,118.49847431200033
TotalExecutionTime,2819.299152866999
