InputGenerationTime,0.12488321099954192
ProfilingTime,23.94147551200149
SimulationTime,16.870431119001296
FramaCExecutionTime,88.36304531300266
TotalExecutionTime,2710.373632504001
