InputGenerationTime,0.13310052594169974
ProfilingTime,30.71684285905212
SimulationTime,24.617429916048422
FramaCExecutionTime,137.11517138092313
TotalExecutionTime,304.5850888150744
