InputGenerationTime,0.28151840600185096
ProfilingTime,26.71199721499579
SimulationTime,19.21180148300482
FramaCExecutionTime,123.84468328399817
TotalExecutionTime,3884.5095626160037
