InputGenerationTime,0.18836116197053343
ProfilingTime,25.38797009602422
SimulationTime,21.32002059102524
FramaCExecutionTime,111.69122295401758
TotalExecutionTime,863.9394639619859
