InputGenerationTime,0.13892562800174346
ProfilingTime,36.19094029799817
SimulationTime,24.874645722000423
FramaCExecutionTime,111.13148282000111
TotalExecutionTime,232.88187232199925
