InputGenerationTime,0.2384402189636603
ProfilingTime,29.889151641982608
SimulationTime,60.50749564089347
FramaCExecutionTime,151.8234170480864
TotalExecutionTime,2591.0747825580183
