InputGenerationTime,0.08321001699914632
ProfilingTime,36.12464784599979
SimulationTime,113.05201526000019
FramaCExecutionTime,108.04663024299953
TotalExecutionTime,4275.705833275
