InputGenerationTime,0.2518795130017679
ProfilingTime,37.55274610500783
SimulationTime,20.28003925201483
FramaCExecutionTime,128.72929689101875
TotalExecutionTime,1702.1951166300278
