InputGenerationTime,0.06134430388920009
ProfilingTime,21.87061983696185
SimulationTime,11.874666332965717
FramaCExecutionTime,95.81497655203566
TotalExecutionTime,1221.4958622530103
