InputGenerationTime,0.5249734570097644
ProfilingTime,35.17850489297416
SimulationTime,23.016327279008692
FramaCExecutionTime,148.15377748798346
TotalExecutionTime,4337.057552676008
