InputGenerationTime,0.38357829499727814
ProfilingTime,25.880862013997103
SimulationTime,20.811180359996797
FramaCExecutionTime,101.32164939100039
TotalExecutionTime,4282.6166265110005
