InputGenerationTime,0.1500415460000113
ProfilingTime,37.7905074360001
SimulationTime,24.250963588000104
FramaCExecutionTime,119.5390944679998
TotalExecutionTime,2299.669640539
