InputGenerationTime,0.2937192200042773
ProfilingTime,24.36030963101075
SimulationTime,14.338649379002163
FramaCExecutionTime,131.4051270929922
TotalExecutionTime,2751.7700658010144
