InputGenerationTime,0.02344999100023415
ProfilingTime,13.170249287000843
SimulationTime,7.292305169999963
FramaCExecutionTime,44.093769834998966
TotalExecutionTime,810.9169821249998
