InputGenerationTime,0.19021941302344203
ProfilingTime,26.006777007016353
SimulationTime,216.50984236900695
FramaCExecutionTime,113.54233702400234
TotalExecutionTime,8519.311711429968
