InputGenerationTime,0.1586757400073111
ProfilingTime,49.80797635897761
SimulationTime,99.55048317403998
FramaCExecutionTime,113.80346785899019
TotalExecutionTime,2603.0165995910065
