InputGenerationTime,0.20075722900219262
ProfilingTime,26.078260648995638
SimulationTime,244.75112161698053
FramaCExecutionTime,120.85969471401768
TotalExecutionTime,15032.039490522002
