InputGenerationTime,0.0851615320007113
ProfilingTime,11.053275805999874
SimulationTime,6.991347795001275
FramaCExecutionTime,48.46413284600021
TotalExecutionTime,103.86730979399908
