InputGenerationTime,0.106488331919536
ProfilingTime,29.806780650978908
SimulationTime,217.92386981099844
FramaCExecutionTime,107.84012395399623
TotalExecutionTime,11402.340563596925
