InputGenerationTime,0.01746885300053691
ProfilingTime,9.258473344001686
SimulationTime,6.462354733999746
FramaCExecutionTime,39.659135420000894
TotalExecutionTime,482.35710479499903
