InputGenerationTime,0.1860354489999736
ProfilingTime,29.235992743999986
SimulationTime,19.37461315900009
FramaCExecutionTime,133.846350332
TotalExecutionTime,542.9096989899999
