InputGenerationTime,0.26684155499970075
ProfilingTime,26.94057641299878
SimulationTime,115.03065053500177
FramaCExecutionTime,94.79318434699962
TotalExecutionTime,2237.2430074720032
