InputGenerationTime,0.1036995750037022
ProfilingTime,61.059792290994665
SimulationTime,43.622831041007885
FramaCExecutionTime,128.76921959100582
TotalExecutionTime,8199.718112445
