InputGenerationTime,0.2780745880008908
ProfilingTime,49.88626194000244
SimulationTime,42.85901365400059
FramaCExecutionTime,147.1211182670013
TotalExecutionTime,7841.685695959997
