InputGenerationTime,0.07921701300074346
ProfilingTime,32.26705374699668
SimulationTime,21.167337587990914
FramaCExecutionTime,105.26931427200907
TotalExecutionTime,4049.4917554709973
