InputGenerationTime,0.13892562800174346
ProfilingTime,36.71390458899987
SimulationTime,23.57941586599918
FramaCExecutionTime,111.13148282000111
TotalExecutionTime,354.6463620700015
