InputGenerationTime,0.30700588898616843
ProfilingTime,29.615043042984325
SimulationTime,24.194570708990796
FramaCExecutionTime,126.14888849700219
TotalExecutionTime,4534.155148280988
