InputGenerationTime,0.07854590803617612
ProfilingTime,26.548067896976136
SimulationTime,19.907232160971034
FramaCExecutionTime,107.89253767899936
TotalExecutionTime,3916.6848640839453
