InputGenerationTime,0.2250435840105638
ProfilingTime,21.670629943953827
SimulationTime,210.8887669639662
FramaCExecutionTime,112.19995585503057
TotalExecutionTime,3385.059135784046
