InputGenerationTime,0.04965436900238274
ProfilingTime,21.239677215002303
SimulationTime,217.83567257600225
FramaCExecutionTime,96.85920009500114
TotalExecutionTime,17044.240569337002
