InputGenerationTime,0.0626839460019255
ProfilingTime,36.613466423994396
SimulationTime,21.125675797986332
FramaCExecutionTime,104.38985318000778
TotalExecutionTime,4996.420004273998
