InputGenerationTime,0.08208400999865262
ProfilingTime,23.848388948994398
SimulationTime,218.46040336100123
FramaCExecutionTime,96.04302714300138
TotalExecutionTime,3930.6949209380036
