InputGenerationTime,0.06306902691721916
ProfilingTime,20.903882678830996
SimulationTime,10.615911907050759
FramaCExecutionTime,93.3677042729687
TotalExecutionTime,1085.4978033360094
