InputGenerationTime,0.22147605799546
ProfilingTime,47.31209498299722
SimulationTime,38.28648917499959
FramaCExecutionTime,139.0204824370012
TotalExecutionTime,4553.490770951001
