InputGenerationTime,0.20294841800205177
ProfilingTime,35.903658871000516
SimulationTime,25.119604431005428
FramaCExecutionTime,122.89071526799671
TotalExecutionTime,1898.7260660909997
