InputGenerationTime,0.05953637699712999
ProfilingTime,23.10053797999717
SimulationTime,15.09745307200501
FramaCExecutionTime,106.16420628500055
TotalExecutionTime,593.7276372569977
