InputGenerationTime,0.18836116197053343
ProfilingTime,25.521081215993036
SimulationTime,6.3420926359831356
FramaCExecutionTime,111.69122295401758
TotalExecutionTime,895.8612303229747
