InputGenerationTime,0.1907245700713247
ProfilingTime,18.842833944014274
SimulationTime,491.79228962399065
FramaCExecutionTime,107.36546195601113
TotalExecutionTime,618.2048133249627
