InputGenerationTime,0.22197016500285827
ProfilingTime,29.030478465996566
SimulationTime,21.470334504003404
FramaCExecutionTime,102.733615930003
TotalExecutionTime,4602.693313080003
