InputGenerationTime,0.15126023499760777
ProfilingTime,21.290429109008983
SimulationTime,19.085700222989544
FramaCExecutionTime,114.47119204199407
TotalExecutionTime,1358.4511476029875
