InputGenerationTime,0.2951946859830059
ProfilingTime,24.353707145986846
SimulationTime,61.15294122300111
FramaCExecutionTime,126.49901207099902
TotalExecutionTime,10399.191680347983
