InputGenerationTime,0.15557446299999356
ProfilingTime,39.00977156299996
SimulationTime,22.89276103800057
FramaCExecutionTime,114.42043770899954
TotalExecutionTime,4070.0131560489995
