InputGenerationTime,0.07863106299191713
ProfilingTime,32.456399202987086
SimulationTime,18.61275485699298
FramaCExecutionTime,106.38991733599687
TotalExecutionTime,3978.6209956270177
