InputGenerationTime,0.0990121210925281
ProfilingTime,40.473602005979046
SimulationTime,244.18184161791578
FramaCExecutionTime,107.4057569380384
TotalExecutionTime,3658.606757360976
