InputGenerationTime,0.5125337750068866
ProfilingTime,29.35939640601282
SimulationTime,16.182738450996112
FramaCExecutionTime,149.69917792000342
TotalExecutionTime,4650.528695914021
