InputGenerationTime,0.06883503001881763
ProfilingTime,27.6461148840026
SimulationTime,16.796036007988732
FramaCExecutionTime,106.64326668903232
TotalExecutionTime,1344.1138494510087
