InputGenerationTime,0.04533246399660129
ProfilingTime,34.05997009499697
SimulationTime,231.80319742400025
FramaCExecutionTime,102.04172662799829
TotalExecutionTime,15410.334460672995
