InputGenerationTime,0.2518795130017679
ProfilingTime,37.256641954998486
SimulationTime,18.202549573004944
FramaCExecutionTime,128.72929689101875
TotalExecutionTime,2283.249526304018
