InputGenerationTime,0.19015604798914865
ProfilingTime,26.31603216897929
SimulationTime,12.619082660006825
FramaCExecutionTime,110.16134787397459
TotalExecutionTime,920.070203782001
