InputGenerationTime,0.08587797201471403
ProfilingTime,45.624596141977236
SimulationTime,65.93071362102637
FramaCExecutionTime,105.58347059699008
TotalExecutionTime,29663.069253986003
