InputGenerationTime,0.2641803329997856
ProfilingTime,27.670526763000453
SimulationTime,12.118473285998334
FramaCExecutionTime,119.66695576599977
TotalExecutionTime,4613.074076561
