InputGenerationTime,0.27328697097254917
ProfilingTime,24.779782310011797
SimulationTime,14.044366199988872
FramaCExecutionTime,120.04880065802718
TotalExecutionTime,3634.5722688239766
