InputGenerationTime,0.08441820700682001
ProfilingTime,23.26188846599689
SimulationTime,18.201021872999263
FramaCExecutionTime,98.15719956099929
TotalExecutionTime,1870.7010657950013
