InputGenerationTime,0.18929134996142238
ProfilingTime,20.904326909047086
SimulationTime,211.08848995296285
FramaCExecutionTime,116.21079802402528
TotalExecutionTime,18979.444876071007
