InputGenerationTime,0.3488004950049799
ProfilingTime,34.73345506101032
SimulationTime,28.961955984006636
FramaCExecutionTime,131.56218258899753
TotalExecutionTime,5263.691049599991
