InputGenerationTime,0.2095904320012778
ProfilingTime,23.743872092920355
SimulationTime,11.879672598093748
FramaCExecutionTime,113.9620377930114
TotalExecutionTime,1404.7779110589763
