InputGenerationTime,0.2749036009190604
ProfilingTime,37.54965312394779
SimulationTime,224.25984716892708
FramaCExecutionTime,159.24751158698928
TotalExecutionTime,9958.396287305048
