InputGenerationTime,0.0675285549950786
ProfilingTime,24.251259382988792
SimulationTime,14.994512012010091
FramaCExecutionTime,100.22720573899278
TotalExecutionTime,1517.7186609179917
