InputGenerationTime,0.5576207120029721
ProfilingTime,36.79335764297866
SimulationTime,29.925419058999978
FramaCExecutionTime,137.8231833819882
TotalExecutionTime,2261.6264726679947
