InputGenerationTime,0.04219626891426742
ProfilingTime,18.821863105054945
SimulationTime,18.571892944863066
FramaCExecutionTime,89.77886800491251
TotalExecutionTime,1241.7730527690146
