InputGenerationTime,0.5491699959966354
ProfilingTime,30.30320429499261
SimulationTime,24.196770873997593
FramaCExecutionTime,132.03446686899406
TotalExecutionTime,1099.4259835869889
