InputGenerationTime,0.2554458619997604
ProfilingTime,28.38191200300207
SimulationTime,235.00994164900112
FramaCExecutionTime,133.5833892849987
TotalExecutionTime,21762.026470136003
