InputGenerationTime,0.24126282497309148
ProfilingTime,19.872438917052932
SimulationTime,215.83574989205226
FramaCExecutionTime,107.74387342808768
TotalExecutionTime,4641.886086127954
