InputGenerationTime,0.0851615320007113
ProfilingTime,11.212754076001147
SimulationTime,7.774724591999984
FramaCExecutionTime,48.46413284600021
TotalExecutionTime,313.08390445199984
