InputGenerationTime,0.21990838996134698
ProfilingTime,19.160157468984835
SimulationTime,8.30223150702659
FramaCExecutionTime,108.54226218396798
TotalExecutionTime,503.9894519330701
