InputGenerationTime,0.3231512999627739
ProfilingTime,25.26552196207922
SimulationTime,215.3070397489937
FramaCExecutionTime,122.18468638905324
TotalExecutionTime,8513.548588803038
