InputGenerationTime,0.03625350189395249
ProfilingTime,25.370861769188195
SimulationTime,46.41012377105653
FramaCExecutionTime,93.29361514700577
TotalExecutionTime,1725.3918157909065
