InputGenerationTime,0.146842653004569
ProfilingTime,30.346961301998817
SimulationTime,19.754670103000535
FramaCExecutionTime,89.65716592899844
TotalExecutionTime,955.7004185360056
