InputGenerationTime,0.10224440705496818
ProfilingTime,19.89550152409356
SimulationTime,17.063784327940084
FramaCExecutionTime,96.26200270303525
TotalExecutionTime,242.4445288659772
