InputGenerationTime,0.13892562800174346
ProfilingTime,38.06279441300285
SimulationTime,24.995818251001765
FramaCExecutionTime,111.13148282000111
TotalExecutionTime,612.0193169459999
