InputGenerationTime,0.2641803329997856
ProfilingTime,29.915553582999564
SimulationTime,240.1252031139993
FramaCExecutionTime,119.66695576599977
TotalExecutionTime,3528.6714739949994
