InputGenerationTime,0.2567060510045849
ProfilingTime,30.223827517002064
SimulationTime,113.3609178609986
FramaCExecutionTime,101.65106537199608
TotalExecutionTime,10703.309407867004
