InputGenerationTime,0.2734934970503673
ProfilingTime,25.542838933994062
SimulationTime,20.31574057310354
FramaCExecutionTime,118.28702378703747
TotalExecutionTime,1776.4772963440046
