InputGenerationTime,0.12260364304529503
ProfilingTime,27.150657503982075
SimulationTime,21.928788655961398
FramaCExecutionTime,105.3618222590303
TotalExecutionTime,3208.192314756976
