InputGenerationTime,0.07834984001237899
ProfilingTime,26.67814049095614
SimulationTime,18.173729843983892
FramaCExecutionTime,108.21301396400668
TotalExecutionTime,698.3785956980428
