InputGenerationTime,0.20043562108185142
ProfilingTime,20.128061683964916
SimulationTime,26.856579498038627
FramaCExecutionTime,106.11862533399835
TotalExecutionTime,383.99906858301256
