InputGenerationTime,0.24175441300030798
ProfilingTime,38.329391716979444
SimulationTime,26.810927129001357
FramaCExecutionTime,151.40488299599383
TotalExecutionTime,2534.2943569470663
