InputGenerationTime,0.3488004950049799
ProfilingTime,32.56794757398893
SimulationTime,25.715198202000465
FramaCExecutionTime,131.56218258899753
TotalExecutionTime,5199.797704330005
