InputGenerationTime,0.28151840600185096
ProfilingTime,24.842160581960343
SimulationTime,19.457048172014765
FramaCExecutionTime,123.84468328399817
TotalExecutionTime,4025.2917684160057
