InputGenerationTime,0.11123362099897349
ProfilingTime,35.980546138001955
SimulationTime,19.948082215996692
FramaCExecutionTime,111.88471470699733
TotalExecutionTime,1830.3076694890005
