InputGenerationTime,0.04561591404490173
ProfilingTime,18.67577115399763
SimulationTime,8.515614760108292
FramaCExecutionTime,88.03226714697666
TotalExecutionTime,672.7826968890149
