InputGenerationTime,0.0869224370107986
ProfilingTime,27.221267369983252
SimulationTime,17.97631795401685
FramaCExecutionTime,107.27235301001929
TotalExecutionTime,3382.109709135024
