InputGenerationTime,0.13310052594169974
ProfilingTime,29.57049084303435
SimulationTime,25.58193940995261
FramaCExecutionTime,137.11517138092313
TotalExecutionTime,1569.995689317002
