InputGenerationTime,0.0791702719998284
ProfilingTime,10.457858173000204
SimulationTime,10.09720032900077
FramaCExecutionTime,50.45893695700033
TotalExecutionTime,896.9411198599992
