InputGenerationTime,0.24459180305711925
ProfilingTime,19.817784101935104
SimulationTime,9.435151449986733
FramaCExecutionTime,116.45146760297939
TotalExecutionTime,1452.7538886599941
