InputGenerationTime,0.2916732019511983
ProfilingTime,26.05761161801638
SimulationTime,17.330898400978185
FramaCExecutionTime,121.73228721501073
TotalExecutionTime,2631.837714741996
