InputGenerationTime,0.08780276495963335
ProfilingTime,19.098826501052827
SimulationTime,119.32763074792456
FramaCExecutionTime,97.10535426600836
TotalExecutionTime,2874.426370406989
