InputGenerationTime,0.06429028999991715
ProfilingTime,30.22307196300244
SimulationTime,17.414753660967108
FramaCExecutionTime,107.19028882699786
TotalExecutionTime,869.7940894490457
