InputGenerationTime,0.229954885027837
ProfilingTime,23.4596512739663
SimulationTime,16.488399969995953
FramaCExecutionTime,111.18525936000515
TotalExecutionTime,261.96385454101255
