InputGenerationTime,0.18538614409044385
ProfilingTime,25.43448519904632
SimulationTime,213.84555098495912
FramaCExecutionTime,110.43824010202661
TotalExecutionTime,3645.763442571042
