InputGenerationTime,0.0724836889994549
ProfilingTime,20.926418574001218
SimulationTime,216.79966827499993
FramaCExecutionTime,96.025370673
TotalExecutionTime,4863.797582986
