InputGenerationTime,0.03413906300011149
ProfilingTime,21.481233033000535
SimulationTime,213.44388397100192
FramaCExecutionTime,92.74365047799984
TotalExecutionTime,10985.516308377002
