InputGenerationTime,0.06748960799995984
ProfilingTime,12.630452834000607
SimulationTime,7.781630213999961
FramaCExecutionTime,45.455020551000416
TotalExecutionTime,364.2556862129986
