InputGenerationTime,0.08614854200277478
ProfilingTime,28.08362790098181
SimulationTime,17.53731752198655
FramaCExecutionTime,108.25941041699843
TotalExecutionTime,4347.644006687042
