InputGenerationTime,0.0851615320007113
ProfilingTime,11.52983547400072
SimulationTime,7.207672268001261
FramaCExecutionTime,48.46413284600021
TotalExecutionTime,255.99933407499884
