InputGenerationTime,0.21990838996134698
ProfilingTime,19.795947559992783
SimulationTime,8.884370194980875
FramaCExecutionTime,108.54226218396798
TotalExecutionTime,419.30188542907126
