InputGenerationTime,0.07626064800024324
ProfilingTime,17.937325440999302
SimulationTime,10.550039407999975
FramaCExecutionTime,59.88686160399993
TotalExecutionTime,457.8099350299999
