InputGenerationTime,0.20043562108185142
ProfilingTime,20.409585813991725
SimulationTime,29.368090286967345
FramaCExecutionTime,106.11862533399835
TotalExecutionTime,719.9879427449778
