InputGenerationTime,0.3488004950049799
ProfilingTime,33.48579663698911
SimulationTime,27.942872940009693
FramaCExecutionTime,131.56218258899753
TotalExecutionTime,4907.765907505003
