InputGenerationTime,0.0791702719998284
ProfilingTime,10.473815610999736
SimulationTime,10.141639216999465
FramaCExecutionTime,50.45893695700033
TotalExecutionTime,790.1343279989997
