InputGenerationTime,0.0869224370107986
ProfilingTime,25.965744592016563
SimulationTime,16.40043943299679
FramaCExecutionTime,107.27235301001929
TotalExecutionTime,2533.1547933690017
