InputGenerationTime,0.20043562108185142
ProfilingTime,19.07171039003879
SimulationTime,26.939274248899892
FramaCExecutionTime,106.11862533399835
TotalExecutionTime,670.0933582480066
