InputGenerationTime,0.38357829499727814
ProfilingTime,24.497667035997438
SimulationTime,18.211347837001085
FramaCExecutionTime,101.32164939100039
TotalExecutionTime,3984.7853953789963
