InputGenerationTime,0.2749036009190604
ProfilingTime,36.03162343497388
SimulationTime,221.44268288009334
FramaCExecutionTime,159.24751158698928
TotalExecutionTime,7670.881700719008
