InputGenerationTime,0.08813246099816752
ProfilingTime,35.75556127100208
SimulationTime,19.81291725200208
FramaCExecutionTime,108.73251284900107
TotalExecutionTime,219.27766203400097
