InputGenerationTime,0.05978687900096702
ProfilingTime,11.856637159000456
SimulationTime,6.885297396998794
FramaCExecutionTime,49.88949812200008
TotalExecutionTime,1014.3672097010003
