InputGenerationTime,0.24733186499997828
ProfilingTime,26.44570617699992
SimulationTime,20.13322029000028
FramaCExecutionTime,124.64607925199971
TotalExecutionTime,3322.445080527
