InputGenerationTime,0.3489217610040214
ProfilingTime,24.76503143699665
SimulationTime,18.472854106999876
FramaCExecutionTime,101.74599396999838
TotalExecutionTime,1854.6362831109946
