InputGenerationTime,0.05552351800724864
ProfilingTime,18.77289341299911
SimulationTime,212.94059108199144
FramaCExecutionTime,105.23009136799374
TotalExecutionTime,19503.698794088006
