InputGenerationTime,0.29120918099943083
ProfilingTime,41.753234650001104
SimulationTime,263.0574876160026
FramaCExecutionTime,140.39637216499978
TotalExecutionTime,14486.766765244
