InputGenerationTime,0.06559167301747948
ProfilingTime,27.51406988000963
SimulationTime,15.721116586995777
FramaCExecutionTime,104.80555936798919
TotalExecutionTime,355.0052869950305
