InputGenerationTime,0.2641803329997856
ProfilingTime,25.384882526999718
SimulationTime,228.94907888700072
FramaCExecutionTime,119.66695576599977
TotalExecutionTime,1142.889561215
