InputGenerationTime,0.20938648599985754
ProfilingTime,30.257488519993785
SimulationTime,20.79094351999811
FramaCExecutionTime,100.2116976210018
TotalExecutionTime,2208.8910073299994
