InputGenerationTime,0.04155284100124845
ProfilingTime,24.034399850999762
SimulationTime,13.221452985999349
FramaCExecutionTime,96.29844691299877
TotalExecutionTime,1847.2810742760012
