InputGenerationTime,0.3914520660182461
ProfilingTime,23.675910881953314
SimulationTime,11.699247950920835
FramaCExecutionTime,134.18783874309156
TotalExecutionTime,1443.050857500988
