InputGenerationTime,0.38357829499727814
ProfilingTime,28.24170440200396
SimulationTime,22.375068924004154
FramaCExecutionTime,101.32164939100039
TotalExecutionTime,3891.887377629995
