InputGenerationTime,0.04155284100124845
ProfilingTime,24.165349497001444
SimulationTime,13.752606676000141
FramaCExecutionTime,96.29844691299877
TotalExecutionTime,1771.6081929070024
