InputGenerationTime,0.1216452280023077
ProfilingTime,36.170197079998616
SimulationTime,18.341099248002138
FramaCExecutionTime,109.55363374899753
TotalExecutionTime,898.0940974980003
