InputGenerationTime,0.20075722900219262
ProfilingTime,24.511197222978808
SimulationTime,240.6513180009788
FramaCExecutionTime,120.85969471401768
TotalExecutionTime,12893.727650002984
