InputGenerationTime,0.03731615799915744
ProfilingTime,25.600516186008463
SimulationTime,12.012729897003737
FramaCExecutionTime,98.2822837460044
TotalExecutionTime,1532.678341525003
