InputGenerationTime,0.08263851499941666
ProfilingTime,23.969700519999606
SimulationTime,17.431189780007116
FramaCExecutionTime,98.82215799900587
TotalExecutionTime,1705.869899982994
