InputGenerationTime,0.22577400295995176
ProfilingTime,18.87039397400804
SimulationTime,39.913536740932614
FramaCExecutionTime,109.5923128289869
TotalExecutionTime,1421.2623168800492
