InputGenerationTime,0.08208400999865262
ProfilingTime,22.72330597799737
SimulationTime,217.21327218800434
FramaCExecutionTime,96.04302714300138
TotalExecutionTime,1770.9190642160029
