InputGenerationTime,0.10488404300122056
ProfilingTime,34.364632242999505
SimulationTime,16.417093394000403
FramaCExecutionTime,118.49847431200033
TotalExecutionTime,1608.5771518879992
