InputGenerationTime,0.22147605799546
ProfilingTime,42.006176702998346
SimulationTime,28.90519532999315
FramaCExecutionTime,139.0204824370012
TotalExecutionTime,4387.692651008001
