InputGenerationTime,0.36768036500143353
ProfilingTime,55.626637015004235
SimulationTime,33.45225175900123
FramaCExecutionTime,132.18089018899627
TotalExecutionTime,1402.213966352996
