InputGenerationTime,0.26157120897551067
ProfilingTime,30.763460490008583
SimulationTime,16.518169832008425
FramaCExecutionTime,121.93693389900727
TotalExecutionTime,1499.9321979229862
