InputGenerationTime,0.2567060510045849
ProfilingTime,26.140256387006957
SimulationTime,111.04585898599908
FramaCExecutionTime,101.65106537199608
TotalExecutionTime,11380.892495488006
