InputGenerationTime,0.05978687900096702
ProfilingTime,12.168773494999186
SimulationTime,6.912862011999096
FramaCExecutionTime,49.88949812200008
TotalExecutionTime,790.8987755460003
