InputGenerationTime,0.2095904320012778
ProfilingTime,21.33172731800005
SimulationTime,9.952954068081453
FramaCExecutionTime,113.9620377930114
TotalExecutionTime,1570.0330741509097
