InputGenerationTime,0.21389529504813254
ProfilingTime,26.023171482025646
SimulationTime,66.11891238798853
FramaCExecutionTime,119.5768579680007
TotalExecutionTime,2461.5303048619535
