InputGenerationTime,0.05547416885383427
ProfilingTime,23.3420130610466
SimulationTime,14.06202761689201
FramaCExecutionTime,95.88349860697053
TotalExecutionTime,1751.8180262420792
