InputGenerationTime,0.05724849900070694
ProfilingTime,25.477778364998812
SimulationTime,13.325068795998959
FramaCExecutionTime,97.37556695500098
TotalExecutionTime,698.1904054940023
