InputGenerationTime,0.18249052000464872
ProfilingTime,25.336182071012445
SimulationTime,49.502582754998
FramaCExecutionTime,95.15639482502593
TotalExecutionTime,5478.921989365015
