InputGenerationTime,0.22577400295995176
ProfilingTime,21.544884472037666
SimulationTime,40.92502878198866
FramaCExecutionTime,109.5923128289869
TotalExecutionTime,2661.0468583459733
