InputGenerationTime,0.05724849900070694
ProfilingTime,25.300198185002955
SimulationTime,11.869917719999648
FramaCExecutionTime,97.37556695500098
TotalExecutionTime,621.3898715560026
