InputGenerationTime,0.06134430388920009
ProfilingTime,29.064550406998023
SimulationTime,19.937161565059796
FramaCExecutionTime,95.81497655203566
TotalExecutionTime,1907.51177598699
