InputGenerationTime,0.3914520660182461
ProfilingTime,20.409572954988107
SimulationTime,8.938178501091897
FramaCExecutionTime,134.18783874309156
TotalExecutionTime,1270.0975572119933
