InputGenerationTime,0.0851615320007113
ProfilingTime,11.170190384998932
SimulationTime,8.363238418000037
FramaCExecutionTime,48.46413284600021
TotalExecutionTime,395.3425311379997
