InputGenerationTime,0.21990838996134698
ProfilingTime,20.29843311093282
SimulationTime,8.868938863975927
FramaCExecutionTime,108.54226218396798
TotalExecutionTime,621.5538240760798
