InputGenerationTime,0.1860354489999736
ProfilingTime,28.550809937000167
SimulationTime,21.246723131999943
FramaCExecutionTime,133.846350332
TotalExecutionTime,1147.4777405090001
