InputGenerationTime,0.18446814600611106
ProfilingTime,21.12193112098612
SimulationTime,211.9066464190255
FramaCExecutionTime,112.07018067297759
TotalExecutionTime,15565.237674300966
