InputGenerationTime,0.27328697097254917
ProfilingTime,21.204977007990237
SimulationTime,11.830467237974517
FramaCExecutionTime,120.04880065802718
TotalExecutionTime,3072.3086000409676
