InputGenerationTime,0.13892562800174346
ProfilingTime,39.04300503799823
SimulationTime,27.41968386699591
FramaCExecutionTime,111.13148282000111
TotalExecutionTime,483.487339137002
