InputGenerationTime,0.3487831080565229
ProfilingTime,19.952869763947092
SimulationTime,13.658635177067481
FramaCExecutionTime,124.48829469003249
TotalExecutionTime,158.46451913192868
