InputGenerationTime,0.13503388699973584
ProfilingTime,32.8928554769991
SimulationTime,108.083944299
FramaCExecutionTime,114.96788224999909
TotalExecutionTime,10524.362397264998
