InputGenerationTime,0.05989754600159358
ProfilingTime,23.158958050000365
SimulationTime,17.609342286988976
FramaCExecutionTime,101.61069593699358
TotalExecutionTime,3187.548621516995
