InputGenerationTime,0.5126059039903339
ProfilingTime,33.829363331984496
SimulationTime,21.70896004899987
FramaCExecutionTime,134.92843663701206
TotalExecutionTime,1742.0023569030163
