InputGenerationTime,0.2567060510045849
ProfilingTime,24.226998406003986
SimulationTime,109.82175327699952
FramaCExecutionTime,101.65106537199608
TotalExecutionTime,9621.108963462
