InputGenerationTime,0.21389529504813254
ProfilingTime,25.44018400204368
SimulationTime,60.94476761599071
FramaCExecutionTime,119.5768579680007
TotalExecutionTime,2924.3363987919874
