InputGenerationTime,0.03560964995995164
ProfilingTime,18.70811309304554
SimulationTime,32.71687693707645
FramaCExecutionTime,89.09152986505069
TotalExecutionTime,1227.1647853220347
