InputGenerationTime,0.27974674600409344
ProfilingTime,19.892358502955176
SimulationTime,19.96929568296764
FramaCExecutionTime,116.81609825900523
TotalExecutionTime,4321.330084813992
