InputGenerationTime,0.131118303979747
ProfilingTime,32.04619832802564
SimulationTime,1022.6179067089688
FramaCExecutionTime,108.81593526701909
TotalExecutionTime,2170.735905532143
