InputGenerationTime,0.07644303201232105
ProfilingTime,28.48495230100525
SimulationTime,16.722381152008893
FramaCExecutionTime,99.76022365198878
TotalExecutionTime,823.6959746659995
