InputGenerationTime,0.08297437703004107
ProfilingTime,20.784794087987393
SimulationTime,26.571229533990845
FramaCExecutionTime,103.6552166279871
TotalExecutionTime,3584.4237026839983
