InputGenerationTime,0.1727162059978582
ProfilingTime,23.85000030201627
SimulationTime,407.8969702220056
FramaCExecutionTime,121.51857166702393
TotalExecutionTime,7574.382677307993
