InputGenerationTime,0.05552351800724864
ProfilingTime,33.662328549005906
SimulationTime,228.98611339800118
FramaCExecutionTime,105.23009136799374
TotalExecutionTime,22275.086927070006
