InputGenerationTime,0.03624822100005076
ProfilingTime,22.352831957000035
SimulationTime,15.47645661999968
FramaCExecutionTime,107.40131508900004
TotalExecutionTime,966.1928026100002
