InputGenerationTime,0.28151840600185096
ProfilingTime,27.30466029100353
SimulationTime,19.82536913099466
FramaCExecutionTime,123.84468328399817
TotalExecutionTime,4308.949227323988
