InputGenerationTime,0.1860354489999736
ProfilingTime,32.525460984000006
SimulationTime,22.303389537000044
FramaCExecutionTime,133.846350332
TotalExecutionTime,494.205267125
