InputGenerationTime,0.08053681813180447
ProfilingTime,44.83399566891603
SimulationTime,375.71349044609815
FramaCExecutionTime,106.81704033003189
TotalExecutionTime,32350.849325674004
