InputGenerationTime,0.06748960799995984
ProfilingTime,12.554953118999038
SimulationTime,7.708062411998981
FramaCExecutionTime,45.455020551000416
TotalExecutionTime,343.84013126900027
