InputGenerationTime,0.06782107497565448
ProfilingTime,19.51253939489834
SimulationTime,18.777710736030713
FramaCExecutionTime,91.11508935387246
TotalExecutionTime,1161.4274168910924
