InputGenerationTime,0.18170733300212305
ProfilingTime,30.94057338299899
SimulationTime,22.024394471998676
FramaCExecutionTime,99.81084801500401
TotalExecutionTime,2958.4504147769985
