InputGenerationTime,0.12341600493527949
ProfilingTime,38.779818735900335
SimulationTime,46.199907985981554
FramaCExecutionTime,109.50403061194811
TotalExecutionTime,979.0104755590437
