InputGenerationTime,0.13775036500010174
ProfilingTime,27.23672674500267
SimulationTime,111.24085539799853
FramaCExecutionTime,94.25399721999565
TotalExecutionTime,4100.587182527001
