InputGenerationTime,0.05552351800724864
ProfilingTime,30.353102078996017
SimulationTime,228.727082797006
FramaCExecutionTime,105.23009136799374
TotalExecutionTime,18245.148073445
