InputGenerationTime,0.16970555897569284
ProfilingTime,38.32142241601832
SimulationTime,549.3869017930119
FramaCExecutionTime,116.65334182599327
TotalExecutionTime,12946.695424601028
