InputGenerationTime,0.05632666900055483
ProfilingTime,32.565591193997534
SimulationTime,20.324366929009557
FramaCExecutionTime,103.49272005399689
TotalExecutionTime,2026.6451184730104
