InputGenerationTime,0.18538614409044385
ProfilingTime,20.288654614938423
SimulationTime,208.51955914509017
FramaCExecutionTime,110.43824010202661
TotalExecutionTime,5348.432916298043
