InputGenerationTime,0.06716115004383028
ProfilingTime,22.663179508876055
SimulationTime,19.284389564068988
FramaCExecutionTime,91.8677742651198
TotalExecutionTime,359.33573570405133
