InputGenerationTime,0.22179850202519447
ProfilingTime,35.657696190988645
SimulationTime,74.71653450094163
FramaCExecutionTime,150.7494653709
TotalExecutionTime,4946.477651271038
