InputGenerationTime,0.36039209901355207
ProfilingTime,20.070566664915532
SimulationTime,209.65808732400183
FramaCExecutionTime,125.7520459779771
TotalExecutionTime,355.8655883590691
