InputGenerationTime,0.0652667719987221
ProfilingTime,26.64634684601333
SimulationTime,22.32114192901645
FramaCExecutionTime,107.56037442997331
TotalExecutionTime,3765.688489113003
