InputGenerationTime,0.3914520660182461
ProfilingTime,20.68154160794802
SimulationTime,9.499019620008767
FramaCExecutionTime,134.18783874309156
TotalExecutionTime,1168.869521755958
