InputGenerationTime,0.08908225699997274
ProfilingTime,11.504055554000843
SimulationTime,6.729007864000778
FramaCExecutionTime,48.71309677099998
TotalExecutionTime,647.274859698
