InputGenerationTime,0.20075722900219262
ProfilingTime,25.237491593987215
SimulationTime,241.8589607909671
FramaCExecutionTime,120.85969471401768
TotalExecutionTime,15299.217018608993
