InputGenerationTime,0.05953637699712999
ProfilingTime,21.98530750200007
SimulationTime,18.804551162997086
FramaCExecutionTime,106.16420628500055
TotalExecutionTime,884.1860441159952
