InputGenerationTime,0.15557446299999356
ProfilingTime,32.914567923000504
SimulationTime,20.27810522300024
FramaCExecutionTime,114.42043770899954
TotalExecutionTime,3256.2098971
