InputGenerationTime,0.5125337750068866
ProfilingTime,27.940065843984485
SimulationTime,16.907112365996
FramaCExecutionTime,149.69917792000342
TotalExecutionTime,4342.346168496006
