InputGenerationTime,0.20462099200085504
ProfilingTime,24.221830253001826
SimulationTime,20.187713317001908
FramaCExecutionTime,119.80521449099979
TotalExecutionTime,1475.5509838840007
