InputGenerationTime,0.1500415460000113
ProfilingTime,36.988687074000154
SimulationTime,22.935087828000178
FramaCExecutionTime,119.5390944679998
TotalExecutionTime,1755.975166309
