InputGenerationTime,0.20294841800205177
ProfilingTime,38.87499062200368
SimulationTime,26.898043271998176
FramaCExecutionTime,122.89071526799671
TotalExecutionTime,2546.193965780996
