InputGenerationTime,0.06233766500008642
ProfilingTime,12.320472444000188
SimulationTime,8.128923311000108
FramaCExecutionTime,47.2595315919998
TotalExecutionTime,688.668625585
