InputGenerationTime,0.2893862620694563
ProfilingTime,25.760017363005318
SimulationTime,13.435864540049806
FramaCExecutionTime,117.19879986299202
TotalExecutionTime,1250.9006617680425
