InputGenerationTime,0.05511531299998751
ProfilingTime,21.315555257002416
SimulationTime,225.56747863400233
FramaCExecutionTime,94.72058908399777
TotalExecutionTime,14756.141018777998
