InputGenerationTime,0.22577400295995176
ProfilingTime,18.82301436702255
SimulationTime,42.39692247705534
FramaCExecutionTime,109.5923128289869
TotalExecutionTime,2037.2625029860064
