InputGenerationTime,0.08813246099816752
ProfilingTime,34.2243499340002
SimulationTime,20.620047829001123
FramaCExecutionTime,108.73251284900107
TotalExecutionTime,1450.4012332849998
