InputGenerationTime,0.145248580025509
ProfilingTime,36.62563669600058
SimulationTime,79.14603833499132
FramaCExecutionTime,108.04990905203158
TotalExecutionTime,9276.553870302974
