InputGenerationTime,0.06559167301747948
ProfilingTime,28.011136874963995
SimulationTime,15.452315232018009
FramaCExecutionTime,104.80555936798919
TotalExecutionTime,888.1288499190123
