InputGenerationTime,0.19015604798914865
ProfilingTime,25.306856439972762
SimulationTime,12.591385224019177
FramaCExecutionTime,110.16134787397459
TotalExecutionTime,731.9963793669594
