InputGenerationTime,0.0724836889994549
ProfilingTime,22.98748872899978
SimulationTime,215.08552574999976
FramaCExecutionTime,96.025370673
TotalExecutionTime,1751.3037033250002
