InputGenerationTime,0.18901437100430485
ProfilingTime,40.521334557000955
SimulationTime,28.32201532900217
FramaCExecutionTime,120.16616172400245
TotalExecutionTime,4303.607409269996
