InputGenerationTime,0.2916732019511983
ProfilingTime,26.148860629007686
SimulationTime,19.525468023028225
FramaCExecutionTime,121.73228721501073
TotalExecutionTime,3172.972454509989
