InputGenerationTime,0.21990838996134698
ProfilingTime,18.42306057503447
SimulationTime,8.217094367020763
FramaCExecutionTime,108.54226218396798
TotalExecutionTime,764.2873695529997
