InputGenerationTime,0.08780007797759026
ProfilingTime,28.786906774970703
SimulationTime,15.484108291973826
FramaCExecutionTime,107.58787493401906
TotalExecutionTime,3171.069448430033
