InputGenerationTime,0.5117717100074515
ProfilingTime,24.96522889204789
SimulationTime,49.976307229022495
FramaCExecutionTime,127.56641766999383
TotalExecutionTime,601.7588712119032
