InputGenerationTime,0.06429028999991715
ProfilingTime,28.960092710971367
SimulationTime,16.332969713024795
FramaCExecutionTime,107.19028882699786
TotalExecutionTime,1094.7581074680202
