InputGenerationTime,0.18836116197053343
ProfilingTime,25.566534602025058
SimulationTime,22.163737146998756
FramaCExecutionTime,111.69122295401758
TotalExecutionTime,682.8067861259915
