InputGenerationTime,0.09517260299617192
ProfilingTime,26.32867167099903
SimulationTime,19.409453795000445
FramaCExecutionTime,103.24005353699613
TotalExecutionTime,149.08396038100182
