InputGenerationTime,0.18785828900581691
ProfilingTime,43.51096861400583
SimulationTime,24.474706837994745
FramaCExecutionTime,130.39241952699376
TotalExecutionTime,1801.4157377969968
