InputGenerationTime,0.5126059039903339
ProfilingTime,30.12148524899385
SimulationTime,15.827929041988682
FramaCExecutionTime,134.92843663701206
TotalExecutionTime,1630.863702415023
