InputGenerationTime,0.07854590803617612
ProfilingTime,33.926534999976866
SimulationTime,20.289707199961413
FramaCExecutionTime,107.89253767899936
TotalExecutionTime,4156.372588076978
