InputGenerationTime,0.06472448515705764
ProfilingTime,19.456397883128375
SimulationTime,211.91127300192602
FramaCExecutionTime,89.01774519495666
TotalExecutionTime,1458.4319838839583
