InputGenerationTime,0.254091541050002
ProfilingTime,33.364469559979625
SimulationTime,13.351424849010073
FramaCExecutionTime,138.49859954905696
TotalExecutionTime,432.73014960298315
