InputGenerationTime,0.5458302329934668
ProfilingTime,30.145728837000206
SimulationTime,19.97763477699482
FramaCExecutionTime,135.8646732600173
TotalExecutionTime,3573.9817274660163
