InputGenerationTime,0.08053681813180447
ProfilingTime,33.45954588800669
SimulationTime,324.01875136513263
FramaCExecutionTime,106.81704033003189
TotalExecutionTime,25708.786005952046
