InputGenerationTime,0.08780276495963335
ProfilingTime,20.32945571898017
SimulationTime,109.48837254999671
FramaCExecutionTime,97.10535426600836
TotalExecutionTime,2735.9499547590967
