InputGenerationTime,0.24175441300030798
ProfilingTime,31.750072018010542
SimulationTime,18.622999939019792
FramaCExecutionTime,151.40488299599383
TotalExecutionTime,2767.541982735973
