InputGenerationTime,0.22495511300076032
ProfilingTime,27.151200615000562
SimulationTime,236.39728240800105
FramaCExecutionTime,129.21610248100114
TotalExecutionTime,16676.459026353
