InputGenerationTime,0.27974674600409344
ProfilingTime,25.26309353200486
SimulationTime,20.78907847200753
FramaCExecutionTime,116.81609825900523
TotalExecutionTime,4110.4388026410015
