InputGenerationTime,0.5117717100074515
ProfilingTime,23.513439922011457
SimulationTime,45.64009072701447
FramaCExecutionTime,127.56641766999383
TotalExecutionTime,883.613886164967
