InputGenerationTime,0.06472448515705764
ProfilingTime,19.022378135006875
SimulationTime,210.60561499698088
FramaCExecutionTime,89.01774519495666
TotalExecutionTime,3311.6059800230432
