InputGenerationTime,0.229954885027837
ProfilingTime,27.449126813968178
SimulationTime,19.451460987038445
FramaCExecutionTime,111.18525936000515
TotalExecutionTime,1036.3190465719672
