InputGenerationTime,0.20938648599985754
ProfilingTime,31.49288971399801
SimulationTime,22.7333427160047
FramaCExecutionTime,100.2116976210018
TotalExecutionTime,2157.744417409005
