InputGenerationTime,0.5491699959966354
ProfilingTime,30.44118686800357
SimulationTime,15.223130430007586
FramaCExecutionTime,132.03446686899406
TotalExecutionTime,307.19232846799423
