InputGenerationTime,0.08208400999865262
ProfilingTime,21.875322752996
SimulationTime,218.58513752
FramaCExecutionTime,96.04302714300138
TotalExecutionTime,4447.223025097002
