InputGenerationTime,0.106488331919536
ProfilingTime,41.173840461997315
SimulationTime,180.98029986093752
FramaCExecutionTime,107.84012395399623
TotalExecutionTime,9232.80839430308
