InputGenerationTime,0.1376757019897923
ProfilingTime,35.743110042007174
SimulationTime,191.11415198200848
FramaCExecutionTime,106.99266202299623
TotalExecutionTime,14078.35872668901
