InputGenerationTime,0.06595401199956541
ProfilingTime,15.492040125999665
SimulationTime,7.955860690000009
FramaCExecutionTime,58.418587621999905
TotalExecutionTime,851.9031153710002
