InputGenerationTime,0.2014430370181799
ProfilingTime,25.502474359003827
SimulationTime,17.89768366399221
FramaCExecutionTime,128.44977176899556
TotalExecutionTime,1925.7744616479613
