InputGenerationTime,0.11109681602101773
ProfilingTime,20.780858334037475
SimulationTime,6.228512745001353
FramaCExecutionTime,95.02735664101783
TotalExecutionTime,4485.18108783802
