InputGenerationTime,0.30299885899876244
ProfilingTime,30.46482935300446
SimulationTime,18.595584492984926
FramaCExecutionTime,115.40188249299536
TotalExecutionTime,1093.6449571109843
