InputGenerationTime,0.06883503001881763
ProfilingTime,28.187566858017817
SimulationTime,17.907574217999354
FramaCExecutionTime,106.64326668903232
TotalExecutionTime,1755.203554280044
