InputGenerationTime,0.21989744500024244
ProfilingTime,20.88915205100784
SimulationTime,208.92380585701903
FramaCExecutionTime,110.1814316730015
TotalExecutionTime,5326.779465799977
