InputGenerationTime,0.0869224370107986
ProfilingTime,26.976200082048308
SimulationTime,17.607360336987767
FramaCExecutionTime,107.27235301001929
TotalExecutionTime,3026.7669140780345
