InputGenerationTime,0.5125337750068866
ProfilingTime,30.293044279998867
SimulationTime,15.502844364993507
FramaCExecutionTime,149.69917792000342
TotalExecutionTime,4095.8640409510117
