InputGenerationTime,0.07480276003479958
ProfilingTime,19.935388058889657
SimulationTime,20.828190471976995
FramaCExecutionTime,92.13790134200826
TotalExecutionTime,760.5959186600521
