InputGenerationTime,0.08297437703004107
ProfilingTime,19.99402501701843
SimulationTime,33.089242269983515
FramaCExecutionTime,103.6552166279871
TotalExecutionTime,4775.0829988199985
