InputGenerationTime,0.131118303979747
ProfilingTime,40.74680233700201
SimulationTime,1034.8655801219866
FramaCExecutionTime,108.81593526701909
TotalExecutionTime,10425.225987468031
