InputGenerationTime,0.18170733300212305
ProfilingTime,29.821491150003567
SimulationTime,21.89244131599844
FramaCExecutionTime,99.81084801500401
TotalExecutionTime,3463.2917635589984
