InputGenerationTime,0.2155678939889185
ProfilingTime,20.801871116971597
SimulationTime,11.37709340400761
FramaCExecutionTime,117.01473909697961
TotalExecutionTime,1100.3347680069855
