InputGenerationTime,0.08587797201471403
ProfilingTime,46.892685125989374
SimulationTime,77.6919219919946
FramaCExecutionTime,105.58347059699008
TotalExecutionTime,29787.718562458
