InputGenerationTime,0.18929134996142238
ProfilingTime,25.861388899036683
SimulationTime,216.4270865030121
FramaCExecutionTime,116.21079802402528
TotalExecutionTime,21181.666616651986
