InputGenerationTime,0.05978687900096702
ProfilingTime,13.385055327000373
SimulationTime,8.125147369000842
FramaCExecutionTime,49.88949812200008
TotalExecutionTime,751.4202205839993
