InputGenerationTime,0.2095904320012778
ProfilingTime,23.373869127011858
SimulationTime,11.101586679928005
FramaCExecutionTime,113.9620377930114
TotalExecutionTime,1504.7625745519763
