InputGenerationTime,0.06883503001881763
ProfilingTime,28.233724984980654
SimulationTime,16.471922003023792
FramaCExecutionTime,106.64326668903232
TotalExecutionTime,1614.4097274810192
