InputGenerationTime,0.5126059039903339
ProfilingTime,27.2296400310006
SimulationTime,15.29328737698961
FramaCExecutionTime,134.92843663701206
TotalExecutionTime,1991.0172312979994
