InputGenerationTime,0.08512004901422188
ProfilingTime,25.123819657950662
SimulationTime,36.143313781009056
FramaCExecutionTime,94.62754339398816
TotalExecutionTime,155.9915217460366
