InputGenerationTime,0.27974674600409344
ProfilingTime,24.207614201994147
SimulationTime,20.157253627025057
FramaCExecutionTime,116.81609825900523
TotalExecutionTime,3971.8055817299755
