InputGenerationTime,0.2780745880008908
ProfilingTime,49.46006488299463
SimulationTime,42.96085989400308
FramaCExecutionTime,147.1211182670013
TotalExecutionTime,7192.012774331997
