InputGenerationTime,0.18418349499552278
ProfilingTime,48.39447532300255
SimulationTime,270.2061044820002
FramaCExecutionTime,134.15536504299962
TotalExecutionTime,10343.215140704
