InputGenerationTime,0.2641803329997856
ProfilingTime,27.471364623001136
SimulationTime,231.0100866770008
FramaCExecutionTime,119.66695576599977
TotalExecutionTime,4308.6335610880005
