InputGenerationTime,0.04804642405360937
ProfilingTime,20.674817367107607
SimulationTime,11.379185970989056
FramaCExecutionTime,90.74596772296354
TotalExecutionTime,1539.1173192119459
