InputGenerationTime,0.10281701199710369
ProfilingTime,23.384378490998643
SimulationTime,15.705047830000694
FramaCExecutionTime,95.94782013600343
TotalExecutionTime,3738.971014427996
