InputGenerationTime,0.2581516409991309
ProfilingTime,26.942122300970368
SimulationTime,242.02070744900266
FramaCExecutionTime,121.72503140498884
TotalExecutionTime,10300.727719991002
