InputGenerationTime,0.0990121210925281
ProfilingTime,48.83450952498242
SimulationTime,234.66298481891863
FramaCExecutionTime,107.4057569380384
TotalExecutionTime,5126.9376294969115
