InputGenerationTime,0.145248580025509
ProfilingTime,35.915635553014
SimulationTime,100.22552629600978
FramaCExecutionTime,108.04990905203158
TotalExecutionTime,9653.236602052988
