InputGenerationTime,0.11123362099897349
ProfilingTime,35.981098544001725
SimulationTime,20.60181083399948
FramaCExecutionTime,111.88471470699733
TotalExecutionTime,2010.5283110580021
