InputGenerationTime,0.01746885300053691
ProfilingTime,9.120473004000814
SimulationTime,6.288172684999154
FramaCExecutionTime,39.659135420000894
TotalExecutionTime,497.76835639099954
