InputGenerationTime,0.06825365099984992
ProfilingTime,24.598333624000134
SimulationTime,15.597754675000033
FramaCExecutionTime,96.30293493099998
TotalExecutionTime,1332.9193923340001
