InputGenerationTime,0.20018389399956504
ProfilingTime,33.95985509499951
SimulationTime,19.446267992000685
FramaCExecutionTime,114.37678537700049
TotalExecutionTime,4773.815487424
