InputGenerationTime,0.0652667719987221
ProfilingTime,27.281444958003704
SimulationTime,23.67571602697717
FramaCExecutionTime,107.56037442997331
TotalExecutionTime,4259.692281399039
