InputGenerationTime,0.12488321099954192
ProfilingTime,24.215531357993314
SimulationTime,17.106836776998534
FramaCExecutionTime,88.36304531300266
TotalExecutionTime,3298.0779836950023
