InputGenerationTime,0.23642875702353194
ProfilingTime,37.72989109402988
SimulationTime,190.92988446197705
FramaCExecutionTime,115.11188443098217
TotalExecutionTime,2887.0603380849934
