InputGenerationTime,0.01746885300053691
ProfilingTime,10.098285346000921
SimulationTime,6.2537328980015445
FramaCExecutionTime,39.659135420000894
TotalExecutionTime,697.6636570239989
