InputGenerationTime,0.27123504306655377
ProfilingTime,33.559001115034334
SimulationTime,238.1062442229595
FramaCExecutionTime,121.80990467895754
TotalExecutionTime,3411.24403678393
