InputGenerationTime,0.04837128699728055
ProfilingTime,25.761720067999704
SimulationTime,10.917086305998964
FramaCExecutionTime,95.57277957100086
TotalExecutionTime,2718.376101422
