InputGenerationTime,0.0801443759992253
ProfilingTime,25.439512558994466
SimulationTime,13.669977358003962
FramaCExecutionTime,100.1416515919991
TotalExecutionTime,3085.6978086119925
