InputGenerationTime,0.07230846700258553
ProfilingTime,25.976630466000643
SimulationTime,232.78184296301333
FramaCExecutionTime,106.69600580900442
TotalExecutionTime,19246.789592129993
