InputGenerationTime,0.13892562800174346
ProfilingTime,38.027237078000326
SimulationTime,26.794564567004272
FramaCExecutionTime,111.13148282000111
TotalExecutionTime,1406.2208984869976
