InputGenerationTime,0.1860354489999736
ProfilingTime,30.22634867900001
SimulationTime,21.163888884000016
FramaCExecutionTime,133.846350332
TotalExecutionTime,644.8395772640001
