InputGenerationTime,0.10224440705496818
ProfilingTime,19.981846039067023
SimulationTime,17.50671893102117
FramaCExecutionTime,96.26200270303525
TotalExecutionTime,653.6503550980706
