InputGenerationTime,0.24733186499997828
ProfilingTime,28.434968149999804
SimulationTime,20.05082329600009
FramaCExecutionTime,124.64607925199971
TotalExecutionTime,3519.3394515
