InputGenerationTime,0.11135036498308182
ProfilingTime,22.909686948987655
SimulationTime,6.296996173099615
FramaCExecutionTime,94.48343334102537
TotalExecutionTime,1805.6732283500023
