InputGenerationTime,0.2978791029963759
ProfilingTime,27.75916584800143
SimulationTime,21.325912501000857
FramaCExecutionTime,94.0850575910008
TotalExecutionTime,549.1181691419988
