InputGenerationTime,0.30700588898616843
ProfilingTime,29.984138131985674
SimulationTime,20.90785012501874
FramaCExecutionTime,126.14888849700219
TotalExecutionTime,4996.280851784977
