InputGenerationTime,0.11135036498308182
ProfilingTime,23.351225745980628
SimulationTime,19.324815205996856
FramaCExecutionTime,94.48343334102537
TotalExecutionTime,1493.0932587590069
