InputGenerationTime,0.05974107002839446
ProfilingTime,30.58186801499687
SimulationTime,12.61067788489163
FramaCExecutionTime,94.46663717599586
TotalExecutionTime,937.1975049790926
