InputGenerationTime,0.22495511300076032
ProfilingTime,25.89519239799847
SimulationTime,231.91173653900114
FramaCExecutionTime,129.21610248100114
TotalExecutionTime,14020.491551818002
