InputGenerationTime,0.23642875702353194
ProfilingTime,34.47378474997822
SimulationTime,482.8570774529944
FramaCExecutionTime,115.11188443098217
TotalExecutionTime,9052.500484938966
