InputGenerationTime,0.04561591404490173
ProfilingTime,18.890633903909475
SimulationTime,8.307050585979596
FramaCExecutionTime,88.03226714697666
TotalExecutionTime,445.8001930778846
