InputGenerationTime,0.20075722900219262
ProfilingTime,25.26988556602737
SimulationTime,241.06464958400466
FramaCExecutionTime,120.85969471401768
TotalExecutionTime,15565.67323038599
