InputGenerationTime,0.18538614409044385
ProfilingTime,27.43451721605379
SimulationTime,213.6037559270626
FramaCExecutionTime,110.43824010202661
TotalExecutionTime,5119.573686701013
