InputGenerationTime,0.19766114899903187
ProfilingTime,26.109409810000216
SimulationTime,20.039337327001704
FramaCExecutionTime,120.10270344499804
TotalExecutionTime,347.54030864800006
