InputGenerationTime,0.2554458619997604
ProfilingTime,29.152893668000615
SimulationTime,236.44580276600027
FramaCExecutionTime,133.5833892849987
TotalExecutionTime,19397.978826879
