InputGenerationTime,0.10281701199710369
ProfilingTime,23.39714119600103
SimulationTime,20.63285408100637
FramaCExecutionTime,95.94782013600343
TotalExecutionTime,3458.310888312997
