InputGenerationTime,0.07310996500018518
ProfilingTime,33.688262269002735
SimulationTime,22.217192808995605
FramaCExecutionTime,106.17393734199868
TotalExecutionTime,2077.928235900996
