InputGenerationTime,0.07480276003479958
ProfilingTime,19.075912569882348
SimulationTime,19.453134224982932
FramaCExecutionTime,92.13790134200826
TotalExecutionTime,399.76136326417327
