InputGenerationTime,0.2616646940005012
ProfilingTime,42.91866353300429
SimulationTime,30.619644973994582
FramaCExecutionTime,136.35455956900114
TotalExecutionTime,2942.447725992999
