InputGenerationTime,0.1036995750037022
ProfilingTime,44.35929236099764
SimulationTime,26.554049191996455
FramaCExecutionTime,128.76921959100582
TotalExecutionTime,8455.841367640998
