InputGenerationTime,0.2937192200042773
ProfilingTime,32.49032228899887
SimulationTime,18.21130091298255
FramaCExecutionTime,131.4051270929922
TotalExecutionTime,3265.5562812200224
