InputGenerationTime,0.1727162059978582
ProfilingTime,26.718581492983503
SimulationTime,80.42268633801723
FramaCExecutionTime,121.51857166702393
TotalExecutionTime,3686.21659178799
