InputGenerationTime,0.02880856700357981
ProfilingTime,15.477731063001556
SimulationTime,8.35340806900058
FramaCExecutionTime,49.60165912899538
TotalExecutionTime,865.8127994000024
