InputGenerationTime,0.23642875702353194
ProfilingTime,37.8855352520477
SimulationTime,294.7297584430198
FramaCExecutionTime,115.11188443098217
TotalExecutionTime,8297.824164043006
