InputGenerationTime,0.21989744500024244
ProfilingTime,24.726586727018002
SimulationTime,213.72738076897804
FramaCExecutionTime,110.1814316730015
TotalExecutionTime,1506.5520993829705
