InputGenerationTime,0.20753930194769055
ProfilingTime,19.712307084933855
SimulationTime,216.88662351702806
FramaCExecutionTime,108.56039979495108
TotalExecutionTime,8067.312682734919
