InputGenerationTime,0.5491699959966354
ProfilingTime,27.93461148600909
SimulationTime,14.555605275993003
FramaCExecutionTime,132.03446686899406
TotalExecutionTime,722.8988469750038
