InputGenerationTime,0.38357829499727814
ProfilingTime,25.980900925998867
SimulationTime,22.686407879999024
FramaCExecutionTime,101.32164939100039
TotalExecutionTime,4331.445983174999
