InputGenerationTime,0.2095904320012778
ProfilingTime,20.840730107971467
SimulationTime,9.639415779034607
FramaCExecutionTime,113.9620377930114
TotalExecutionTime,1870.348825125955
