InputGenerationTime,0.05978687900096702
ProfilingTime,12.052414146000956
SimulationTime,7.79297381699871
FramaCExecutionTime,49.88949812200008
TotalExecutionTime,975.0454414369997
