InputGenerationTime,0.3487831080565229
ProfilingTime,22.236802391009405
SimulationTime,17.955839185975492
FramaCExecutionTime,124.48829469003249
TotalExecutionTime,868.0832804339007
