InputGenerationTime,0.2749036009190604
ProfilingTime,32.16048212395981
SimulationTime,218.6045291480841
FramaCExecutionTime,159.24751158698928
TotalExecutionTime,8936.229450145038
