InputGenerationTime,0.19766114899903187
ProfilingTime,26.59659821400055
SimulationTime,21.65827789999821
FramaCExecutionTime,120.10270344499804
TotalExecutionTime,695.9773970789975
