InputGenerationTime,0.18582355696707964
ProfilingTime,23.831834640994202
SimulationTime,16.043523103988264
FramaCExecutionTime,131.82039032201283
TotalExecutionTime,2892.0040850740043
