InputGenerationTime,0.21990838996134698
ProfilingTime,19.14461640897207
SimulationTime,8.279086290043779
FramaCExecutionTime,108.54226218396798
TotalExecutionTime,331.4944005550351
