InputGenerationTime,0.23642875702353194
ProfilingTime,37.18920937599614
SimulationTime,433.2757743910188
FramaCExecutionTime,115.11188443098217
TotalExecutionTime,4789.730279231968
