InputGenerationTime,0.3487831080565229
ProfilingTime,20.65597865905147
SimulationTime,14.144480676972307
FramaCExecutionTime,124.48829469003249
TotalExecutionTime,420.90780805493705
