InputGenerationTime,0.05953637699712999
ProfilingTime,22.640175458996964
SimulationTime,16.160774752999714
FramaCExecutionTime,106.16420628500055
TotalExecutionTime,923.0995187099979
