InputGenerationTime,0.21389529504813254
ProfilingTime,21.484298281022348
SimulationTime,56.762988333939575
FramaCExecutionTime,119.5768579680007
TotalExecutionTime,2050.5151525629917
