InputGenerationTime,0.0712742239702493
ProfilingTime,27.78557773702778
SimulationTime,16.336950599972624
FramaCExecutionTime,105.79948802501895
TotalExecutionTime,1458.5646604139474
