InputGenerationTime,0.08813246099816752
ProfilingTime,39.350151425998774
SimulationTime,22.120378080999217
FramaCExecutionTime,108.73251284900107
TotalExecutionTime,1395.4752336989986
