InputGenerationTime,0.2916732019511983
ProfilingTime,25.835012198018376
SimulationTime,19.205123524996452
FramaCExecutionTime,121.73228721501073
TotalExecutionTime,3541.2222921710345
