InputGenerationTime,0.2155678939889185
ProfilingTime,20.533022648014594
SimulationTime,10.493841405026615
FramaCExecutionTime,117.01473909697961
TotalExecutionTime,1907.3044093800127
