InputGenerationTime,0.2333431259903591
ProfilingTime,30.900045821006643
SimulationTime,23.343277915002545
FramaCExecutionTime,126.27864418100216
TotalExecutionTime,1697.7797287369904
