InputGenerationTime,0.0652667719987221
ProfilingTime,26.92132564604981
SimulationTime,23.54029619699577
FramaCExecutionTime,107.56037442997331
TotalExecutionTime,4498.914044503006
