InputGenerationTime,0.06716115004383028
ProfilingTime,19.665484762983397
SimulationTime,18.205498806899413
FramaCExecutionTime,91.8677742651198
TotalExecutionTime,701.3343854940031
