InputGenerationTime,0.3231512999627739
ProfilingTime,20.067580510978587
SimulationTime,209.63232002605218
FramaCExecutionTime,122.18468638905324
TotalExecutionTime,6358.252797035035
