InputGenerationTime,0.09734716100501828
ProfilingTime,34.53248980701028
SimulationTime,22.208966353005962
FramaCExecutionTime,106.48393925699929
TotalExecutionTime,5010.001355036991
