InputGenerationTime,0.1260524740209803
ProfilingTime,24.348789420968387
SimulationTime,46.33621400402626
FramaCExecutionTime,94.21775655599777
TotalExecutionTime,6682.488999511988
