InputGenerationTime,0.29120918099943083
ProfilingTime,46.05785979499342
SimulationTime,277.112217832997
FramaCExecutionTime,140.39637216499978
TotalExecutionTime,18284.611558575998
