InputGenerationTime,0.3234236310236156
ProfilingTime,24.835981003998313
SimulationTime,249.3158579269657
FramaCExecutionTime,118.84747565101134
TotalExecutionTime,6126.528481402958
