InputGenerationTime,0.26684155499970075
ProfilingTime,24.40136888899724
SimulationTime,107.48591699200188
FramaCExecutionTime,94.79318434699962
TotalExecutionTime,741.3782719680021
