InputGenerationTime,0.28151840600185096
ProfilingTime,26.997690165997483
SimulationTime,21.51995662500849
FramaCExecutionTime,123.84468328399817
TotalExecutionTime,4405.761473560997
