InputGenerationTime,0.1586757400073111
ProfilingTime,34.155019752972294
SimulationTime,115.28073800902348
FramaCExecutionTime,113.80346785899019
TotalExecutionTime,667.7180682020262
