InputGenerationTime,0.05989754600159358
ProfilingTime,23.265154403998167
SimulationTime,17.399108105004416
FramaCExecutionTime,101.61069593699358
TotalExecutionTime,2728.959097617
