InputGenerationTime,0.03625350189395249
ProfilingTime,22.143421529093757
SimulationTime,37.469703235896304
FramaCExecutionTime,93.29361514700577
TotalExecutionTime,2634.7839381759986
