InputGenerationTime,0.22179850202519447
ProfilingTime,38.139284854056314
SimulationTime,71.20183481404092
FramaCExecutionTime,150.7494653709
TotalExecutionTime,4433.004122812999
