InputGenerationTime,0.2754530660167802
ProfilingTime,32.857916395994835
SimulationTime,18.345443528000033
FramaCExecutionTime,142.3172453920124
TotalExecutionTime,4261.4754694760195
