InputGenerationTime,0.2537088650001351
ProfilingTime,31.87684825400038
SimulationTime,21.104879299999993
FramaCExecutionTime,127.66620908499999
TotalExecutionTime,1747.6296942860001
