InputGenerationTime,0.05974107002839446
ProfilingTime,23.95774448197335
SimulationTime,8.863220805069432
FramaCExecutionTime,94.46663717599586
TotalExecutionTime,189.58984165801667
