InputGenerationTime,0.26157120897551067
ProfilingTime,31.635891416983213
SimulationTime,18.900178542011417
FramaCExecutionTime,121.93693389900727
TotalExecutionTime,2208.6340868559782
