InputGenerationTime,0.23651412897743285
ProfilingTime,21.545005603926256
SimulationTime,13.106734847999178
FramaCExecutionTime,114.27070531004574
TotalExecutionTime,538.9595804149285
