InputGenerationTime,0.30299885899876244
ProfilingTime,30.603090529999463
SimulationTime,18.5144885769987
FramaCExecutionTime,115.40188249299536
TotalExecutionTime,1044.0948938599904
