InputGenerationTime,0.04074582800240023
ProfilingTime,24.85525484399841
SimulationTime,12.605589062000945
FramaCExecutionTime,95.56120953299978
TotalExecutionTime,1302.7619909400019
