InputGenerationTime,0.08614854200277478
ProfilingTime,27.31508385494817
SimulationTime,17.376133716024924
FramaCExecutionTime,108.25941041699843
TotalExecutionTime,4392.462521194015
