InputGenerationTime,0.06233766500008642
ProfilingTime,13.425875044998975
SimulationTime,8.020145530999798
FramaCExecutionTime,47.2595315919998
TotalExecutionTime,771.5894519839994
