InputGenerationTime,0.06559167301747948
ProfilingTime,27.414036009984557
SimulationTime,14.863736079016235
FramaCExecutionTime,104.80555936798919
TotalExecutionTime,573.3855923220399
