InputGenerationTime,0.2565058240434155
ProfilingTime,23.91210917092394
SimulationTime,14.540459797019139
FramaCExecutionTime,113.66936873702798
TotalExecutionTime,1292.2340035620145
