InputGenerationTime,0.1907245700713247
ProfilingTime,19.380853204987943
SimulationTime,492.03722921491135
FramaCExecutionTime,107.36546195601113
TotalExecutionTime,2684.7718646329595
