InputGenerationTime,0.04072097299649613
ProfilingTime,24.22027520800475
SimulationTime,16.18223094800487
FramaCExecutionTime,95.01072702199599
TotalExecutionTime,3555.660390305002
