InputGenerationTime,0.12341600493527949
ProfilingTime,46.64894149103202
SimulationTime,51.28853642300237
FramaCExecutionTime,109.50403061194811
TotalExecutionTime,1610.1114911939949
