InputGenerationTime,0.46168155898340046
ProfilingTime,21.96643988706637
SimulationTime,19.08112351305317
FramaCExecutionTime,128.98384912509937
TotalExecutionTime,1947.8309567238903
