InputGenerationTime,0.2567060510045849
ProfilingTime,23.060933927001315
SimulationTime,106.99021598900435
FramaCExecutionTime,101.65106537199608
TotalExecutionTime,12368.903274390002
