InputGenerationTime,0.2754530660167802
ProfilingTime,30.63092073300504
SimulationTime,16.1310047559964
FramaCExecutionTime,142.3172453920124
TotalExecutionTime,4420.011622388003
