InputGenerationTime,0.06559167301747948
ProfilingTime,29.462320689985063
SimulationTime,16.663913241995033
FramaCExecutionTime,104.80555936798919
TotalExecutionTime,798.5896833770094
