InputGenerationTime,0.11123362099897349
ProfilingTime,33.91357172300195
SimulationTime,19.092876099999557
FramaCExecutionTime,111.88471470699733
TotalExecutionTime,1721.0702357560003
