InputGenerationTime,0.2754530660167802
ProfilingTime,33.8951141150028
SimulationTime,14.982585161022143
FramaCExecutionTime,142.3172453920124
TotalExecutionTime,4112.073876734008
