InputGenerationTime,0.08813246099816752
ProfilingTime,40.23946533200069
SimulationTime,6.731366113999684
FramaCExecutionTime,108.73251284900107
TotalExecutionTime,1152.785808167002
