InputGenerationTime,0.03941600100370124
ProfilingTime,23.609100789995864
SimulationTime,217.64619844200206
FramaCExecutionTime,95.25604605099943
TotalExecutionTime,7415.943325336004
