InputGenerationTime,0.18170733300212305
ProfilingTime,28.614173590001883
SimulationTime,21.521441731994855
FramaCExecutionTime,99.81084801500401
TotalExecutionTime,3615.3216568999997
