InputGenerationTime,0.08208400999865262
ProfilingTime,21.024492610005836
SimulationTime,217.649499825995
FramaCExecutionTime,96.04302714300138
TotalExecutionTime,4685.996499997003
