InputGenerationTime,0.22197016500285827
ProfilingTime,29.220437815994956
SimulationTime,22.44493495800998
FramaCExecutionTime,102.733615930003
TotalExecutionTime,4959.331415941997
