InputGenerationTime,0.2916732019511983
ProfilingTime,26.215522894985043
SimulationTime,18.84042236499954
FramaCExecutionTime,121.73228721501073
TotalExecutionTime,3403.561332442041
