InputGenerationTime,0.1376757019897923
ProfilingTime,50.85134926100727
SimulationTime,188.63534617301775
FramaCExecutionTime,106.99266202299623
TotalExecutionTime,16460.028551000985
