InputGenerationTime,0.07644303201232105
ProfilingTime,25.753344680997543
SimulationTime,16.381036948005203
FramaCExecutionTime,99.76022365198878
TotalExecutionTime,521.74043105499
