InputGenerationTime,0.06134531200223137
ProfilingTime,30.270773914002348
SimulationTime,17.82755654299399
FramaCExecutionTime,105.47228164300031
TotalExecutionTime,2275.314375045011
