InputGenerationTime,0.3914520660182461
ProfilingTime,19.630340981995687
SimulationTime,8.456954219960608
FramaCExecutionTime,134.18783874309156
TotalExecutionTime,1772.105494530988
