InputGenerationTime,0.08908225699997274
ProfilingTime,9.907235652000054
SimulationTime,9.205039630999636
FramaCExecutionTime,48.71309677099998
TotalExecutionTime,1017.5579505450005
