InputGenerationTime,0.1322396129999106
ProfilingTime,15.646929332000582
SimulationTime,8.13752299799944
FramaCExecutionTime,55.91579891600031
TotalExecutionTime,410.9590879460002
