InputGenerationTime,0.29270844598067924
ProfilingTime,27.829688321013236
SimulationTime,301.86791618401185
FramaCExecutionTime,116.0746045949927
TotalExecutionTime,3457.2369755010004
