InputGenerationTime,0.2035223109414801
ProfilingTime,19.96354622906074
SimulationTime,660.0510283299955
FramaCExecutionTime,108.50297766900621
TotalExecutionTime,25743.940978207043
