InputGenerationTime,0.15557446299999356
ProfilingTime,34.59934758899999
SimulationTime,20.175840668999626
FramaCExecutionTime,114.42043770899954
TotalExecutionTime,3311.120818821
