InputGenerationTime,0.3231512999627739
ProfilingTime,28.49035349895712
SimulationTime,217.31273719400633
FramaCExecutionTime,122.18468638905324
TotalExecutionTime,7803.7401915700175
