InputGenerationTime,0.1376757019897923
ProfilingTime,36.239362644962966
SimulationTime,146.47864803497214
FramaCExecutionTime,106.99266202299623
TotalExecutionTime,13399.851333622006
