InputGenerationTime,0.08614854200277478
ProfilingTime,27.20163848804077
SimulationTime,18.328469369967934
FramaCExecutionTime,108.25941041699843
TotalExecutionTime,3797.9153393190354
