InputGenerationTime,0.5459449000190943
ProfilingTime,30.616189089021645
SimulationTime,22.105244555976242
FramaCExecutionTime,142.59089715700247
TotalExecutionTime,3558.7891026730067
