InputGenerationTime,0.0497497089963872
ProfilingTime,32.18985559800058
SimulationTime,225.2911209550075
FramaCExecutionTime,106.16062168798817
TotalExecutionTime,5165.836539633005
