InputGenerationTime,0.08813246099816752
ProfilingTime,40.34668859999874
SimulationTime,23.121891861999757
FramaCExecutionTime,108.73251284900107
TotalExecutionTime,1041.386776080999
