InputGenerationTime,0.09243679200005772
ProfilingTime,35.89763623399995
SimulationTime,22.18200491200014
FramaCExecutionTime,140.29446766800004
TotalExecutionTime,265.6390202009999
