InputGenerationTime,0.06716115004383028
ProfilingTime,21.747543615987524
SimulationTime,20.891141170170158
FramaCExecutionTime,91.8677742651198
TotalExecutionTime,811.7999211610295
