InputGenerationTime,0.17561334901256487
ProfilingTime,29.011672888009343
SimulationTime,87.30232005901053
FramaCExecutionTime,126.73664757199003
TotalExecutionTime,8725.479715494002
