InputGenerationTime,0.10097159299766645
ProfilingTime,38.774647027021274
SimulationTime,131.99796663300367
FramaCExecutionTime,110.10803324502194
TotalExecutionTime,25844.71008889604
