InputGenerationTime,0.2852700619987445
ProfilingTime,36.86293894299888
SimulationTime,26.238747169998533
FramaCExecutionTime,121.69274858300196
TotalExecutionTime,5220.751316906997
