InputGenerationTime,0.22577400295995176
ProfilingTime,18.84542223799508
SimulationTime,41.49943307903595
FramaCExecutionTime,109.5923128289869
TotalExecutionTime,1540.7483134570066
