InputGenerationTime,0.3914520660182461
ProfilingTime,20.105992478085682
SimulationTime,8.830817618989386
FramaCExecutionTime,134.18783874309156
TotalExecutionTime,1050.9357285200385
