InputGenerationTime,0.08908225699997274
ProfilingTime,11.589523949999602
SimulationTime,6.921944923999945
FramaCExecutionTime,48.71309677099998
TotalExecutionTime,574.1147664420005
