InputGenerationTime,0.16970555897569284
ProfilingTime,39.22306762699736
SimulationTime,556.2588229349931
FramaCExecutionTime,116.65334182599327
TotalExecutionTime,20796.235232679
