InputGenerationTime,0.10488404300122056
ProfilingTime,33.48705488699852
SimulationTime,16.52395039700059
FramaCExecutionTime,118.49847431200033
TotalExecutionTime,2869.5833494120016
