InputGenerationTime,0.04804642405360937
ProfilingTime,20.3786968360655
SimulationTime,11.221145814051852
FramaCExecutionTime,90.74596772296354
TotalExecutionTime,1278.5538170939544
