InputGenerationTime,0.06134430388920009
ProfilingTime,23.418659524060786
SimulationTime,11.388772113947198
FramaCExecutionTime,95.81497655203566
TotalExecutionTime,1290.7016731270123
