InputGenerationTime,0.2171286300290376
ProfilingTime,20.947966277017258
SimulationTime,210.1672606660286
FramaCExecutionTime,112.72816676006187
TotalExecutionTime,10116.930591868004
