InputGenerationTime,0.30299885899876244
ProfilingTime,30.984568743995624
SimulationTime,19.877986664010677
FramaCExecutionTime,115.40188249299536
TotalExecutionTime,890.0494530930009
