InputGenerationTime,0.19099381403066218
ProfilingTime,36.41040400695056
SimulationTime,217.15524411702063
FramaCExecutionTime,148.47174196795095
TotalExecutionTime,3681.8367779810214
