InputGenerationTime,0.2780745880008908
ProfilingTime,42.705338113002654
SimulationTime,32.61377596500097
FramaCExecutionTime,147.1211182670013
TotalExecutionTime,6359.027295437001
