InputGenerationTime,0.08614854200277478
ProfilingTime,27.604699458985124
SimulationTime,16.987340504012536
FramaCExecutionTime,108.25941041699843
TotalExecutionTime,4116.47884254402
