InputGenerationTime,0.18582355696707964
ProfilingTime,23.77982851798879
SimulationTime,15.95342489297036
FramaCExecutionTime,131.82039032201283
TotalExecutionTime,2735.4504518350004
