InputGenerationTime,0.13892562800174346
ProfilingTime,40.31491754799936
SimulationTime,26.903181235000375
FramaCExecutionTime,111.13148282000111
TotalExecutionTime,1341.286405117
