InputGenerationTime,0.3489217610040214
ProfilingTime,25.77088843099773
SimulationTime,17.271002185996622
FramaCExecutionTime,101.74599396999838
TotalExecutionTime,1410.6509600110003
