InputGenerationTime,0.0652667719987221
ProfilingTime,24.768398220010567
SimulationTime,21.859508036985062
FramaCExecutionTime,107.56037442997331
TotalExecutionTime,4545.634624703031
