InputGenerationTime,0.06233766500008642
ProfilingTime,12.131676952999442
SimulationTime,7.3410743379999985
FramaCExecutionTime,47.2595315919998
TotalExecutionTime,668.215893818
