InputGenerationTime,0.2893862620694563
ProfilingTime,24.8588219799567
SimulationTime,13.082027712021954
FramaCExecutionTime,117.19879986299202
TotalExecutionTime,1211.638618226978
