InputGenerationTime,0.18170733300212305
ProfilingTime,30.09653539899591
SimulationTime,21.84763846900023
FramaCExecutionTime,99.81084801500401
TotalExecutionTime,3111.455676616999
