InputGenerationTime,0.22577400295995176
ProfilingTime,18.73603333393112
SimulationTime,39.66750294610392
FramaCExecutionTime,109.5923128289869
TotalExecutionTime,1362.406413153978
