InputGenerationTime,0.0566682789940387
ProfilingTime,26.510044422000647
SimulationTime,9.743077847990207
FramaCExecutionTime,99.10822514499887
TotalExecutionTime,2362.2085817710104
