InputGenerationTime,0.2641803329997856
ProfilingTime,26.290621551000186
SimulationTime,234.33172102499975
FramaCExecutionTime,119.66695576599977
TotalExecutionTime,2205.5075318
