InputGenerationTime,0.2538465560064651
ProfilingTime,51.93980241101235
SimulationTime,278.1762411870004
FramaCExecutionTime,147.2809260690119
TotalExecutionTime,28256.357794106007
