InputGenerationTime,0.08807973000511993
ProfilingTime,29.07136825499765
SimulationTime,17.094328456994845
FramaCExecutionTime,104.4215551840025
TotalExecutionTime,1432.2473822449974
