InputGenerationTime,0.1376757019897923
ProfilingTime,41.96660954802064
SimulationTime,182.77115175197832
FramaCExecutionTime,106.99266202299623
TotalExecutionTime,15249.997612532985
