InputGenerationTime,0.10097159299766645
ProfilingTime,46.078169793996494
SimulationTime,100.98820017499384
FramaCExecutionTime,110.10803324502194
TotalExecutionTime,26773.12384490302
