InputGenerationTime,0.1500415460000113
ProfilingTime,35.62993314899995
SimulationTime,21.483582993000255
FramaCExecutionTime,119.5390944679998
TotalExecutionTime,2534.6246510739998
