InputGenerationTime,0.07230846700258553
ProfilingTime,24.62683892500354
SimulationTime,231.9998562040273
FramaCExecutionTime,106.69600580900442
TotalExecutionTime,17963.635617727006
