InputGenerationTime,0.05550380299973767
ProfilingTime,33.12502581199806
SimulationTime,17.508790836000117
FramaCExecutionTime,105.84851150700706
TotalExecutionTime,3121.2527198720054
