InputGenerationTime,0.18836116197053343
ProfilingTime,26.018032607040368
SimulationTime,22.407510800054297
FramaCExecutionTime,111.69122295401758
TotalExecutionTime,547.0588673879975
