InputGenerationTime,0.27328697097254917
ProfilingTime,23.28731271898141
SimulationTime,14.21751333202701
FramaCExecutionTime,120.04880065802718
TotalExecutionTime,3756.961207186978
