InputGenerationTime,0.27974674600409344
ProfilingTime,20.901168814045377
SimulationTime,18.85743575397646
FramaCExecutionTime,116.81609825900523
TotalExecutionTime,3838.569726082962
