InputGenerationTime,0.1776239509927109
ProfilingTime,39.02232210303191
SimulationTime,23.93966884294059
FramaCExecutionTime,144.69820828095544
TotalExecutionTime,1212.6357776760124
