InputGenerationTime,0.145248580025509
ProfilingTime,36.12024137895787
SimulationTime,138.6255948659964
FramaCExecutionTime,108.04990905203158
TotalExecutionTime,10205.204857389966
