InputGenerationTime,0.09055162998265587
ProfilingTime,24.68239151799935
SimulationTime,31.888418326008832
FramaCExecutionTime,95.32764521898935
TotalExecutionTime,392.99827388397534
