InputGenerationTime,0.02432121099991491
ProfilingTime,10.164890948000902
SimulationTime,6.102641568000763
FramaCExecutionTime,41.77757867699984
TotalExecutionTime,217.3173576930003
