InputGenerationTime,0.11123362099897349
ProfilingTime,34.330575017997035
SimulationTime,18.745157637000375
FramaCExecutionTime,111.88471470699733
TotalExecutionTime,1774.2630532139992
