InputGenerationTime,0.2014430370181799
ProfilingTime,25.075004830025136
SimulationTime,17.53754258196568
FramaCExecutionTime,128.44977176899556
TotalExecutionTime,2055.472344016016
