InputGenerationTime,0.328370483010076
ProfilingTime,32.805026326997904
SimulationTime,15.282635221985402
FramaCExecutionTime,125.33717997098574
TotalExecutionTime,716.8609829730121
