InputGenerationTime,0.2941565380024258
ProfilingTime,29.074818082008278
SimulationTime,16.656127299997024
FramaCExecutionTime,119.22128029901069
TotalExecutionTime,3303.545686819998
