InputGenerationTime,0.11488254508003592
ProfilingTime,30.64257423998788
SimulationTime,26.15388871799223
FramaCExecutionTime,134.28010943497065
TotalExecutionTime,1818.0039111700607
