InputGenerationTime,0.2537088650001351
ProfilingTime,29.957901786000093
SimulationTime,20.02927612700023
FramaCExecutionTime,127.66620908499999
TotalExecutionTime,2342.193714248
