InputGenerationTime,0.5576207120029721
ProfilingTime,32.11263720400166
SimulationTime,24.295759061002173
FramaCExecutionTime,137.8231833819882
TotalExecutionTime,1986.4631294329884
