InputGenerationTime,0.03624822100005076
ProfilingTime,24.407627378000143
SimulationTime,16.329032590999986
FramaCExecutionTime,107.40131508900004
TotalExecutionTime,231.05568632200016
