InputGenerationTime,0.2538465560064651
ProfilingTime,56.62680585900671
SimulationTime,285.4327840569895
FramaCExecutionTime,147.2809260690119
TotalExecutionTime,26565.894090522997
