InputGenerationTime,0.22577400295995176
ProfilingTime,18.991903331014328
SimulationTime,40.287006860016845
FramaCExecutionTime,109.5923128289869
TotalExecutionTime,1600.0988459180808
