InputGenerationTime,0.23825610300991684
ProfilingTime,25.58538641704945
SimulationTime,245.86194573697867
FramaCExecutionTime,125.86535251897294
TotalExecutionTime,22742.187278817
