InputGenerationTime,0.17436641099993722
ProfilingTime,32.96247851199951
SimulationTime,104.14773346199945
FramaCExecutionTime,111.46580506899954
TotalExecutionTime,3449.634912563999
