InputGenerationTime,0.3203130920010153
ProfilingTime,34.60013481602073
SimulationTime,24.109103467024397
FramaCExecutionTime,125.05516551900655
TotalExecutionTime,461.70557229800033
