InputGenerationTime,0.30700588898616843
ProfilingTime,28.653226068010554
SimulationTime,23.104267135000555
FramaCExecutionTime,126.14888849700219
TotalExecutionTime,4944.965642110998
