InputGenerationTime,0.20043562108185142
ProfilingTime,18.923722281004302
SimulationTime,26.131652715965174
FramaCExecutionTime,106.11862533399835
TotalExecutionTime,290.89997126499657
