InputGenerationTime,0.2328068589558825
ProfilingTime,44.760997978039086
SimulationTime,21.186735176946968
FramaCExecutionTime,120.70834039303008
TotalExecutionTime,1186.4212150359526
