InputGenerationTime,0.07921701300074346
ProfilingTime,30.23144887200033
SimulationTime,18.944682947010733
FramaCExecutionTime,105.26931427200907
TotalExecutionTime,3696.8883292119863
