InputGenerationTime,0.30299885899876244
ProfilingTime,32.44220611901255
SimulationTime,18.489276622014586
FramaCExecutionTime,115.40188249299536
TotalExecutionTime,444.4685842139879
