InputGenerationTime,0.04837128699728055
ProfilingTime,24.270851231998677
SimulationTime,12.532295101998898
FramaCExecutionTime,95.57277957100086
TotalExecutionTime,2200.9657039720005
