InputGenerationTime,0.06883503001881763
ProfilingTime,26.567027457989752
SimulationTime,16.946317017020192
FramaCExecutionTime,106.64326668903232
TotalExecutionTime,1430.9118566040415
