InputGenerationTime,0.0566682789940387
ProfilingTime,25.29049585899338
SimulationTime,11.59550987399416
FramaCExecutionTime,99.10822514499887
TotalExecutionTime,2880.956719668997
