InputGenerationTime,0.1973126189550385
ProfilingTime,64.42817717499565
SimulationTime,56.81517835799605
FramaCExecutionTime,110.4989025190007
TotalExecutionTime,2158.392096047988
