InputGenerationTime,0.19021941302344203
ProfilingTime,26.060198885039426
SimulationTime,219.89243911701487
FramaCExecutionTime,113.54233702400234
TotalExecutionTime,7803.695756377012
