InputGenerationTime,0.09517260299617192
ProfilingTime,26.098879019999004
SimulationTime,19.74066951200075
FramaCExecutionTime,103.24005353699613
TotalExecutionTime,793.5318245810049
