InputGenerationTime,0.3489217610040214
ProfilingTime,26.567984547997185
SimulationTime,21.326208898004552
FramaCExecutionTime,101.74599396999838
TotalExecutionTime,2046.4028409989987
