InputGenerationTime,0.07569622099981643
ProfilingTime,11.311980029000551
SimulationTime,6.643034505000287
FramaCExecutionTime,48.96770703600032
TotalExecutionTime,137.1787806049997
