InputGenerationTime,0.2623665229184553
ProfilingTime,21.822760450071655
SimulationTime,9.61740069591906
FramaCExecutionTime,115.6550668469863
TotalExecutionTime,268.1926561279688
