InputGenerationTime,0.2171286300290376
ProfilingTime,19.78566023602616
SimulationTime,208.1428756690584
FramaCExecutionTime,112.72816676006187
TotalExecutionTime,10578.831071302062
