InputGenerationTime,0.19782912300433964
ProfilingTime,40.85244263301138
SimulationTime,24.71161807596218
FramaCExecutionTime,120.83434996008873
TotalExecutionTime,1874.5268894010223
