InputGenerationTime,0.02880856700357981
ProfilingTime,18.9579588800043
SimulationTime,14.67281230300432
FramaCExecutionTime,49.60165912899538
TotalExecutionTime,929.4387465070031
