InputGenerationTime,0.04619556199759245
ProfilingTime,25.677976356993895
SimulationTime,236.37191869103117
FramaCExecutionTime,102.9426576619735
TotalExecutionTime,8823.916116209002
