InputGenerationTime,0.07230846700258553
ProfilingTime,27.091251283010934
SimulationTime,234.97408322698902
FramaCExecutionTime,106.69600580900442
TotalExecutionTime,21322.336719706014
