InputGenerationTime,0.36039209901355207
ProfilingTime,25.06813814502675
SimulationTime,214.1500051280018
FramaCExecutionTime,125.7520459779771
TotalExecutionTime,1751.8554453210672
