InputGenerationTime,0.09055162998265587
ProfilingTime,19.723735558014596
SimulationTime,19.306725485017523
FramaCExecutionTime,95.32764521898935
TotalExecutionTime,432.111100797978
