InputGenerationTime,0.07480276003479958
ProfilingTime,18.751332469051704
SimulationTime,18.372450338909402
FramaCExecutionTime,92.13790134200826
TotalExecutionTime,995.7131053411867
