InputGenerationTime,0.03624822100005076
ProfilingTime,24.850772719999895
SimulationTime,16.439229168999873
FramaCExecutionTime,107.40131508900004
TotalExecutionTime,148.734942326
