InputGenerationTime,0.03413906300011149
ProfilingTime,21.52957271899868
SimulationTime,213.23531028899743
FramaCExecutionTime,92.74365047799984
TotalExecutionTime,11688.620225239003
