InputGenerationTime,0.3487831080565229
ProfilingTime,20.865125929936767
SimulationTime,14.784241972025484
FramaCExecutionTime,124.48829469003249
TotalExecutionTime,661.8045517049031
