InputGenerationTime,0.07921701300074346
ProfilingTime,29.70784616700257
SimulationTime,17.57064678700408
FramaCExecutionTime,105.26931427200907
TotalExecutionTime,3363.986158399988
