InputGenerationTime,0.03413906300011149
ProfilingTime,20.110368137000478
SimulationTime,213.55642594299934
FramaCExecutionTime,92.74365047799984
TotalExecutionTime,11453.798974839003
