InputGenerationTime,0.24459180305711925
ProfilingTime,21.096800242899917
SimulationTime,9.268862838041969
FramaCExecutionTime,116.45146760297939
TotalExecutionTime,1511.2030443400145
