InputGenerationTime,0.0791702719998284
ProfilingTime,12.745355871000356
SimulationTime,6.826567506999709
FramaCExecutionTime,50.45893695700033
TotalExecutionTime,935.8094575729992
