InputGenerationTime,0.1907245700713247
ProfilingTime,19.866351507022046
SimulationTime,495.23497679503635
FramaCExecutionTime,107.36546195601113
TotalExecutionTime,10859.606573960045
