InputGenerationTime,0.08263851499941666
ProfilingTime,23.250555822989554
SimulationTime,16.41935868600558
FramaCExecutionTime,98.82215799900587
TotalExecutionTime,2120.467345233992
