InputGenerationTime,0.09517260299617192
ProfilingTime,28.536425286998565
SimulationTime,18.287315736997698
FramaCExecutionTime,103.24005353699613
TotalExecutionTime,243.85050804300408
