InputGenerationTime,0.08614854200277478
ProfilingTime,26.944591845036484
SimulationTime,16.811205440026242
FramaCExecutionTime,108.25941041699843
TotalExecutionTime,3841.7653260390507
