InputGenerationTime,0.2941565380024258
ProfilingTime,30.61378068799968
SimulationTime,17.020577681978466
FramaCExecutionTime,119.22128029901069
TotalExecutionTime,2859.2611439869797
