InputGenerationTime,0.254091541050002
ProfilingTime,30.48947324906476
SimulationTime,13.87234580796212
FramaCExecutionTime,138.49859954905696
TotalExecutionTime,858.1772682529408
