InputGenerationTime,0.5249734570097644
ProfilingTime,26.57702750901808
SimulationTime,15.630194433993893
FramaCExecutionTime,148.15377748798346
TotalExecutionTime,4092.0527135209995
