InputGenerationTime,0.1776239509927109
ProfilingTime,36.86741884192452
SimulationTime,20.698885633959435
FramaCExecutionTime,144.69820828095544
TotalExecutionTime,441.66443830297794
