InputGenerationTime,0.26157120897551067
ProfilingTime,30.758081015985226
SimulationTime,21.74876779099577
FramaCExecutionTime,121.93693389900727
TotalExecutionTime,2004.079684286
