InputGenerationTime,0.05441822297871113
ProfilingTime,31.66545601701364
SimulationTime,225.03779196809046
FramaCExecutionTime,93.7210614560172
TotalExecutionTime,4257.246362513863
