InputGenerationTime,0.5458302329934668
ProfilingTime,27.23857636700268
SimulationTime,14.343923345004441
FramaCExecutionTime,135.8646732600173
TotalExecutionTime,3266.033158751001
