InputGenerationTime,0.0497497089963872
ProfilingTime,30.351686865004012
SimulationTime,226.38906531699467
FramaCExecutionTime,106.16062168798817
TotalExecutionTime,2166.1585727269994
