InputGenerationTime,0.03941600100370124
ProfilingTime,21.25749334000284
SimulationTime,217.12882410900056
FramaCExecutionTime,95.25604605099943
TotalExecutionTime,5738.174159344002
