InputGenerationTime,0.05978687900096702
ProfilingTime,12.622267823000584
SimulationTime,7.597801879999679
FramaCExecutionTime,49.88949812200008
TotalExecutionTime,913.4764200849986
