InputGenerationTime,0.2095904320012778
ProfilingTime,22.412303798017092
SimulationTime,10.921342777088284
FramaCExecutionTime,113.9620377930114
TotalExecutionTime,1772.6349530259613
