InputGenerationTime,0.26157120897551067
ProfilingTime,24.97759524200228
SimulationTime,16.69978113201796
FramaCExecutionTime,121.93693389900727
TotalExecutionTime,1403.9952967299905
