InputGenerationTime,0.11123362099897349
ProfilingTime,40.49720659200102
SimulationTime,21.343672786999377
FramaCExecutionTime,111.88471470699733
TotalExecutionTime,2827.0576987099994
