InputGenerationTime,0.12341600493527949
ProfilingTime,33.422648192965426
SimulationTime,39.02898637903854
FramaCExecutionTime,109.50403061194811
TotalExecutionTime,1866.326437224052
