InputGenerationTime,0.19782912300433964
ProfilingTime,40.81548109697178
SimulationTime,18.785116282990202
FramaCExecutionTime,120.83434996008873
TotalExecutionTime,2042.2627513519255
