InputGenerationTime,0.3488004950049799
ProfilingTime,29.980620727990754
SimulationTime,28.243835978006246
FramaCExecutionTime,131.56218258899753
TotalExecutionTime,4966.177994512982
