InputGenerationTime,0.2250435840105638
ProfilingTime,21.3533436099533
SimulationTime,210.72405634098686
FramaCExecutionTime,112.19995585503057
TotalExecutionTime,2916.783055954962
