InputGenerationTime,0.10097159299766645
ProfilingTime,39.30381512403255
SimulationTime,148.49225268198643
FramaCExecutionTime,110.10803324502194
TotalExecutionTime,25264.123096932017
