InputGenerationTime,0.3488004950049799
ProfilingTime,28.202034615998855
SimulationTime,26.092688467993867
FramaCExecutionTime,131.56218258899753
TotalExecutionTime,4495.490464490984
