InputGenerationTime,0.1727162059978582
ProfilingTime,33.41606512301951
SimulationTime,83.14952777899452
FramaCExecutionTime,121.51857166702393
TotalExecutionTime,4203.401028535998
