InputGenerationTime,0.08441820700682001
ProfilingTime,23.141674275000696
SimulationTime,16.514634003004176
FramaCExecutionTime,98.15719956099929
TotalExecutionTime,1378.579776947001
