InputGenerationTime,0.04915673100913409
ProfilingTime,31.98372379600187
SimulationTime,13.420496359001845
FramaCExecutionTime,104.74350526298804
TotalExecutionTime,240.4059076679987
