InputGenerationTime,0.21722360595595092
ProfilingTime,32.99891065701377
SimulationTime,230.17165637703147
FramaCExecutionTime,123.38338132703211
TotalExecutionTime,7510.904361190973
