InputGenerationTime,0.21389529504813254
ProfilingTime,25.115485060028732
SimulationTime,58.33579225593712
FramaCExecutionTime,119.5768579680007
TotalExecutionTime,3702.5757579059573
