InputGenerationTime,0.07854590803617612
ProfilingTime,25.68207399500534
SimulationTime,16.185103003983386
FramaCExecutionTime,107.89253767899936
TotalExecutionTime,3732.059125611966
