InputGenerationTime,0.36039209901355207
ProfilingTime,19.62953406001907
SimulationTime,209.13958514796104
FramaCExecutionTime,125.7520459779771
TotalExecutionTime,5312.733484977041
