InputGenerationTime,0.03624822100005076
ProfilingTime,25.031172826999864
SimulationTime,16.17391769599999
FramaCExecutionTime,107.40131508900004
TotalExecutionTime,1007.491381474
