InputGenerationTime,0.22147605799546
ProfilingTime,39.754406906999066
SimulationTime,27.056575032998808
FramaCExecutionTime,139.0204824370012
TotalExecutionTime,5851.511973542998
