InputGenerationTime,0.03794739185832441
ProfilingTime,20.75150044518523
SimulationTime,9.83214936312288
FramaCExecutionTime,90.95548496907577
TotalExecutionTime,150.35059896088205
