InputGenerationTime,0.06883503001881763
ProfilingTime,30.93736750498647
SimulationTime,18.001891069987323
FramaCExecutionTime,106.64326668903232
TotalExecutionTime,2119.04612294503
