InputGenerationTime,0.06306902691721916
ProfilingTime,20.37465411890298
SimulationTime,12.779930416028947
FramaCExecutionTime,93.3677042729687
TotalExecutionTime,1586.774480713997
