InputGenerationTime,0.2941565380024258
ProfilingTime,32.98488094902132
SimulationTime,18.701247181015788
FramaCExecutionTime,119.22128029901069
TotalExecutionTime,3702.020373567997
