InputGenerationTime,0.07230846700258553
ProfilingTime,23.63526529900264
SimulationTime,231.40394612401724
FramaCExecutionTime,106.69600580900442
TotalExecutionTime,18218.742715648026
