InputGenerationTime,0.5125337750068866
ProfilingTime,30.746412006992614
SimulationTime,21.04724338199594
FramaCExecutionTime,149.69917792000342
TotalExecutionTime,4968.401506968017
