InputGenerationTime,0.26684155499970075
ProfilingTime,22.961315733002266
SimulationTime,105.8625025729998
FramaCExecutionTime,94.79318434699962
TotalExecutionTime,1149.3813707869995
