InputGenerationTime,0.21752191695850343
ProfilingTime,25.611572097986937
SimulationTime,217.14240115706343
FramaCExecutionTime,113.90528678707778
TotalExecutionTime,9490.994436632027
