InputGenerationTime,0.10488404300122056
ProfilingTime,36.310129772002256
SimulationTime,20.66062603499813
FramaCExecutionTime,118.49847431200033
TotalExecutionTime,2287.8338396069994
