InputGenerationTime,0.18785828900581691
ProfilingTime,56.91969326398976
SimulationTime,39.05297437800618
FramaCExecutionTime,130.39241952699376
TotalExecutionTime,1555.3866350030003
