InputGenerationTime,0.2554458619997604
ProfilingTime,25.63963593600056
SimulationTime,233.91876409299948
FramaCExecutionTime,133.5833892849987
TotalExecutionTime,21498.518023008
