InputGenerationTime,0.1216452280023077
ProfilingTime,37.818000610001036
SimulationTime,19.932130342000164
FramaCExecutionTime,109.55363374899753
TotalExecutionTime,434.2957921579982
