InputGenerationTime,0.2014430370181799
ProfilingTime,24.871416767011397
SimulationTime,16.692404870002065
FramaCExecutionTime,128.44977176899556
TotalExecutionTime,1661.9495881109615
