InputGenerationTime,0.28366624703630805
ProfilingTime,25.24437784694601
SimulationTime,50.461187263950706
FramaCExecutionTime,115.50214947399218
TotalExecutionTime,944.1896454879316
