InputGenerationTime,0.2734934970503673
ProfilingTime,24.957384551060386
SimulationTime,17.536116095026955
FramaCExecutionTime,118.28702378703747
TotalExecutionTime,1906.9255950360093
