InputGenerationTime,0.2937192200042773
ProfilingTime,34.28019095500349
SimulationTime,18.010324609989766
FramaCExecutionTime,131.4051270929922
TotalExecutionTime,3469.7235540300026
