InputGenerationTime,0.21752191695850343
ProfilingTime,26.378246178966947
SimulationTime,9.845901041058823
FramaCExecutionTime,113.90528678707778
TotalExecutionTime,9527.269336491008
