InputGenerationTime,0.05953637699712999
ProfilingTime,24.144020407002245
SimulationTime,18.024387011995714
FramaCExecutionTime,106.16420628500055
TotalExecutionTime,800.9365164179981
