InputGenerationTime,0.146842653004569
ProfilingTime,24.521583645997453
SimulationTime,16.199221513998054
FramaCExecutionTime,89.65716592899844
TotalExecutionTime,130.5446546700041
