InputGenerationTime,0.06716115004383028
ProfilingTime,21.31819102494046
SimulationTime,18.45958355301991
FramaCExecutionTime,91.8677742651198
TotalExecutionTime,275.5297661118675
