InputGenerationTime,0.03560964995995164
ProfilingTime,19.277430883026682
SimulationTime,33.66021381295286
FramaCExecutionTime,89.09152986505069
TotalExecutionTime,1757.928743622033
