InputGenerationTime,0.38357829499727814
ProfilingTime,26.390177425004367
SimulationTime,21.7028350019973
FramaCExecutionTime,101.32164939100039
TotalExecutionTime,4476.2548178299985
