InputGenerationTime,0.22495511300076032
ProfilingTime,23.663645061998977
SimulationTime,229.41672459700203
FramaCExecutionTime,129.21610248100114
TotalExecutionTime,17709.061960935
