InputGenerationTime,0.229954885027837
ProfilingTime,22.397716088977177
SimulationTime,21.08736777503509
FramaCExecutionTime,111.18525936000515
TotalExecutionTime,1079.8985366729903
