InputGenerationTime,0.0724836889994549
ProfilingTime,22.52940320700054
SimulationTime,214.69089664000057
FramaCExecutionTime,96.025370673
TotalExecutionTime,2698.0815003690004
