InputGenerationTime,0.11135036498308182
ProfilingTime,26.737945380038582
SimulationTime,19.169036963954568
FramaCExecutionTime,94.48343334102537
TotalExecutionTime,1851.6695775099797
