InputGenerationTime,0.328370483010076
ProfilingTime,35.50758775000577
SimulationTime,19.368352646997664
FramaCExecutionTime,125.33717997098574
TotalExecutionTime,772.2960878810263
