InputGenerationTime,0.1216452280023077
ProfilingTime,39.732106041003135
SimulationTime,23.187732482001593
FramaCExecutionTime,109.55363374899753
TotalExecutionTime,1089.2191667139996
