InputGenerationTime,0.20018389399956504
ProfilingTime,34.295157166000536
SimulationTime,22.20125850600016
FramaCExecutionTime,114.37678537700049
TotalExecutionTime,5124.5311746160005
