InputGenerationTime,0.03647145791910589
ProfilingTime,19.741228442057036
SimulationTime,212.0863765719114
FramaCExecutionTime,90.35240423900541
TotalExecutionTime,2860.964015190024
