InputGenerationTime,0.1907245700713247
ProfilingTime,19.266512369038537
SimulationTime,538.102628616034
FramaCExecutionTime,107.36546195601113
TotalExecutionTime,7689.4290339660365
