InputGenerationTime,0.2035223109414801
ProfilingTime,19.699599024024792
SimulationTime,664.2340781169478
FramaCExecutionTime,108.50297766900621
TotalExecutionTime,23582.467097089975
