InputGenerationTime,0.12260364304529503
ProfilingTime,21.14973901002668
SimulationTime,20.27363231399795
FramaCExecutionTime,105.3618222590303
TotalExecutionTime,2983.650146799977
