InputGenerationTime,0.19782912300433964
ProfilingTime,45.58435083110817
SimulationTime,23.48030765110161
FramaCExecutionTime,120.83434996008873
TotalExecutionTime,2607.5345118580153
