InputGenerationTime,0.08441820700682001
ProfilingTime,21.07662905700272
SimulationTime,14.31973955000285
FramaCExecutionTime,98.15719956099929
TotalExecutionTime,2068.781980232001
