InputGenerationTime,0.2518795130017679
ProfilingTime,30.13854585698573
SimulationTime,15.423200824996457
FramaCExecutionTime,128.72929689101875
TotalExecutionTime,1804.9177156730148
