InputGenerationTime,0.18929134996142238
ProfilingTime,25.400587411015294
SimulationTime,217.3837097249925
FramaCExecutionTime,116.21079802402528
TotalExecutionTime,18507.895186320005
