InputGenerationTime,0.5576207120029721
ProfilingTime,23.74530879102531
SimulationTime,15.534986318991287
FramaCExecutionTime,137.8231833819882
TotalExecutionTime,1466.77228405801
