InputGenerationTime,0.24175441300030798
ProfilingTime,36.892813704907894
SimulationTime,24.69639772095252
FramaCExecutionTime,151.40488299599383
TotalExecutionTime,1952.586390556069
