InputGenerationTime,0.11737045999325346
ProfilingTime,41.83125042800384
SimulationTime,25.20293407900317
FramaCExecutionTime,130.64505490900774
TotalExecutionTime,4898.796036366999
