InputGenerationTime,0.29120918099943083
ProfilingTime,42.158319228001346
SimulationTime,266.7078651589982
FramaCExecutionTime,140.39637216499978
TotalExecutionTime,15716.289761608
