InputGenerationTime,0.08069608799996786
ProfilingTime,26.9403174300096
SimulationTime,12.180747110003722
FramaCExecutionTime,106.32470165600535
TotalExecutionTime,5376.418257719008
