InputGenerationTime,0.0851615320007113
ProfilingTime,13.269382593000046
SimulationTime,6.7565415340013715
FramaCExecutionTime,48.46413284600021
TotalExecutionTime,437.80232452699966
