InputGenerationTime,0.21990838996134698
ProfilingTime,20.01309502008371
SimulationTime,8.828180482028984
FramaCExecutionTime,108.54226218396798
TotalExecutionTime,679.6323470399948
