InputGenerationTime,0.2937192200042773
ProfilingTime,32.00013837698498
SimulationTime,16.508203765988583
FramaCExecutionTime,131.4051270929922
TotalExecutionTime,3314.4395352520223
