InputGenerationTime,0.03560964995995164
ProfilingTime,19.294982980005443
SimulationTime,34.8015184859978
FramaCExecutionTime,89.09152986505069
TotalExecutionTime,1489.0611179020489
