InputGenerationTime,0.03731615799915744
ProfilingTime,25.681866782993893
SimulationTime,13.097331468001357
FramaCExecutionTime,98.2822837460044
TotalExecutionTime,1850.2932904789996
