InputGenerationTime,0.08208400999865262
ProfilingTime,21.266056241001934
SimulationTime,216.17785521600308
FramaCExecutionTime,96.04302714300138
TotalExecutionTime,2736.159017427999
