InputGenerationTime,0.05511531299998751
ProfilingTime,22.588473053001508
SimulationTime,218.18573400800233
FramaCExecutionTime,94.72058908399777
TotalExecutionTime,15273.993416445002
