InputGenerationTime,0.3343403210164979
ProfilingTime,23.304445526911877
SimulationTime,13.27737105707638
FramaCExecutionTime,124.28450092894491
TotalExecutionTime,653.8698936729925
