InputGenerationTime,0.06825365099984992
ProfilingTime,25.253933341999982
SimulationTime,16.750963247000072
FramaCExecutionTime,96.30293493099998
TotalExecutionTime,1415.2033418190001
