InputGenerationTime,0.06595401199956541
ProfilingTime,19.073512773999937
SimulationTime,11.020447391000744
FramaCExecutionTime,58.418587621999905
TotalExecutionTime,1034.6255994470002
