InputGenerationTime,0.02880856700357981
ProfilingTime,25.121260851999978
SimulationTime,12.959808013001748
FramaCExecutionTime,49.60165912899538
TotalExecutionTime,1026.2090196709978
