InputGenerationTime,0.08780276495963335
ProfilingTime,20.709097773069516
SimulationTime,128.78823909000494
FramaCExecutionTime,97.10535426600836
TotalExecutionTime,2318.5310254130745
