InputGenerationTime,0.18418349499552278
ProfilingTime,42.32361266899534
SimulationTime,265.91458575399884
FramaCExecutionTime,134.15536504299962
TotalExecutionTime,8428.627927761998
