InputGenerationTime,0.18929134996142238
ProfilingTime,24.920078167051543
SimulationTime,216.8278124029748
FramaCExecutionTime,116.21079802402528
TotalExecutionTime,20185.88477202499
