InputGenerationTime,0.06825365099984992
ProfilingTime,22.33777080500022
SimulationTime,15.05730660900008
FramaCExecutionTime,96.30293493099998
TotalExecutionTime,1253.277977428
