InputGenerationTime,0.12488321099954192
ProfilingTime,23.399285583000164
SimulationTime,14.685862202000862
FramaCExecutionTime,88.36304531300266
TotalExecutionTime,3382.3126821770056
