InputGenerationTime,0.2616646940005012
ProfilingTime,44.39453377299651
SimulationTime,28.969014227994194
FramaCExecutionTime,136.35455956900114
TotalExecutionTime,2222.226296588997
