InputGenerationTime,0.5249734570097644
ProfilingTime,30.30522131701582
SimulationTime,28.292261419002898
FramaCExecutionTime,148.15377748798346
TotalExecutionTime,4879.482103123999
