InputGenerationTime,0.07310996500018518
ProfilingTime,36.849107684000046
SimulationTime,21.02830675599398
FramaCExecutionTime,106.17393734199868
TotalExecutionTime,2250.9839683359896
