InputGenerationTime,0.2333431259903591
ProfilingTime,37.415542350005126
SimulationTime,23.385883478011237
FramaCExecutionTime,126.27864418100216
TotalExecutionTime,1868.3048176009906
