InputGenerationTime,0.3489217610040214
ProfilingTime,25.593045945002814
SimulationTime,18.211201775004156
FramaCExecutionTime,101.74599396999838
TotalExecutionTime,1498.706111953994
