InputGenerationTime,0.06716115004383028
ProfilingTime,19.930375661933795
SimulationTime,18.34063646197319
FramaCExecutionTime,91.8677742651198
TotalExecutionTime,474.878097306937
