InputGenerationTime,0.27715257002273574
ProfilingTime,33.52936081800726
SimulationTime,22.991892400983488
FramaCExecutionTime,128.3411734039837
TotalExecutionTime,3656.8308163909824
