InputGenerationTime,0.07747332500002813
ProfilingTime,31.534672217996558
SimulationTime,19.52688293000392
FramaCExecutionTime,107.59819377001259
TotalExecutionTime,845.9631994770025
