InputGenerationTime,0.03413906300011149
ProfilingTime,22.87712700100019
SimulationTime,214.61703966999994
FramaCExecutionTime,92.74365047799984
TotalExecutionTime,14756.529184028
