InputGenerationTime,0.0869224370107986
ProfilingTime,26.565237117989454
SimulationTime,17.73445648001507
FramaCExecutionTime,107.27235301001929
TotalExecutionTime,2620.673249375017
