InputGenerationTime,0.12488321099954192
ProfilingTime,24.04140156199719
SimulationTime,16.87696875799884
FramaCExecutionTime,88.36304531300266
TotalExecutionTime,2443.0977937080024
