InputGenerationTime,0.0712742239702493
ProfilingTime,28.087458518974017
SimulationTime,18.422029585985
FramaCExecutionTime,105.79948802501895
TotalExecutionTime,1925.5500471859705
