InputGenerationTime,0.06306902691721916
ProfilingTime,19.997296581976116
SimulationTime,10.777847265824676
FramaCExecutionTime,93.3677042729687
TotalExecutionTime,1617.6666791869793
