InputGenerationTime,0.21389529504813254
ProfilingTime,26.407193782972172
SimulationTime,62.48137273895554
FramaCExecutionTime,119.5768579680007
TotalExecutionTime,3535.1969691709382
