InputGenerationTime,0.24175441300030798
ProfilingTime,35.35170238302089
SimulationTime,22.16435440198984
FramaCExecutionTime,151.40488299599383
TotalExecutionTime,2717.065079555032
