InputGenerationTime,0.11488254508003592
ProfilingTime,32.23014417104423
SimulationTime,27.6119643941056
FramaCExecutionTime,134.28010943497065
TotalExecutionTime,1991.6068867529975
