InputGenerationTime,0.2550414989818819
ProfilingTime,22.354274298995733
SimulationTime,11.086471307033207
FramaCExecutionTime,119.64459108404117
TotalExecutionTime,2159.9736765309935
