InputGenerationTime,0.02531034300045576
ProfilingTime,10.941330229999949
SimulationTime,6.509496237000349
FramaCExecutionTime,42.76689746500051
TotalExecutionTime,548.0192135640009
