InputGenerationTime,0.06472448515705764
ProfilingTime,19.36344192386605
SimulationTime,210.90513655892573
FramaCExecutionTime,89.01774519495666
TotalExecutionTime,3081.9307153460104
