InputGenerationTime,0.17901038100171718
ProfilingTime,39.883091784999124
SimulationTime,22.21531431100084
FramaCExecutionTime,117.9092438819971
TotalExecutionTime,3952.925094107999
