InputGenerationTime,0.20043562108185142
ProfilingTime,20.818183807074092
SimulationTime,28.862859721994027
FramaCExecutionTime,106.11862533399835
TotalExecutionTime,862.853127393988
