InputGenerationTime,0.18836116197053343
ProfilingTime,21.32012692996068
SimulationTime,18.3942231030087
FramaCExecutionTime,111.69122295401758
TotalExecutionTime,273.9660104630166
