InputGenerationTime,0.18446814600611106
ProfilingTime,20.422786636976525
SimulationTime,211.1249288119725
FramaCExecutionTime,112.07018067297759
TotalExecutionTime,11509.958134589018
