InputGenerationTime,0.07569622099981643
ProfilingTime,10.996476135999728
SimulationTime,6.892021012999976
FramaCExecutionTime,48.96770703600032
TotalExecutionTime,84.16519340600007
