InputGenerationTime,0.2518795130017679
ProfilingTime,34.49234681998496
SimulationTime,18.382852013979573
FramaCExecutionTime,128.72929689101875
TotalExecutionTime,2172.7560722190246
