InputGenerationTime,0.09734716100501828
ProfilingTime,36.023261697991984
SimulationTime,23.908744523010682
FramaCExecutionTime,106.48393925699929
TotalExecutionTime,5527.616982189997
