InputGenerationTime,0.05989754600159358
ProfilingTime,23.22011903600651
SimulationTime,7.668489142990438
FramaCExecutionTime,101.61069593699358
TotalExecutionTime,2975.3314005069988
