InputGenerationTime,0.1036995750037022
ProfilingTime,48.8669964740111
SimulationTime,33.48040462899371
FramaCExecutionTime,128.76921959100582
TotalExecutionTime,7150.909761467003
