InputGenerationTime,0.2087663629790768
ProfilingTime,21.92496613098774
SimulationTime,14.580843984964304
FramaCExecutionTime,115.82717773900367
TotalExecutionTime,657.4196176850237
