InputGenerationTime,0.08119252510368824
ProfilingTime,39.52496561210137
SimulationTime,33.62040156207513
FramaCExecutionTime,113.96024039201438
TotalExecutionTime,2857.9521366540575
