InputGenerationTime,0.04155284100124845
ProfilingTime,22.66953551500046
SimulationTime,15.692520803000662
FramaCExecutionTime,96.29844691299877
TotalExecutionTime,1429.3366585660006
