InputGenerationTime,0.06429028999991715
ProfilingTime,25.200100038025994
SimulationTime,13.580300937988795
FramaCExecutionTime,107.19028882699786
TotalExecutionTime,146.06623636302538
