InputGenerationTime,0.20018389399956504
ProfilingTime,38.05582984800003
SimulationTime,24.87058523700034
FramaCExecutionTime,114.37678537700049
TotalExecutionTime,5432.773569754
