InputGenerationTime,0.06673876900458708
ProfilingTime,29.394399103010073
SimulationTime,15.57773039402673
FramaCExecutionTime,105.7249488600064
TotalExecutionTime,2007.1428365320317
