InputGenerationTime,0.3468931099996553
ProfilingTime,28.809247046003293
SimulationTime,21.1421793490008
FramaCExecutionTime,97.67858885599708
TotalExecutionTime,2923.98622418
