InputGenerationTime,0.2916732019511983
ProfilingTime,26.07392014801735
SimulationTime,18.773142539022956
FramaCExecutionTime,121.73228721501073
TotalExecutionTime,2992.7593990589958
