InputGenerationTime,0.13892562800174346
ProfilingTime,40.2396470149979
SimulationTime,26.59676706400205
FramaCExecutionTime,111.13148282000111
TotalExecutionTime,1535.8980269290005
