InputGenerationTime,0.06989308199990774
ProfilingTime,22.932869889998983
SimulationTime,14.00673938899854
FramaCExecutionTime,94.03919311700156
TotalExecutionTime,1126.1976298299996
