InputGenerationTime,0.13310052594169974
ProfilingTime,32.273719009011984
SimulationTime,26.234270451939665
FramaCExecutionTime,137.11517138092313
TotalExecutionTime,613.5042400530074
