InputGenerationTime,0.23642875702353194
ProfilingTime,42.0783518240205
SimulationTime,286.2301776470267
FramaCExecutionTime,115.11188443098217
TotalExecutionTime,6335.04463562899
