InputGenerationTime,0.17436641099993722
ProfilingTime,38.174002852998456
SimulationTime,112.76932559299894
FramaCExecutionTime,111.46580506899954
TotalExecutionTime,3016.271845202
