InputGenerationTime,0.08780007797759026
ProfilingTime,28.5277965029818
SimulationTime,15.72959504998289
FramaCExecutionTime,107.58787493401906
TotalExecutionTime,3260.1903873429983
