InputGenerationTime,0.26157120897551067
ProfilingTime,30.112065069988603
SimulationTime,18.148435357987182
FramaCExecutionTime,121.93693389900727
TotalExecutionTime,1548.536259896995
