InputGenerationTime,0.06825365099984992
ProfilingTime,23.790681934000077
SimulationTime,16.67237167300027
FramaCExecutionTime,96.30293493099998
TotalExecutionTime,1534.8354482319999
