InputGenerationTime,0.3489217610040214
ProfilingTime,25.840887218997523
SimulationTime,18.13633264699456
FramaCExecutionTime,101.74599396999838
TotalExecutionTime,1454.7420147839948
