InputGenerationTime,0.0869224370107986
ProfilingTime,26.47632459801389
SimulationTime,17.468885761045385
FramaCExecutionTime,107.27235301001929
TotalExecutionTime,2490.669602423033
