InputGenerationTime,0.5249734570097644
ProfilingTime,33.47454756201478
SimulationTime,24.173163146013394
FramaCExecutionTime,148.15377748798346
TotalExecutionTime,4820.804027678998
