InputGenerationTime,0.05552351800724864
ProfilingTime,18.957141623992356
SimulationTime,212.74110085300345
FramaCExecutionTime,105.23009136799374
TotalExecutionTime,20724.691412675005
