InputGenerationTime,0.08263851499941666
ProfilingTime,25.136335096001858
SimulationTime,7.330361768996227
FramaCExecutionTime,98.82215799900587
TotalExecutionTime,1909.2714997129951
