InputGenerationTime,0.0652667719987221
ProfilingTime,25.657029670954216
SimulationTime,22.976825443969574
FramaCExecutionTime,107.56037442997331
TotalExecutionTime,4160.087139206997
