InputGenerationTime,0.22179850202519447
ProfilingTime,31.021841156994924
SimulationTime,60.72797776304651
FramaCExecutionTime,150.7494653709
TotalExecutionTime,3103.4216620520456
