InputGenerationTime,0.07644303201232105
ProfilingTime,26.495983066008193
SimulationTime,14.658230075001484
FramaCExecutionTime,99.76022365198878
TotalExecutionTime,430.64466852499754
