InputGenerationTime,0.1586757400073111
ProfilingTime,40.42158277198905
SimulationTime,92.86732344602933
FramaCExecutionTime,113.80346785899019
TotalExecutionTime,2094.75481382804
