InputGenerationTime,0.36039209901355207
ProfilingTime,22.596396359964274
SimulationTime,213.8610901850043
FramaCExecutionTime,125.7520459779771
TotalExecutionTime,4112.416945461067
