InputGenerationTime,0.07747332500002813
ProfilingTime,30.98656407299859
SimulationTime,19.444053136990988
FramaCExecutionTime,107.59819377001259
TotalExecutionTime,352.7981224820105
