InputGenerationTime,0.3468931099996553
ProfilingTime,26.53851475400006
SimulationTime,20.98277776699979
FramaCExecutionTime,97.67858885599708
TotalExecutionTime,3298.142554899998
