InputGenerationTime,0.07230846700258553
ProfilingTime,25.858765097975265
SimulationTime,232.04108222498326
FramaCExecutionTime,106.69600580900442
TotalExecutionTime,22913.539379525
