InputGenerationTime,0.2333431259903591
ProfilingTime,33.771135432005394
SimulationTime,22.090496323013213
FramaCExecutionTime,126.27864418100216
TotalExecutionTime,2375.7490467040043
