InputGenerationTime,0.02344999100023415
ProfilingTime,12.808769900000698
SimulationTime,7.15649540800041
FramaCExecutionTime,44.093769834998966
TotalExecutionTime,767.7284832109999
