InputGenerationTime,0.12260364304529503
ProfilingTime,24.520026144979056
SimulationTime,22.230310907994863
FramaCExecutionTime,105.3618222590303
TotalExecutionTime,2849.004982692015
