InputGenerationTime,0.04804642405360937
ProfilingTime,20.278205452952534
SimulationTime,11.299822001950815
FramaCExecutionTime,90.74596772296354
TotalExecutionTime,1506.94914555992
