InputGenerationTime,0.04219626891426742
ProfilingTime,19.58206347702071
SimulationTime,19.60371403885074
FramaCExecutionTime,89.77886800491251
TotalExecutionTime,1523.773122639861
