InputGenerationTime,0.13503388699973584
ProfilingTime,33.40355007300241
SimulationTime,108.21316746799857
FramaCExecutionTime,114.96788224999909
TotalExecutionTime,10805.151746609
