InputGenerationTime,0.06472448515705764
ProfilingTime,20.698452753014863
SimulationTime,215.7583440958988
FramaCExecutionTime,89.01774519495666
TotalExecutionTime,2621.8941356379073
