InputGenerationTime,0.06825365099984992
ProfilingTime,24.32287915200004
SimulationTime,14.926352801000121
FramaCExecutionTime,96.30293493099998
TotalExecutionTime,1292.612114328
