InputGenerationTime,0.5459449000190943
ProfilingTime,28.21275860798778
SimulationTime,13.971675623004558
FramaCExecutionTime,142.59089715700247
TotalExecutionTime,3354.9843537230045
