InputGenerationTime,0.1860354489999736
ProfilingTime,31.807655522000005
SimulationTime,23.48432317300012
FramaCExecutionTime,133.846350332
TotalExecutionTime,947.7706224890001
