InputGenerationTime,0.11390176499844529
ProfilingTime,38.28202927300299
SimulationTime,22.89095279799949
FramaCExecutionTime,109.5342480060026
TotalExecutionTime,3844.223093503999
