InputGenerationTime,0.07921701300074346
ProfilingTime,29.29357613500906
SimulationTime,17.867022669001017
FramaCExecutionTime,105.26931427200907
TotalExecutionTime,2993.501952093997
