InputGenerationTime,0.09517260299617192
ProfilingTime,30.6551851500044
SimulationTime,22.869504433001566
FramaCExecutionTime,103.24005353699613
TotalExecutionTime,953.092223120002
