InputGenerationTime,0.27974674600409344
ProfilingTime,25.228164746018592
SimulationTime,22.109477799967863
FramaCExecutionTime,116.81609825900523
TotalExecutionTime,4019.1994573819684
