InputGenerationTime,0.27123504306655377
ProfilingTime,42.4811377649894
SimulationTime,242.35866296000313
FramaCExecutionTime,121.80990467895754
TotalExecutionTime,5197.427084403927
