InputGenerationTime,0.06559167301747948
ProfilingTime,26.83976908598561
SimulationTime,14.768647335993592
FramaCExecutionTime,104.80555936798919
TotalExecutionTime,185.92424354702234
