InputGenerationTime,0.19099381403066218
ProfilingTime,31.487205861951225
SimulationTime,214.43319288699422
FramaCExecutionTime,148.47174196795095
TotalExecutionTime,1131.3101029270329
