InputGenerationTime,0.22179850202519447
ProfilingTime,34.73612308304291
SimulationTime,65.43833466107026
FramaCExecutionTime,150.7494653709
TotalExecutionTime,3808.4211501489626
