InputGenerationTime,0.07135240799834719
ProfilingTime,26.03947674200026
SimulationTime,12.506908345996635
FramaCExecutionTime,96.4827041699973
TotalExecutionTime,861.2364067580056
