InputGenerationTime,0.05547416885383427
ProfilingTime,22.423629499971867
SimulationTime,14.239927366841584
FramaCExecutionTime,95.88349860697053
TotalExecutionTime,1500.4618386009242
