InputGenerationTime,0.19099381403066218
ProfilingTime,31.909500444075093
SimulationTime,214.3334655140061
FramaCExecutionTime,148.47174196795095
TotalExecutionTime,5266.422523380024
