InputGenerationTime,0.07135240799834719
ProfilingTime,24.332545215998834
SimulationTime,12.526597812000546
FramaCExecutionTime,96.4827041699973
TotalExecutionTime,471.90162608200626
