InputGenerationTime,0.08706269499816699
ProfilingTime,33.60715248499764
SimulationTime,22.357921578997775
FramaCExecutionTime,108.95056382500115
TotalExecutionTime,4583.822672907001
