InputGenerationTime,0.1973126189550385
ProfilingTime,49.44420811499003
SimulationTime,51.04716440697666
FramaCExecutionTime,110.4989025190007
TotalExecutionTime,475.87834210600704
