InputGenerationTime,0.18538614409044385
ProfilingTime,26.63552152097691
SimulationTime,213.49891272198875
FramaCExecutionTime,110.43824010202661
TotalExecutionTime,1747.9652401669882
