InputGenerationTime,0.08706269499816699
ProfilingTime,39.79485022300287
SimulationTime,31.171597631000623
FramaCExecutionTime,108.95056382500115
TotalExecutionTime,5355.206002128001
