InputGenerationTime,0.08813246099816752
ProfilingTime,34.99671854799817
SimulationTime,20.126108152002416
FramaCExecutionTime,108.73251284900107
TotalExecutionTime,327.6560186380011
