InputGenerationTime,0.08813246099816752
ProfilingTime,35.7694554050031
SimulationTime,21.360470464001992
FramaCExecutionTime,108.73251284900107
TotalExecutionTime,384.896412402999
