InputGenerationTime,0.09243679200005772
ProfilingTime,36.86989447600013
SimulationTime,22.658462915999962
FramaCExecutionTime,140.29446766800004
TotalExecutionTime,629.9235336979999
