InputGenerationTime,0.17901038100171718
ProfilingTime,34.14757090299827
SimulationTime,19.02850032200149
FramaCExecutionTime,117.9092438819971
TotalExecutionTime,4181.201990062
