InputGenerationTime,0.03624822100005076
ProfilingTime,26.816704586000014
SimulationTime,16.965478476000044
FramaCExecutionTime,107.40131508900004
TotalExecutionTime,316.448969216
