InputGenerationTime,0.2951946859830059
ProfilingTime,27.0407976389979
SimulationTime,118.27416830998845
FramaCExecutionTime,126.49901207099902
TotalExecutionTime,11853.020851392997
