InputGenerationTime,0.08637258899398148
ProfilingTime,25.156056066043675
SimulationTime,13.152792547014542
FramaCExecutionTime,104.87469518801663
TotalExecutionTime,2367.5922319029924
