InputGenerationTime,0.0869224370107986
ProfilingTime,25.814949097984936
SimulationTime,16.30327319900971
FramaCExecutionTime,107.27235301001929
TotalExecutionTime,3424.3217389100464
