InputGenerationTime,0.07921701300074346
ProfilingTime,32.55273622200184
SimulationTime,18.16820298100356
FramaCExecutionTime,105.26931427200907
TotalExecutionTime,4100.319464518994
