InputGenerationTime,0.06782107497565448
ProfilingTime,18.6151013080962
SimulationTime,16.305786945158616
FramaCExecutionTime,91.11508935387246
TotalExecutionTime,1969.0053923290689
