InputGenerationTime,0.2641803329997856
ProfilingTime,28.050004614999125
SimulationTime,242.66211293599918
FramaCExecutionTime,119.66695576599977
TotalExecutionTime,5144.676272578
