InputGenerationTime,0.03647145791910589
ProfilingTime,18.833687069942243
SimulationTime,211.21256483905017
FramaCExecutionTime,90.35240423900541
TotalExecutionTime,320.4515742700314
