InputGenerationTime,0.02344999100023415
ProfilingTime,13.431700205999732
SimulationTime,8.081971903999147
FramaCExecutionTime,44.093769834998966
TotalExecutionTime,747.7605809079996
