InputGenerationTime,0.08908225699997274
ProfilingTime,14.163813674000266
SimulationTime,8.655941221999456
FramaCExecutionTime,48.71309677099998
TotalExecutionTime,937.625279461
