InputGenerationTime,0.3914520660182461
ProfilingTime,22.093657623045146
SimulationTime,12.256587333977222
FramaCExecutionTime,134.18783874309156
TotalExecutionTime,1645.909184554941
