InputGenerationTime,0.09243679200005772
ProfilingTime,41.72268208200012
SimulationTime,23.558907913999974
FramaCExecutionTime,140.29446766800004
TotalExecutionTime,948.84494465
