InputGenerationTime,0.17901038100171718
ProfilingTime,35.42599720599901
SimulationTime,18.443040051002754
FramaCExecutionTime,117.9092438819971
TotalExecutionTime,3425.8652633489983
