InputGenerationTime,0.13503388699973584
ProfilingTime,31.946064530999138
SimulationTime,107.20095704800042
FramaCExecutionTime,114.96788224999909
TotalExecutionTime,13635.082463513998
