InputGenerationTime,0.16970555897569284
ProfilingTime,33.27609568898333
SimulationTime,760.2433852429967
FramaCExecutionTime,116.65334182599327
TotalExecutionTime,15720.178723565012
