InputGenerationTime,0.30700588898616843
ProfilingTime,29.023148586973548
SimulationTime,26.954260954022175
FramaCExecutionTime,126.14888849700219
TotalExecutionTime,4690.015123866004
