InputGenerationTime,0.23825610300991684
ProfilingTime,24.363584722974338
SimulationTime,242.2437002400402
FramaCExecutionTime,125.86535251897294
TotalExecutionTime,23591.13332523196
