InputGenerationTime,0.15126023499760777
ProfilingTime,27.51741543796379
SimulationTime,19.814683318021707
FramaCExecutionTime,114.47119204199407
TotalExecutionTime,2216.750410042994
