InputGenerationTime,0.13310052594169974
ProfilingTime,39.20011194702238
SimulationTime,31.901567648979835
FramaCExecutionTime,137.11517138092313
TotalExecutionTime,1206.8342236030148
