InputGenerationTime,0.02880856700357981
ProfilingTime,17.84970490499836
SimulationTime,7.87023787900398
FramaCExecutionTime,49.60165912899538
TotalExecutionTime,773.784024943001
