InputGenerationTime,0.5249734570097644
ProfilingTime,31.383252832019934
SimulationTime,23.627536990999943
FramaCExecutionTime,148.15377748798346
TotalExecutionTime,4613.422545757989
