InputGenerationTime,0.3487831080565229
ProfilingTime,21.57874363497831
SimulationTime,14.10515170590952
FramaCExecutionTime,124.48829469003249
TotalExecutionTime,264.5855124159716
