InputGenerationTime,0.07854590803617612
ProfilingTime,27.459998442034703
SimulationTime,16.987080569029786
FramaCExecutionTime,107.89253767899936
TotalExecutionTime,3776.637749600981
