InputGenerationTime,0.06782107497565448
ProfilingTime,19.109513765899464
SimulationTime,17.18699272396043
FramaCExecutionTime,91.11508935387246
TotalExecutionTime,1197.7874984950759
