InputGenerationTime,0.33293280099951517
ProfilingTime,28.064204459999928
SimulationTime,20.1712122910003
FramaCExecutionTime,130.06025948600018
TotalExecutionTime,4681.232514243
