InputGenerationTime,0.29270844598067924
ProfilingTime,28.986274950992083
SimulationTime,80.91290529901744
FramaCExecutionTime,116.0746045949927
TotalExecutionTime,2749.405394469999
