InputGenerationTime,0.5491699959966354
ProfilingTime,36.23028586001601
SimulationTime,22.775569123012247
FramaCExecutionTime,132.03446686899406
TotalExecutionTime,782.0333440930117
