InputGenerationTime,0.06134430388920009
ProfilingTime,28.491795195965096
SimulationTime,20.48554308596067
FramaCExecutionTime,95.81497655203566
TotalExecutionTime,1755.4364529100712
