InputGenerationTime,0.02432121099991491
ProfilingTime,9.969063669999741
SimulationTime,5.947299866000321
FramaCExecutionTime,41.77757867699984
TotalExecutionTime,249.06062361299882
