InputGenerationTime,0.3914520660182461
ProfilingTime,22.03659090201836
SimulationTime,11.577121897018515
FramaCExecutionTime,134.18783874309156
TotalExecutionTime,1743.97108281299
