InputGenerationTime,0.09243679200005772
ProfilingTime,39.05192512200006
SimulationTime,24.171452975000193
FramaCExecutionTime,140.29446766800004
TotalExecutionTime,505.87743081299993
