InputGenerationTime,0.5126059039903339
ProfilingTime,31.760503219004022
SimulationTime,19.34742210499826
FramaCExecutionTime,134.92843663701206
TotalExecutionTime,1948.0670221050095
