InputGenerationTime,0.2616646940005012
ProfilingTime,57.03333028500492
SimulationTime,41.6256892800011
FramaCExecutionTime,136.35455956900114
TotalExecutionTime,3394.8341514979984
