InputGenerationTime,0.328370483010076
ProfilingTime,33.32163075299468
SimulationTime,15.824865584989311
FramaCExecutionTime,125.33717997098574
TotalExecutionTime,357.42056470701937
