InputGenerationTime,0.0652667719987221
ProfilingTime,26.174250029027462
SimulationTime,21.954982786963228
FramaCExecutionTime,107.56037442997331
TotalExecutionTime,3912.384292834031
