InputGenerationTime,0.33293280099951517
ProfilingTime,26.04896539499987
SimulationTime,20.48857291799959
FramaCExecutionTime,130.06025948600018
TotalExecutionTime,4872.105180222
