InputGenerationTime,0.29270844598067924
ProfilingTime,27.64376003399957
SimulationTime,153.93793590500718
FramaCExecutionTime,116.0746045949927
TotalExecutionTime,2120.1827166150033
