InputGenerationTime,0.15295539499493316
ProfilingTime,25.074262670997996
SimulationTime,16.598928813000384
FramaCExecutionTime,89.9493181259968
TotalExecutionTime,1386.9582898630033
