InputGenerationTime,0.08888787199975923
ProfilingTime,36.523622517008334
SimulationTime,26.968651303992374
FramaCExecutionTime,102.41301443899283
TotalExecutionTime,481.5573668179859
