InputGenerationTime,0.2941565380024258
ProfilingTime,29.992623639001977
SimulationTime,20.61331375699956
FramaCExecutionTime,119.22128029901069
TotalExecutionTime,3404.036285268987
