InputGenerationTime,0.02432121099991491
ProfilingTime,9.884153360999335
SimulationTime,6.196440177000113
FramaCExecutionTime,41.77757867699984
TotalExecutionTime,280.722174773
