InputGenerationTime,0.04561591404490173
ProfilingTime,19.18929682811722
SimulationTime,9.423390304902568
FramaCExecutionTime,88.03226714697666
TotalExecutionTime,501.32830985006876
