InputGenerationTime,0.18249052000464872
ProfilingTime,25.03291132301092
SimulationTime,49.938639878993854
FramaCExecutionTime,95.15639482502593
TotalExecutionTime,5684.821881479002
