InputGenerationTime,0.18582355696707964
ProfilingTime,27.745884710981045
SimulationTime,15.940270930004772
FramaCExecutionTime,131.82039032201283
TotalExecutionTime,3176.5611414099694
