InputGenerationTime,0.2035223109414801
ProfilingTime,20.063711459049955
SimulationTime,734.8827864410123
FramaCExecutionTime,108.50297766900621
TotalExecutionTime,22114.77830366697
