InputGenerationTime,0.27974674600409344
ProfilingTime,20.83068903296953
SimulationTime,17.922302822989877
FramaCExecutionTime,116.81609825900523
TotalExecutionTime,3445.8263733459753
