InputGenerationTime,0.10097159299766645
ProfilingTime,31.753270470013376
SimulationTime,235.38701155700255
FramaCExecutionTime,110.10803324502194
TotalExecutionTime,25673.853924462048
