InputGenerationTime,0.33293280099951517
ProfilingTime,29.63814228800038
SimulationTime,20.135301298999366
FramaCExecutionTime,130.06025948600018
TotalExecutionTime,4151.268379169
