InputGenerationTime,0.05974107002839446
ProfilingTime,29.625170265091583
SimulationTime,9.199203342199326
FramaCExecutionTime,94.46663717599586
TotalExecutionTime,530.5091497290414
