InputGenerationTime,0.11488254508003592
ProfilingTime,38.960895630996674
SimulationTime,29.753827007021755
FramaCExecutionTime,134.28010943497065
TotalExecutionTime,2326.810936326976
