InputGenerationTime,0.5125337750068866
ProfilingTime,26.95878428898868
SimulationTime,14.720214434986701
FramaCExecutionTime,149.69917792000342
TotalExecutionTime,4003.1572249190067
