InputGenerationTime,0.11109681602101773
ProfilingTime,20.423645487986505
SimulationTime,54.43386463902425
FramaCExecutionTime,95.02735664101783
TotalExecutionTime,3946.661586162052
