InputGenerationTime,0.24341501500020968
ProfilingTime,24.42083637599717
SimulationTime,108.46357905900368
FramaCExecutionTime,95.7353067160002
TotalExecutionTime,9128.386614035
