InputGenerationTime,0.02432121099991491
ProfilingTime,10.229282925000007
SimulationTime,6.305355075999614
FramaCExecutionTime,41.77757867699984
TotalExecutionTime,396.4621631829996
