InputGenerationTime,0.08069608799996786
ProfilingTime,29.218229728998267
SimulationTime,15.588746002002154
FramaCExecutionTime,106.32470165600535
TotalExecutionTime,4585.232890689003
