InputGenerationTime,0.15557446299999356
ProfilingTime,34.427760980999665
SimulationTime,21.325629451000168
FramaCExecutionTime,114.42043770899954
TotalExecutionTime,3891.2715063789997
