InputGenerationTime,0.10488404300122056
ProfilingTime,37.095471421002
SimulationTime,18.193714404002094
FramaCExecutionTime,118.49847431200033
TotalExecutionTime,2702.5722388299982
