InputGenerationTime,0.03560964995995164
ProfilingTime,19.206124841002747
SimulationTime,33.71368808695115
FramaCExecutionTime,89.09152986505069
TotalExecutionTime,1916.7976332399994
