InputGenerationTime,0.09517260299617192
ProfilingTime,25.876684785995167
SimulationTime,17.803768851001223
FramaCExecutionTime,103.24005353699613
TotalExecutionTime,1252.0446400670044
