InputGenerationTime,0.03731615799915744
ProfilingTime,27.159319714002777
SimulationTime,12.947132554996642
FramaCExecutionTime,98.2822837460044
TotalExecutionTime,1294.3004013680038
