InputGenerationTime,0.08297437703004107
ProfilingTime,25.83099830104038
SimulationTime,35.42467138095526
FramaCExecutionTime,103.6552166279871
TotalExecutionTime,4607.665319753985
