InputGenerationTime,0.3343403210164979
ProfilingTime,20.45720516599249
SimulationTime,8.658531842986122
FramaCExecutionTime,124.28450092894491
TotalExecutionTime,182.64488639193587
