InputGenerationTime,0.1322396129999106
ProfilingTime,10.68262334300016
SimulationTime,6.1587164349994055
FramaCExecutionTime,55.91579891600031
TotalExecutionTime,89.63004504899982
