InputGenerationTime,0.19782912300433964
ProfilingTime,39.5403651020024
SimulationTime,18.52330726198852
FramaCExecutionTime,120.83434996008873
TotalExecutionTime,2665.6539488870185
