InputGenerationTime,0.1216452280023077
ProfilingTime,33.83434158599994
SimulationTime,17.15486772299846
FramaCExecutionTime,109.55363374899753
TotalExecutionTime,160.68569103499976
