InputGenerationTime,0.05552351800724864
ProfilingTime,29.536612944008084
SimulationTime,227.36490923899692
FramaCExecutionTime,105.23009136799374
TotalExecutionTime,18761.705986973
