InputGenerationTime,0.29270844598067924
ProfilingTime,27.064289212983567
SimulationTime,99.42450346201076
FramaCExecutionTime,116.0746045949927
TotalExecutionTime,844.7560571639915
