InputGenerationTime,0.2155678939889185
ProfilingTime,25.23110681399703
SimulationTime,12.927164575026836
FramaCExecutionTime,117.01473909697961
TotalExecutionTime,1687.7890585549758
