InputGenerationTime,0.2538465560064651
ProfilingTime,45.94033469600254
SimulationTime,276.31768547699903
FramaCExecutionTime,147.2809260690119
TotalExecutionTime,27617.017699493997
