InputGenerationTime,0.17436641099993722
ProfilingTime,36.35573412099984
SimulationTime,110.27055923900025
FramaCExecutionTime,111.46580506899954
TotalExecutionTime,838.8836062029995
