InputGenerationTime,0.13503388699973584
ProfilingTime,32.71137462900151
SimulationTime,105.49870476900105
FramaCExecutionTime,114.96788224999909
TotalExecutionTime,10943.436845056
