InputGenerationTime,0.3468931099996553
ProfilingTime,23.610875352998846
SimulationTime,16.797032358997967
FramaCExecutionTime,97.67858885599708
TotalExecutionTime,2506.939093273999
