InputGenerationTime,0.08908225699997274
ProfilingTime,13.253976134000368
SimulationTime,8.274630909000734
FramaCExecutionTime,48.71309677099998
TotalExecutionTime,812.6735061240006
