InputGenerationTime,0.26684155499970075
ProfilingTime,24.859246815001825
SimulationTime,111.92238984700089
FramaCExecutionTime,94.79318434699962
TotalExecutionTime,2374.0869152400046
