InputGenerationTime,0.24459180305711925
ProfilingTime,19.767681912053376
SimulationTime,9.142873792909086
FramaCExecutionTime,116.45146760297939
TotalExecutionTime,1304.8302088860655
