InputGenerationTime,0.5458302329934668
ProfilingTime,31.0697066890134
SimulationTime,17.593932763993507
FramaCExecutionTime,135.8646732600173
TotalExecutionTime,3224.212700939999
