InputGenerationTime,0.10097159299766645
ProfilingTime,46.945122843957506
SimulationTime,136.17471325397491
FramaCExecutionTime,110.10803324502194
TotalExecutionTime,26472.76468809205
