InputGenerationTime,0.19099381403066218
ProfilingTime,32.82953741995152
SimulationTime,216.13630416803062
FramaCExecutionTime,148.47174196795095
TotalExecutionTime,3169.433936382062
