InputGenerationTime,0.07644303201232105
ProfilingTime,26.547522672990453
SimulationTime,17.434088551002787
FramaCExecutionTime,99.76022365198878
TotalExecutionTime,565.8359338919981
