InputGenerationTime,0.06782107497565448
ProfilingTime,20.02013508696109
SimulationTime,19.239349994109944
FramaCExecutionTime,91.11508935387246
TotalExecutionTime,1350.7488820811268
