InputGenerationTime,0.18249052000464872
ProfilingTime,23.526837797020562
SimulationTime,50.35031218599761
FramaCExecutionTime,95.15639482502593
TotalExecutionTime,5404.007201188011
