InputGenerationTime,0.328370483010076
ProfilingTime,34.597050659998786
SimulationTime,18.487340732011944
FramaCExecutionTime,125.33717997098574
TotalExecutionTime,465.42018434702186
