InputGenerationTime,0.12341600493527949
ProfilingTime,40.387653037090786
SimulationTime,47.26355712406803
FramaCExecutionTime,109.50403061194811
TotalExecutionTime,1133.6741705890745
