InputGenerationTime,0.13310052594169974
ProfilingTime,32.28117622702848
SimulationTime,26.334217943018302
FramaCExecutionTime,137.11517138092313
TotalExecutionTime,869.8537726840004
