InputGenerationTime,0.05124002699449193
ProfilingTime,34.54884201299865
SimulationTime,51.683669316000305
FramaCExecutionTime,104.36231635800505
TotalExecutionTime,5350.893364164003
