InputGenerationTime,0.29120918099943083
ProfilingTime,42.58949143800419
SimulationTime,281.7345900299988
FramaCExecutionTime,140.39637216499978
TotalExecutionTime,16681.456559796003
