InputGenerationTime,0.03625350189395249
ProfilingTime,28.460383023135364
SimulationTime,43.338128705043346
FramaCExecutionTime,93.29361514700577
TotalExecutionTime,2257.5887755679432
