InputGenerationTime,0.01746885300053691
ProfilingTime,10.048958180999762
SimulationTime,5.684533649000514
FramaCExecutionTime,39.659135420000894
TotalExecutionTime,642.7784067510001
