InputGenerationTime,0.17901038100171718
ProfilingTime,38.56517848899966
SimulationTime,19.44241051499921
FramaCExecutionTime,117.9092438819971
TotalExecutionTime,3714.403261047999
