InputGenerationTime,0.21752191695850343
ProfilingTime,25.496282236999832
SimulationTime,215.19690354401246
FramaCExecutionTime,113.90528678707778
TotalExecutionTime,8524.424433591077
