InputGenerationTime,0.2567060510045849
ProfilingTime,24.531546612000966
SimulationTime,106.37436337899999
FramaCExecutionTime,101.65106537199608
TotalExecutionTime,9752.112463639001
