InputGenerationTime,0.26157120897551067
ProfilingTime,29.434041841013823
SimulationTime,18.968780223018257
FramaCExecutionTime,121.93693389900727
TotalExecutionTime,1951.1779519970005
