InputGenerationTime,0.0675285549950786
ProfilingTime,25.793350997992093
SimulationTime,16.699105502004386
FramaCExecutionTime,100.22720573899278
TotalExecutionTime,1998.7420706569974
