InputGenerationTime,0.1260524740209803
ProfilingTime,24.87470951594878
SimulationTime,6.788457677001134
FramaCExecutionTime,94.21775655599777
TotalExecutionTime,7533.642130310007
