InputGenerationTime,0.23825610300991684
ProfilingTime,24.035232480964623
SimulationTime,244.77552208700217
FramaCExecutionTime,125.86535251897294
TotalExecutionTime,19763.611427732976
