InputGenerationTime,0.05978687900096702
ProfilingTime,11.89201343500099
SimulationTime,7.798454682999363
FramaCExecutionTime,49.88949812200008
TotalExecutionTime,647.5432363219988
