InputGenerationTime,0.15295539499493316
ProfilingTime,26.77227359400422
SimulationTime,20.298570840997854
FramaCExecutionTime,89.9493181259968
TotalExecutionTime,2141.7801953680028
