InputGenerationTime,0.19021941302344203
ProfilingTime,26.00788533099694
SimulationTime,9.797760758025106
FramaCExecutionTime,113.54233702400234
TotalExecutionTime,9513.031682464993
