InputGenerationTime,0.06233766500008642
ProfilingTime,14.33547756400003
SimulationTime,7.911826192999797
FramaCExecutionTime,47.2595315919998
TotalExecutionTime,1005.3460937049995
