InputGenerationTime,0.2893862620694563
ProfilingTime,24.93281631404534
SimulationTime,12.907530541997403
FramaCExecutionTime,117.19879986299202
TotalExecutionTime,1800.6326248260448
