InputGenerationTime,0.0675285549950786
ProfilingTime,25.954299431992695
SimulationTime,16.158117735001724
FramaCExecutionTime,100.22720573899278
TotalExecutionTime,1867.3371131249878
