InputGenerationTime,0.06782107497565448
ProfilingTime,20.142852424876764
SimulationTime,19.886670771986246
FramaCExecutionTime,91.11508935387246
TotalExecutionTime,1934.0114317249972
