InputGenerationTime,0.07921701300074346
ProfilingTime,39.39660107699456
SimulationTime,21.228043854993302
FramaCExecutionTime,105.26931427200907
TotalExecutionTime,3877.3822740669857
