InputGenerationTime,0.28366624703630805
ProfilingTime,21.93572705099359
SimulationTime,48.093046311987564
FramaCExecutionTime,115.50214947399218
TotalExecutionTime,462.4166953039821
