InputGenerationTime,0.26520692789927125
ProfilingTime,38.01662300503813
SimulationTime,18.102045850013383
FramaCExecutionTime,172.96581168298144
TotalExecutionTime,2203.6493190869223
