InputGenerationTime,0.2941565380024258
ProfilingTime,31.606411904009292
SimulationTime,17.747880932991393
FramaCExecutionTime,119.22128029901069
TotalExecutionTime,3353.219271496986
