InputGenerationTime,0.11737045999325346
ProfilingTime,44.077725732000545
SimulationTime,29.29655855000601
FramaCExecutionTime,130.64505490900774
TotalExecutionTime,5223.685188682997
