InputGenerationTime,0.2780745880008908
ProfilingTime,39.74849359699874
SimulationTime,33.527168307002285
FramaCExecutionTime,147.1211182670013
TotalExecutionTime,7915.081218321997
