InputGenerationTime,0.07747332500002813
ProfilingTime,38.99870186499902
SimulationTime,18.946042764990125
FramaCExecutionTime,107.59819377001259
TotalExecutionTime,742.9255312460009
