InputGenerationTime,0.2095904320012778
ProfilingTime,19.763342543970793
SimulationTime,8.609610151033849
FramaCExecutionTime,113.9620377930114
TotalExecutionTime,1932.034770246013
