InputGenerationTime,0.06233766500008642
ProfilingTime,12.47480323200034
SimulationTime,7.641911286000322
FramaCExecutionTime,47.2595315919998
TotalExecutionTime,791.712012302999
