InputGenerationTime,0.2893862620694563
ProfilingTime,21.202671170933172
SimulationTime,10.088759740930982
FramaCExecutionTime,117.19879986299202
TotalExecutionTime,1428.5804215109674
