InputGenerationTime,0.1036995750037022
ProfilingTime,39.33084343399969
SimulationTime,27.238749952011858
FramaCExecutionTime,128.76921959100582
TotalExecutionTime,8619.334143960004
