InputGenerationTime,0.07747332500002813
ProfilingTime,29.226323702998343
SimulationTime,19.649141100002453
FramaCExecutionTime,107.59819377001259
TotalExecutionTime,302.2357932820014
