InputGenerationTime,0.2567060510045849
ProfilingTime,23.662610603998473
SimulationTime,105.62532508699951
FramaCExecutionTime,101.65106537199608
TotalExecutionTime,9881.469907803003
