InputGenerationTime,0.27328697097254917
ProfilingTime,24.911215936997905
SimulationTime,15.500303065986373
FramaCExecutionTime,120.04880065802718
TotalExecutionTime,3330.639232739981
