InputGenerationTime,0.05989754600159358
ProfilingTime,23.475915147006162
SimulationTime,18.487839843000984
FramaCExecutionTime,101.61069593699358
TotalExecutionTime,3063.1463033609907
