InputGenerationTime,0.20294841800205177
ProfilingTime,37.35617469599674
SimulationTime,26.154710615999647
FramaCExecutionTime,122.89071526799671
TotalExecutionTime,2021.8410283739977
