InputGenerationTime,0.0990121210925281
ProfilingTime,40.77066313801333
SimulationTime,236.38975983997807
FramaCExecutionTime,107.4057569380384
TotalExecutionTime,5404.152582362993
