InputGenerationTime,0.13775036500010174
ProfilingTime,23.33240042399848
SimulationTime,106.37742023399915
FramaCExecutionTime,94.25399721999565
TotalExecutionTime,4230.385819807001
