InputGenerationTime,0.19099381403066218
ProfilingTime,36.41580091195647
SimulationTime,219.28468079399318
FramaCExecutionTime,148.47174196795095
TotalExecutionTime,3937.588118524989
