InputGenerationTime,0.0724836889994549
ProfilingTime,21.420042107999507
SimulationTime,216.12733082199975
FramaCExecutionTime,96.025370673
TotalExecutionTime,1276.3690273730008
