InputGenerationTime,0.3488004950049799
ProfilingTime,29.012027670018142
SimulationTime,25.80535749901901
FramaCExecutionTime,131.56218258899753
TotalExecutionTime,4788.548936729989
