InputGenerationTime,0.328370483010076
ProfilingTime,33.7748921669845
SimulationTime,17.474946397996973
FramaCExecutionTime,125.33717997098574
TotalExecutionTime,1033.8815471570124
