InputGenerationTime,0.06233766500008642
ProfilingTime,11.078095486000166
SimulationTime,6.564194656999462
FramaCExecutionTime,47.2595315919998
TotalExecutionTime,983.0962739849992
