InputGenerationTime,0.06825365099984992
ProfilingTime,24.754882154999905
SimulationTime,16.632495123999888
FramaCExecutionTime,96.30293493099998
TotalExecutionTime,1779.1169192200002
