InputGenerationTime,0.15557446299999356
ProfilingTime,37.49623814199913
SimulationTime,22.03898138600016
FramaCExecutionTime,114.42043770899954
TotalExecutionTime,3536.786193974
