InputGenerationTime,0.12260364304529503
ProfilingTime,24.35729617998004
SimulationTime,21.53327433700906
FramaCExecutionTime,105.3618222590303
TotalExecutionTime,3254.1300607110024
