InputGenerationTime,0.2554458619997604
ProfilingTime,27.38814852699943
SimulationTime,231.92554073700012
FramaCExecutionTime,133.5833892849987
TotalExecutionTime,22587.935958559003
