InputGenerationTime,0.5491699959966354
ProfilingTime,29.976925149996532
SimulationTime,16.30661016900558
FramaCExecutionTime,132.03446686899406
TotalExecutionTime,218.36209805100225
