InputGenerationTime,0.36768036500143353
ProfilingTime,58.60249149700394
SimulationTime,33.49680703099875
FramaCExecutionTime,132.18089018899627
TotalExecutionTime,1313.0259219759973
