InputGenerationTime,0.18836116197053343
ProfilingTime,26.299801820016
SimulationTime,22.58399366994854
FramaCExecutionTime,111.69122295401758
TotalExecutionTime,817.1735155589995
