InputGenerationTime,0.05632666900055483
ProfilingTime,31.68521358599537
SimulationTime,21.209332847007317
FramaCExecutionTime,103.49272005399689
TotalExecutionTime,2529.3590169020026
