InputGenerationTime,0.06782107497565448
ProfilingTime,20.01214959193021
SimulationTime,20.074535263935104
FramaCExecutionTime,91.11508935387246
TotalExecutionTime,1739.3974882790353
