InputGenerationTime,0.2538465560064651
ProfilingTime,42.38188394899771
SimulationTime,266.95949762300006
FramaCExecutionTime,147.2809260690119
TotalExecutionTime,23010.906219408003
