InputGenerationTime,0.2623665229184553
ProfilingTime,20.279331855941564
SimulationTime,8.412006690981798
FramaCExecutionTime,115.6550668469863
TotalExecutionTime,902.5714318660321
