InputGenerationTime,0.04155284100124845
ProfilingTime,24.4745081559995
SimulationTime,13.028873268998723
FramaCExecutionTime,96.29844691299877
TotalExecutionTime,1543.656176792003
