InputGenerationTime,0.19015604798914865
ProfilingTime,25.98798891704064
SimulationTime,13.635680723004043
FramaCExecutionTime,110.16134787397459
TotalExecutionTime,771.7155697600101
