InputGenerationTime,0.20753930194769055
ProfilingTime,19.03296154900454
SimulationTime,217.99093241500668
FramaCExecutionTime,108.56039979495108
TotalExecutionTime,7351.978994891979
