InputGenerationTime,0.27974674600409344
ProfilingTime,25.981705819955096
SimulationTime,19.504047847993206
FramaCExecutionTime,116.81609825900523
TotalExecutionTime,3574.6365268719965
