InputGenerationTime,0.328370483010076
ProfilingTime,34.89142533700215
SimulationTime,20.14958475099411
FramaCExecutionTime,125.33717997098574
TotalExecutionTime,982.1249249450048
