InputGenerationTime,0.2155678939889185
ProfilingTime,21.551377785974182
SimulationTime,12.232117639039643
FramaCExecutionTime,117.01473909697961
TotalExecutionTime,1835.898256335
