InputGenerationTime,0.29120918099943083
ProfilingTime,55.142384813996614
SimulationTime,293.7284891809977
FramaCExecutionTime,140.39637216499978
TotalExecutionTime,19299.769168907995
