InputGenerationTime,0.3489217610040214
ProfilingTime,24.928832889003388
SimulationTime,22.24923392900382
FramaCExecutionTime,101.74599396999838
TotalExecutionTime,2236.257508801995
