InputGenerationTime,0.2567060510045849
ProfilingTime,28.72060177700041
SimulationTime,113.35505741200177
FramaCExecutionTime,101.65106537199608
TotalExecutionTime,11113.839511468002
