InputGenerationTime,0.07230846700258553
ProfilingTime,23.40144180203788
SimulationTime,230.50169232097687
FramaCExecutionTime,106.69600580900442
TotalExecutionTime,23428.51575491001
