InputGenerationTime,0.20753930194769055
ProfilingTime,20.133091877098195
SimulationTime,9.922235597041436
FramaCExecutionTime,108.56039979495108
TotalExecutionTime,9522.82918859995
