InputGenerationTime,0.5491699959966354
ProfilingTime,28.456422407994978
SimulationTime,15.727620626013959
FramaCExecutionTime,132.03446686899406
TotalExecutionTime,1194.184572255006
