InputGenerationTime,0.07863106299191713
ProfilingTime,28.630316900031175
SimulationTime,17.48482154001249
FramaCExecutionTime,106.38991733599687
TotalExecutionTime,4161.924187636003
