InputGenerationTime,0.3203130920010153
ProfilingTime,30.143664467002964
SimulationTime,22.60742285201559
FramaCExecutionTime,125.05516551900655
TotalExecutionTime,907.1249458619859
