InputGenerationTime,0.36768036500143353
ProfilingTime,50.07548210799723
SimulationTime,32.99509980199946
FramaCExecutionTime,132.18089018899627
TotalExecutionTime,624.4891549509994
