InputGenerationTime,0.15295539499493316
ProfilingTime,27.87471927000297
SimulationTime,20.054775620999862
FramaCExecutionTime,89.9493181259968
TotalExecutionTime,2232.1606762910014
