InputGenerationTime,0.04561591404490173
ProfilingTime,19.492679638089612
SimulationTime,10.115395054919645
FramaCExecutionTime,88.03226714697666
TotalExecutionTime,531.0031101969071
