InputGenerationTime,0.5125337750068866
ProfilingTime,30.275486270023976
SimulationTime,16.777037132997066
FramaCExecutionTime,149.69917792000342
TotalExecutionTime,4189.5246311550145
