InputGenerationTime,0.10224440705496818
ProfilingTime,23.40046118304599
SimulationTime,19.28412729804404
FramaCExecutionTime,96.26200270303525
TotalExecutionTime,322.6599633030128
