InputGenerationTime,0.3487831080565229
ProfilingTime,24.652388772927225
SimulationTime,18.282681777025573
FramaCExecutionTime,124.48829469003249
TotalExecutionTime,507.275040710927
