InputGenerationTime,0.11488254508003592
ProfilingTime,30.41526832501404
SimulationTime,26.220071632997133
FramaCExecutionTime,134.28010943497065
TotalExecutionTime,1761.158866383019
