InputGenerationTime,0.13775036500010174
ProfilingTime,23.898001360998023
SimulationTime,108.01255993099767
FramaCExecutionTime,94.25399721999565
TotalExecutionTime,3825.7319901480005
