InputGenerationTime,0.1907245700713247
ProfilingTime,18.76643553597387
SimulationTime,522.0405230680481
FramaCExecutionTime,107.36546195601113
TotalExecutionTime,2173.194122566958
