InputGenerationTime,0.12341600493527949
ProfilingTime,39.25931201502681
SimulationTime,45.90691329096444
FramaCExecutionTime,109.50403061194811
TotalExecutionTime,551.5165446420433
