InputGenerationTime,0.19021941302344203
ProfilingTime,21.88619272300275
SimulationTime,211.19156925595598
FramaCExecutionTime,113.54233702400234
TotalExecutionTime,10230.090850371984
