InputGenerationTime,0.04487435601186007
ProfilingTime,19.00904487108346
SimulationTime,8.27521632204298
FramaCExecutionTime,89.0224654530175
TotalExecutionTime,876.9492463259958
