InputGenerationTime,0.23825610300991684
ProfilingTime,25.596553325012792
SimulationTime,243.97296206699684
FramaCExecutionTime,125.86535251897294
TotalExecutionTime,23860.770005229977
