InputGenerationTime,0.22577400295995176
ProfilingTime,18.79413348401431
SimulationTime,40.183057084912434
FramaCExecutionTime,109.5923128289869
TotalExecutionTime,1480.326704540057
