InputGenerationTime,0.16970555897569284
ProfilingTime,33.54753802798223
SimulationTime,763.5813472190057
FramaCExecutionTime,116.65334182599327
TotalExecutionTime,6765.881366426009
