InputGenerationTime,0.06617910400382243
ProfilingTime,32.010751558002084
SimulationTime,13.766519490993232
FramaCExecutionTime,105.83214284598944
TotalExecutionTime,2858.5543563379906
