InputGenerationTime,0.1973126189550385
ProfilingTime,52.744733690982684
SimulationTime,69.03633669001283
FramaCExecutionTime,110.4989025190007
TotalExecutionTime,1271.7238700549933
