InputGenerationTime,0.22495511300076032
ProfilingTime,25.76262649900309
SimulationTime,233.84964680700068
FramaCExecutionTime,129.21610248100114
TotalExecutionTime,13232.28447229
