InputGenerationTime,0.06559167301747948
ProfilingTime,25.482568337989505
SimulationTime,11.941569107002579
FramaCExecutionTime,104.80555936798919
TotalExecutionTime,1102.521984788007
