InputGenerationTime,0.1586757400073111
ProfilingTime,48.047810650023166
SimulationTime,90.90707768098218
FramaCExecutionTime,113.80346785899019
TotalExecutionTime,2742.0449907199945
