InputGenerationTime,0.17561334901256487
ProfilingTime,29.908675409009447
SimulationTime,65.4238647739985
FramaCExecutionTime,126.73664757199003
TotalExecutionTime,9471.742375186004
