InputGenerationTime,0.22147605799546
ProfilingTime,39.512590664002346
SimulationTime,26.83912798500387
FramaCExecutionTime,139.0204824370012
TotalExecutionTime,4112.343766790997
