InputGenerationTime,0.1973126189550385
ProfilingTime,55.48427921696566
SimulationTime,56.32816505001392
FramaCExecutionTime,110.4989025190007
TotalExecutionTime,1495.2587222589646
