InputGenerationTime,0.07834984001237899
ProfilingTime,28.37194649002049
SimulationTime,17.988257518038154
FramaCExecutionTime,108.21301396400668
TotalExecutionTime,789.5121855980251
