InputGenerationTime,0.2450625509954989
ProfilingTime,25.321049997990485
SimulationTime,18.055397449003067
FramaCExecutionTime,119.58020104799652
TotalExecutionTime,1427.6496775700361
