InputGenerationTime,0.23825610300991684
ProfilingTime,25.00668665894773
SimulationTime,245.63550333003514
FramaCExecutionTime,125.86535251897294
TotalExecutionTime,23324.45617551898
