InputGenerationTime,0.23457185400184244
ProfilingTime,25.050727722002193
SimulationTime,49.81208672502544
FramaCExecutionTime,100.63616595900385
TotalExecutionTime,3869.1145429530297
