InputGenerationTime,0.04619556199759245
ProfilingTime,24.24324014701415
SimulationTime,234.96174588700524
FramaCExecutionTime,102.9426576619735
TotalExecutionTime,6476.162099176028
