InputGenerationTime,0.2384402189636603
ProfilingTime,31.44813167094253
SimulationTime,70.07211993902456
FramaCExecutionTime,151.8234170480864
TotalExecutionTime,354.0677257409552
