InputGenerationTime,0.18582355696707964
ProfilingTime,21.78752618195722
SimulationTime,12.523805675038602
FramaCExecutionTime,131.82039032201283
TotalExecutionTime,2418.2171947339666
