InputGenerationTime,0.5458302329934668
ProfilingTime,31.173714497999754
SimulationTime,23.078188216983108
FramaCExecutionTime,135.8646732600173
TotalExecutionTime,3470.7558066100173
