InputGenerationTime,0.131118303979747
ProfilingTime,40.450265584047884
SimulationTime,997.077710187994
FramaCExecutionTime,108.81593526701909
TotalExecutionTime,13485.677583386074
