InputGenerationTime,0.13775036500010174
ProfilingTime,24.361846168001648
SimulationTime,105.10548592599662
FramaCExecutionTime,94.25399721999565
TotalExecutionTime,4776.917651222
