InputGenerationTime,0.06673876900458708
ProfilingTime,28.83452898298856
SimulationTime,16.131832837010734
FramaCExecutionTime,105.7249488600064
TotalExecutionTime,1507.3353953810292
