InputGenerationTime,0.01746885300053691
ProfilingTime,10.245439754999097
SimulationTime,6.060775953999837
FramaCExecutionTime,39.659135420000894
TotalExecutionTime,627.0415208169998
