InputGenerationTime,0.20462099200085504
ProfilingTime,24.784901547001937
SimulationTime,20.96732300199801
FramaCExecutionTime,119.80521449099979
TotalExecutionTime,2456.4762818630006
