InputGenerationTime,0.0801443759992253
ProfilingTime,22.495693819000735
SimulationTime,11.356452339008683
FramaCExecutionTime,100.1416515919991
TotalExecutionTime,2306.6110723819875
