InputGenerationTime,0.328370483010076
ProfilingTime,33.15163659999962
SimulationTime,14.23562951097847
FramaCExecutionTime,125.33717997098574
TotalExecutionTime,260.44803009100724
