InputGenerationTime,0.05989754600159358
ProfilingTime,21.336939689994324
SimulationTime,18.002992825000547
FramaCExecutionTime,101.61069593699358
TotalExecutionTime,2261.620649056
