InputGenerationTime,0.23208729503676295
ProfilingTime,23.2928788390127
SimulationTime,156.4795882749604
FramaCExecutionTime,100.15079668501858
TotalExecutionTime,2482.2888801029767
