InputGenerationTime,0.27328697097254917
ProfilingTime,20.831990565988235
SimulationTime,12.936473494046368
FramaCExecutionTime,120.04880065802718
TotalExecutionTime,3250.763748569996
