InputGenerationTime,0.05974107002839446
ProfilingTime,30.79980816412717
SimulationTime,12.836003118893132
FramaCExecutionTime,94.46663717599586
TotalExecutionTime,824.474280507071
