InputGenerationTime,0.22179850202519447
ProfilingTime,31.45688331697602
SimulationTime,58.955973302945495
FramaCExecutionTime,150.7494653709
TotalExecutionTime,4836.021823195973
