InputGenerationTime,0.23208729503676295
ProfilingTime,23.55636492097983
SimulationTime,70.06325442099478
FramaCExecutionTime,100.15079668501858
TotalExecutionTime,475.16491416702047
