InputGenerationTime,0.0652667719987221
ProfilingTime,27.046021179005038
SimulationTime,21.25926931196591
FramaCExecutionTime,107.56037442997331
TotalExecutionTime,3864.1697350070463
