InputGenerationTime,0.02880856700357981
ProfilingTime,23.553734305001853
SimulationTime,16.658268031998887
FramaCExecutionTime,49.60165912899538
TotalExecutionTime,1296.4609392839993
