InputGenerationTime,0.18418349499552278
ProfilingTime,42.46760904000257
SimulationTime,259.4379370480019
FramaCExecutionTime,134.15536504299962
TotalExecutionTime,7814.122044787
