InputGenerationTime,0.01746885300053691
ProfilingTime,9.209159732999979
SimulationTime,6.227957314000378
FramaCExecutionTime,39.659135420000894
TotalExecutionTime,466.6335997749993
