InputGenerationTime,0.17561334901256487
ProfilingTime,29.191531616990687
SimulationTime,33.731284077017335
FramaCExecutionTime,126.73664757199003
TotalExecutionTime,9316.16011474299
