InputGenerationTime,0.24693168800149579
ProfilingTime,43.257541066996055
SimulationTime,47.9072745720041
FramaCExecutionTime,135.26416748500196
TotalExecutionTime,2275.1557797380083
