InputGenerationTime,0.06673876900458708
ProfilingTime,29.49954822001746
SimulationTime,15.878972698003054
FramaCExecutionTime,105.7249488600064
TotalExecutionTime,1733.1057801630232
