InputGenerationTime,0.21990838996134698
ProfilingTime,20.614712961018085
SimulationTime,9.241057419916615
FramaCExecutionTime,108.54226218396798
TotalExecutionTime,562.9401623330778
