InputGenerationTime,0.2333431259903591
ProfilingTime,33.294124823994935
SimulationTime,21.625745256984374
FramaCExecutionTime,126.27864418100216
TotalExecutionTime,2547.8626626199984
