InputGenerationTime,0.18929134996142238
ProfilingTime,21.903520496969577
SimulationTime,212.9144557850086
FramaCExecutionTime,116.21079802402528
TotalExecutionTime,20939.321550183988
