InputGenerationTime,0.2171286300290376
ProfilingTime,22.961319125024602
SimulationTime,211.98611399310175
FramaCExecutionTime,112.72816676006187
TotalExecutionTime,9385.978121452034
