InputGenerationTime,0.5576207120029721
ProfilingTime,34.510760823002784
SimulationTime,22.69540829397738
FramaCExecutionTime,137.8231833819882
TotalExecutionTime,1712.9434878549946
