InputGenerationTime,0.17901038100171718
ProfilingTime,34.46499240299818
SimulationTime,16.608360933998483
FramaCExecutionTime,117.9092438819971
TotalExecutionTime,3143.1064610370013
