InputGenerationTime,0.2550414989818819
ProfilingTime,22.15447110304376
SimulationTime,12.304910037026275
FramaCExecutionTime,119.64459108404117
TotalExecutionTime,2194.5630902379635
