InputGenerationTime,0.13310052594169974
ProfilingTime,31.00517109897919
SimulationTime,25.3212973929476
FramaCExecutionTime,137.11517138092313
TotalExecutionTime,249.17788909503724
