InputGenerationTime,0.21990838996134698
ProfilingTime,19.34972346003633
SimulationTime,8.508764412021264
FramaCExecutionTime,108.54226218396798
TotalExecutionTime,707.5527289130259
