InputGenerationTime,0.0851615320007113
ProfilingTime,10.601829084000201
SimulationTime,6.498434727000131
FramaCExecutionTime,48.46413284600021
TotalExecutionTime,454.91774050099957
