InputGenerationTime,0.05974107002839446
ProfilingTime,27.061777936061844
SimulationTime,10.454000753117725
FramaCExecutionTime,94.46663717599586
TotalExecutionTime,568.097778373165
