InputGenerationTime,0.2518795130017679
ProfilingTime,36.51164565901854
SimulationTime,19.989311092009302
FramaCExecutionTime,128.72929689101875
TotalExecutionTime,1759.1198983350187
