InputGenerationTime,0.29270844598067924
ProfilingTime,29.661943309998605
SimulationTime,143.66061448701657
FramaCExecutionTime,116.0746045949927
TotalExecutionTime,1510.49558643598
