InputGenerationTime,0.21752191695850343
ProfilingTime,29.534874623990618
SimulationTime,217.95115424902178
FramaCExecutionTime,113.90528678707778
TotalExecutionTime,9248.191049233079
