InputGenerationTime,0.11390176499844529
ProfilingTime,36.76819769500071
SimulationTime,23.36516508600107
FramaCExecutionTime,109.5342480060026
TotalExecutionTime,3317.5790762979996
