InputGenerationTime,0.0626839460019255
ProfilingTime,34.092613740998786
SimulationTime,22.967828083012137
FramaCExecutionTime,104.38985318000778
TotalExecutionTime,4671.255159698994
