InputGenerationTime,0.21752191695850343
ProfilingTime,24.87293855799362
SimulationTime,216.01021510199644
FramaCExecutionTime,113.90528678707778
TotalExecutionTime,10008.589299121988
