InputGenerationTime,0.08780276495963335
ProfilingTime,21.92600904998835
SimulationTime,109.1205748290522
FramaCExecutionTime,97.10535426600836
TotalExecutionTime,2606.0795783840586
