InputGenerationTime,0.08813246099816752
ProfilingTime,36.02165610500015
SimulationTime,21.994575616001384
FramaCExecutionTime,108.73251284900107
TotalExecutionTime,563.8997984130001
