InputGenerationTime,0.06933283800026402
ProfilingTime,27.16020461503649
SimulationTime,18.519933859992307
FramaCExecutionTime,104.76876791298855
TotalExecutionTime,3033.675648685952
