InputGenerationTime,0.2014430370181799
ProfilingTime,25.777317223954014
SimulationTime,17.182586545997765
FramaCExecutionTime,128.44977176899556
TotalExecutionTime,2012.7852773899795
