InputGenerationTime,0.06933283800026402
ProfilingTime,26.857933884020895
SimulationTime,18.62488152901642
FramaCExecutionTime,104.76876791298855
TotalExecutionTime,3079.310782200948
