InputGenerationTime,0.2014430370181799
ProfilingTime,25.3118287770194
SimulationTime,17.247462076018564
FramaCExecutionTime,128.44977176899556
TotalExecutionTime,1833.121854742989
