InputGenerationTime,0.2978791029963759
ProfilingTime,29.922317636002845
SimulationTime,23.495901721005794
FramaCExecutionTime,94.0850575910008
TotalExecutionTime,1137.3642762279997
