InputGenerationTime,0.05441822297871113
ProfilingTime,26.94197062891908
SimulationTime,218.03780355514027
FramaCExecutionTime,93.7210614560172
TotalExecutionTime,4796.121551675955
