InputGenerationTime,0.2450625509954989
ProfilingTime,27.187810353003442
SimulationTime,21.55321963201277
FramaCExecutionTime,119.58020104799652
TotalExecutionTime,1756.3041497769882
