InputGenerationTime,0.03560964995995164
ProfilingTime,19.3171155230375
SimulationTime,32.68001443997491
FramaCExecutionTime,89.09152986505069
TotalExecutionTime,1434.912729816977
