InputGenerationTime,0.2754530660167802
ProfilingTime,25.61467814000207
SimulationTime,14.722650858020643
FramaCExecutionTime,142.3172453920124
TotalExecutionTime,4062.8415837280045
