InputGenerationTime,0.0724836889994549
ProfilingTime,22.300589504000527
SimulationTime,214.73045792499943
FramaCExecutionTime,96.025370673
TotalExecutionTime,5100.893566423
