InputGenerationTime,0.11109681602101773
ProfilingTime,20.346866076928563
SimulationTime,44.35563776199706
FramaCExecutionTime,95.02735664101783
TotalExecutionTime,4615.696817090036
