InputGenerationTime,0.08637258899398148
ProfilingTime,28.653070504020434
SimulationTime,15.16640141303651
FramaCExecutionTime,104.87469518801663
TotalExecutionTime,3192.5593062930275
