InputGenerationTime,0.2035223109414801
ProfilingTime,20.40985682804603
SimulationTime,743.3542281719856
FramaCExecutionTime,108.50297766900621
TotalExecutionTime,24346.404750367044
