InputGenerationTime,0.03647145791910589
ProfilingTime,19.40606982598547
SimulationTime,211.2857706650393
FramaCExecutionTime,90.35240423900541
TotalExecutionTime,4505.137751859962
