InputGenerationTime,0.3343403210164979
ProfilingTime,19.62671300699003
SimulationTime,8.541048967046663
FramaCExecutionTime,124.28450092894491
TotalExecutionTime,887.2998271520482
