InputGenerationTime,0.1727162059978582
ProfilingTime,23.5129406460037
SimulationTime,80.39194724400295
FramaCExecutionTime,121.51857166702393
TotalExecutionTime,3790.190294800006
