InputGenerationTime,0.08614854200277478
ProfilingTime,25.131753128021955
SimulationTime,14.43913687899476
FramaCExecutionTime,108.25941041699843
TotalExecutionTime,3534.835502391041
