InputGenerationTime,0.07569622099981643
ProfilingTime,13.431012215999544
SimulationTime,7.0563402459993085
FramaCExecutionTime,48.96770703600032
TotalExecutionTime,276.6364515469995
