InputGenerationTime,0.03244398299830209
ProfilingTime,20.88391572599903
SimulationTime,214.91283844999998
FramaCExecutionTime,92.58095922599932
TotalExecutionTime,9448.71287417
