InputGenerationTime,0.05441822297871113
ProfilingTime,28.588933343067765
SimulationTime,219.35441684303805
FramaCExecutionTime,93.7210614560172
TotalExecutionTime,1766.559552009916
