InputGenerationTime,0.06595401199956541
ProfilingTime,19.288890189000085
SimulationTime,10.66371004299981
FramaCExecutionTime,58.418587621999905
TotalExecutionTime,1344.1893681130005
