InputGenerationTime,0.26520692789927125
ProfilingTime,35.42911122995429
SimulationTime,17.276654368964955
FramaCExecutionTime,172.96581168298144
TotalExecutionTime,2744.7562587539433
