InputGenerationTime,0.08614854200277478
ProfilingTime,27.602374614973087
SimulationTime,18.754202654003166
FramaCExecutionTime,108.25941041699843
TotalExecutionTime,3936.7626952560386
