InputGenerationTime,0.36768036500143353
ProfilingTime,40.405889672998455
SimulationTime,26.026249373004248
FramaCExecutionTime,132.18089018899627
TotalExecutionTime,1135.683030979002
