InputGenerationTime,0.06233766500008642
ProfilingTime,29.96598319899931
SimulationTime,8.013080290000289
FramaCExecutionTime,47.2595315919998
TotalExecutionTime,829.6941544030005
