InputGenerationTime,0.08321001699914632
ProfilingTime,39.09405497899934
SimulationTime,112.95239385700006
FramaCExecutionTime,108.04663024299953
TotalExecutionTime,6063.840653896999
