InputGenerationTime,0.33293280099951517
ProfilingTime,26.346378191999975
SimulationTime,20.04046594800002
FramaCExecutionTime,130.06025948600018
TotalExecutionTime,4101.380013635
