InputGenerationTime,0.06989308199990774
ProfilingTime,23.477155942004174
SimulationTime,14.851689463001094
FramaCExecutionTime,94.03919311700156
TotalExecutionTime,1517.3257680399984
