InputGenerationTime,0.27328697097254917
ProfilingTime,21.9221770419972
SimulationTime,12.298489976034034
FramaCExecutionTime,120.04880065802718
TotalExecutionTime,3140.146345125977
