InputGenerationTime,0.07747332500002813
ProfilingTime,29.755359804999898
SimulationTime,17.44409421099408
FramaCExecutionTime,107.59819377001259
TotalExecutionTime,1333.2952613140078
