InputGenerationTime,0.06306902691721916
ProfilingTime,20.28093628003262
SimulationTime,10.714371260022745
FramaCExecutionTime,93.3677042729687
TotalExecutionTime,1382.801657927921
