InputGenerationTime,0.0851615320007113
ProfilingTime,11.202418816999852
SimulationTime,7.963693342000624
FramaCExecutionTime,48.46413284600021
TotalExecutionTime,160.68645169999945
