InputGenerationTime,0.2563665369998489
ProfilingTime,24.37440972499826
SimulationTime,232.67465321799864
FramaCExecutionTime,119.80670238400126
TotalExecutionTime,6293.491771042
