InputGenerationTime,0.04533246399660129
ProfilingTime,36.65963536599884
SimulationTime,237.05861693700717
FramaCExecutionTime,102.04172662799829
TotalExecutionTime,17626.685756852006
