InputGenerationTime,0.06429028999991715
ProfilingTime,28.723556871991605
SimulationTime,13.270541000994854
FramaCExecutionTime,107.19028882699786
TotalExecutionTime,230.8975091270404
