InputGenerationTime,0.0801443759992253
ProfilingTime,25.72351843600336
SimulationTime,12.318002704996616
FramaCExecutionTime,100.1416515919991
TotalExecutionTime,3123.857973181992
