InputGenerationTime,0.2014430370181799
ProfilingTime,21.579490242002066
SimulationTime,17.28572373103816
FramaCExecutionTime,128.44977176899556
TotalExecutionTime,2094.4237736620125
