InputGenerationTime,0.02432121099991491
ProfilingTime,9.771254094999676
SimulationTime,6.995475257999715
FramaCExecutionTime,41.77757867699984
TotalExecutionTime,331.47694527599924
