InputGenerationTime,0.254091541050002
ProfilingTime,29.79093441402074
SimulationTime,14.329653603956103
FramaCExecutionTime,138.49859954905696
TotalExecutionTime,385.89733807800803
