InputGenerationTime,0.06748960799995984
ProfilingTime,13.212745938999433
SimulationTime,7.384864653000477
FramaCExecutionTime,45.455020551000416
TotalExecutionTime,160.56519496999863
