InputGenerationTime,0.2328068589558825
ProfilingTime,38.14236087305471
SimulationTime,16.675517610041425
FramaCExecutionTime,120.70834039303008
TotalExecutionTime,692.2584933139151
