InputGenerationTime,0.0851615320007113
ProfilingTime,13.338714758998321
SimulationTime,9.076562184000068
FramaCExecutionTime,48.46413284600021
TotalExecutionTime,417.77053736199923
