InputGenerationTime,0.2937192200042773
ProfilingTime,31.78284157899907
SimulationTime,19.516961342975264
FramaCExecutionTime,131.4051270929922
TotalExecutionTime,3630.6883540650015
