InputGenerationTime,0.28366624703630805
ProfilingTime,26.425035858992487
SimulationTime,54.144300332991406
FramaCExecutionTime,115.50214947399218
TotalExecutionTime,1488.088289927924
