InputGenerationTime,0.23642875702353194
ProfilingTime,47.91594204399735
SimulationTime,189.29600775195286
FramaCExecutionTime,115.11188443098217
TotalExecutionTime,8535.104896314966
