InputGenerationTime,0.0724836889994549
ProfilingTime,20.120613721000154
SimulationTime,215.68266011499963
FramaCExecutionTime,96.025370673
TotalExecutionTime,1038.7640198240006
