InputGenerationTime,0.05552351800724864
ProfilingTime,34.406346668998594
SimulationTime,229.5814911609923
FramaCExecutionTime,105.23009136799374
TotalExecutionTime,21749.220161299992
