InputGenerationTime,0.0801443759992253
ProfilingTime,27.681525029009208
SimulationTime,13.717555301001994
FramaCExecutionTime,100.1416515919991
TotalExecutionTime,3165.365668526996
