InputGenerationTime,0.24733186499997828
ProfilingTime,26.41108715700011
SimulationTime,17.442514173999825
FramaCExecutionTime,124.64607925199971
TotalExecutionTime,2829.197768033
