InputGenerationTime,0.145248580025509
ProfilingTime,51.21534881199477
SimulationTime,95.83274653897388
FramaCExecutionTime,108.04990905203158
TotalExecutionTime,11752.613240115985
