InputGenerationTime,0.5126059039903339
ProfilingTime,34.25444547200459
SimulationTime,19.892633965006098
FramaCExecutionTime,134.92843663701206
TotalExecutionTime,2518.1328593940125
