InputGenerationTime,0.06472448515705764
ProfilingTime,19.63029457279481
SimulationTime,10.09502851497382
FramaCExecutionTime,89.01774519495666
TotalExecutionTime,4036.2920145010576
