InputGenerationTime,0.06429028999991715
ProfilingTime,28.904501367011108
SimulationTime,16.641178116959054
FramaCExecutionTime,107.19028882699786
TotalExecutionTime,640.0791002740152
