InputGenerationTime,0.1586757400073111
ProfilingTime,41.01024311600486
SimulationTime,99.28677105798852
FramaCExecutionTime,113.80346785899019
TotalExecutionTime,1152.8495233620051
