InputGenerationTime,0.05989754600159358
ProfilingTime,27.621245004993398
SimulationTime,18.050984216999495
FramaCExecutionTime,101.61069593699358
TotalExecutionTime,3021.094394025
