InputGenerationTime,0.2333431259903591
ProfilingTime,34.172345479018986
SimulationTime,21.324957231001463
FramaCExecutionTime,126.27864418100216
TotalExecutionTime,1643.407608574984
