InputGenerationTime,0.0675285549950786
ProfilingTime,26.991928238989203
SimulationTime,13.269204475000151
FramaCExecutionTime,100.22720573899278
TotalExecutionTime,1780.639521375997
