InputGenerationTime,0.1586757400073111
ProfilingTime,45.5075540060061
SimulationTime,139.42910167801892
FramaCExecutionTime,113.80346785899019
TotalExecutionTime,3534.4209968150244
