InputGenerationTime,0.06595401199956541
ProfilingTime,19.05299385699982
SimulationTime,9.761379978999685
FramaCExecutionTime,58.418587621999905
TotalExecutionTime,880.7220728299999
