InputGenerationTime,0.30700588898616843
ProfilingTime,28.837069417000748
SimulationTime,18.408163860003697
FramaCExecutionTime,126.14888849700219
TotalExecutionTime,4018.3544107640046
