InputGenerationTime,0.1907245700713247
ProfilingTime,20.217876557959244
SimulationTime,512.8462797439424
FramaCExecutionTime,107.36546195601113
TotalExecutionTime,9304.97635116498
