InputGenerationTime,0.04561591404490173
ProfilingTime,19.22784672281705
SimulationTime,8.665311183780432
FramaCExecutionTime,88.03226714697666
TotalExecutionTime,391.55753219895996
