InputGenerationTime,0.22197016500285827
ProfilingTime,29.281521848999546
SimulationTime,20.839732584994636
FramaCExecutionTime,102.733615930003
TotalExecutionTime,4149.3194176359975
