InputGenerationTime,0.08807973000511993
ProfilingTime,36.66232910800318
SimulationTime,27.59639965899987
FramaCExecutionTime,104.4215551840025
TotalExecutionTime,1024.9739077720005
