InputGenerationTime,0.24126282497309148
ProfilingTime,19.254743925994262
SimulationTime,217.9128706350457
FramaCExecutionTime,107.74387342808768
TotalExecutionTime,3423.502304269932
