InputGenerationTime,0.2567060510045849
ProfilingTime,22.574948408997443
SimulationTime,105.55443281299813
FramaCExecutionTime,101.65106537199608
TotalExecutionTime,9486.982875522
