InputGenerationTime,0.2171286300290376
ProfilingTime,21.357323831063695
SimulationTime,212.3636780270608
FramaCExecutionTime,112.72816676006187
TotalExecutionTime,8216.271134737995
