InputGenerationTime,0.03794739185832441
ProfilingTime,22.4602425431367
SimulationTime,12.93054637988098
FramaCExecutionTime,90.95548496907577
TotalExecutionTime,642.1081418630201
