InputGenerationTime,0.254091541050002
ProfilingTime,28.1380622680299
SimulationTime,11.88224598299712
FramaCExecutionTime,138.49859954905696
TotalExecutionTime,472.82917583198287
