InputGenerationTime,0.23208729503676295
ProfilingTime,24.659640953002963
SimulationTime,86.50605093798367
FramaCExecutionTime,100.15079668501858
TotalExecutionTime,1467.2196376950014
