InputGenerationTime,0.06134531200223137
ProfilingTime,34.08512335200794
SimulationTime,19.11132218700368
FramaCExecutionTime,105.47228164300031
TotalExecutionTime,1784.527718612997
