InputGenerationTime,0.2014430370181799
ProfilingTime,25.757868726970628
SimulationTime,18.16902182501508
FramaCExecutionTime,128.44977176899556
TotalExecutionTime,1485.2517850489821
