InputGenerationTime,0.17436641099993722
ProfilingTime,40.45130252200033
SimulationTime,116.12607612300053
FramaCExecutionTime,111.46580506899954
TotalExecutionTime,2495.864491385999
