InputGenerationTime,0.28151840600185096
ProfilingTime,26.039824823033996
SimulationTime,18.53342482302105
FramaCExecutionTime,123.84468328399817
TotalExecutionTime,3751.8601851779968
