InputGenerationTime,0.3234236310236156
ProfilingTime,25.37656888202764
SimulationTime,243.9297071209876
FramaCExecutionTime,118.84747565101134
TotalExecutionTime,3914.0532536779647
