InputGenerationTime,0.20753930194769055
ProfilingTime,19.679344919044524
SimulationTime,217.36932633805554
FramaCExecutionTime,108.56039979495108
TotalExecutionTime,9759.93684911402
