InputGenerationTime,0.21990838996134698
ProfilingTime,21.105273691006005
SimulationTime,8.849921704968438
FramaCExecutionTime,108.54226218396798
TotalExecutionTime,737.5810601509875
