InputGenerationTime,0.0851615320007113
ProfilingTime,10.888739120000537
SimulationTime,7.570591698999124
FramaCExecutionTime,48.46413284600021
TotalExecutionTime,473.37995924999996
