InputGenerationTime,0.04915673100913409
ProfilingTime,39.56539204499859
SimulationTime,18.221701510003186
FramaCExecutionTime,104.74350526298804
TotalExecutionTime,696.6726496920019
