InputGenerationTime,0.08888787199975923
ProfilingTime,31.708872104005422
SimulationTime,17.303246923009283
FramaCExecutionTime,102.41301443899283
TotalExecutionTime,254.64725934399758
