InputGenerationTime,0.0851615320007113
ProfilingTime,10.75602303300002
SimulationTime,7.700949062000291
FramaCExecutionTime,48.46413284600021
TotalExecutionTime,85.81888422199881
