InputGenerationTime,0.2650788240007387
ProfilingTime,37.31180667700028
SimulationTime,113.80412219000027
FramaCExecutionTime,114.57576221599993
TotalExecutionTime,7977.075481709
