InputGenerationTime,0.3488004950049799
ProfilingTime,28.08807459799573
SimulationTime,23.71111960700364
FramaCExecutionTime,131.56218258899753
TotalExecutionTime,5660.3582488870015
