InputGenerationTime,0.05791807700006757
ProfilingTime,33.31306236000091
SimulationTime,14.425348403005046
FramaCExecutionTime,106.56665147199237
TotalExecutionTime,1602.3287682949885
