InputGenerationTime,0.08119252510368824
ProfilingTime,33.497335402993485
SimulationTime,27.194517172058113
FramaCExecutionTime,113.96024039201438
TotalExecutionTime,2428.3322392289992
