InputGenerationTime,0.06782107497565448
ProfilingTime,19.944092116085812
SimulationTime,19.16581982304342
FramaCExecutionTime,91.11508935387246
TotalExecutionTime,1311.4317560340278
