InputGenerationTime,0.0497497089963872
ProfilingTime,38.19734038700699
SimulationTime,233.06739979000122
FramaCExecutionTime,106.16062168798817
TotalExecutionTime,4589.430741928998
