InputGenerationTime,0.05724849900070694
ProfilingTime,24.886834208999062
SimulationTime,13.0329467249976
FramaCExecutionTime,97.37556695500098
TotalExecutionTime,925.2666050920016
