InputGenerationTime,0.05989754600159358
ProfilingTime,24.202652270003455
SimulationTime,17.354126035992522
FramaCExecutionTime,101.61069593699358
TotalExecutionTime,2386.867530329997
