InputGenerationTime,0.08208400999865262
ProfilingTime,21.27263408100407
SimulationTime,216.42861543499748
FramaCExecutionTime,96.04302714300138
TotalExecutionTime,2498.647399227004
