InputGenerationTime,0.3231512999627739
ProfilingTime,21.937953360029496
SimulationTime,214.61136826802976
FramaCExecutionTime,122.18468638905324
TotalExecutionTime,8981.374510403024
