InputGenerationTime,0.5125337750068866
ProfilingTime,33.34184724499937
SimulationTime,21.015945828985423
FramaCExecutionTime,149.69917792000342
TotalExecutionTime,4604.530208452023
