InputGenerationTime,0.38357829499727814
ProfilingTime,25.779014290004852
SimulationTime,18.008908178002457
FramaCExecutionTime,101.32164939100039
TotalExecutionTime,3795.6185993539984
