InputGenerationTime,0.2550414989818819
ProfilingTime,21.1877509689657
SimulationTime,12.53488708497025
FramaCExecutionTime,119.64459108404117
TotalExecutionTime,2527.8366126039764
