InputGenerationTime,0.23651412897743285
ProfilingTime,21.881152840098366
SimulationTime,11.437577398959547
FramaCExecutionTime,114.27070531004574
TotalExecutionTime,214.4510869110236
