InputGenerationTime,0.1036995750037022
ProfilingTime,49.19491725901025
SimulationTime,33.8236659779941
FramaCExecutionTime,128.76921959100582
TotalExecutionTime,7569.385005115997
