InputGenerationTime,0.05246901400096249
ProfilingTime,24.689099367999006
SimulationTime,12.973072395005147
FramaCExecutionTime,99.9211063440016
TotalExecutionTime,4285.457303128991
