InputGenerationTime,0.06933283800026402
ProfilingTime,27.841102017031517
SimulationTime,18.02479072799906
FramaCExecutionTime,104.76876791298855
TotalExecutionTime,2711.5560538930004
