InputGenerationTime,0.18170733300212305
ProfilingTime,29.029760846999125
SimulationTime,22.56859638899914
FramaCExecutionTime,99.81084801500401
TotalExecutionTime,3163.1677193990035
