InputGenerationTime,0.05724849900070694
ProfilingTime,24.008008433000214
SimulationTime,11.327388829999109
FramaCExecutionTime,97.37556695500098
TotalExecutionTime,239.7595501820033
