InputGenerationTime,0.31785363605013117
ProfilingTime,30.275535373017192
SimulationTime,20.012815085006878
FramaCExecutionTime,117.68211280897958
TotalExecutionTime,1133.4717913350323
