InputGenerationTime,0.2250435840105638
ProfilingTime,20.934658179990947
SimulationTime,211.02190649602562
FramaCExecutionTime,112.19995585503057
TotalExecutionTime,4841.919642704073
