InputGenerationTime,0.22179850202519447
ProfilingTime,36.875949871959165
SimulationTime,66.53503677400295
FramaCExecutionTime,150.7494653709
TotalExecutionTime,3402.028481793939
