InputGenerationTime,0.08297437703004107
ProfilingTime,21.30956724000862
SimulationTime,32.37868015101412
FramaCExecutionTime,103.6552166279871
TotalExecutionTime,4253.404750594986
