InputGenerationTime,0.04533246399660129
ProfilingTime,29.21017929899972
SimulationTime,228.39496412800509
FramaCExecutionTime,102.04172662799829
TotalExecutionTime,14047.310106706005
