InputGenerationTime,0.28366624703630805
ProfilingTime,25.276855429052375
SimulationTime,51.70764572604094
FramaCExecutionTime,115.50214947399218
TotalExecutionTime,1243.0240836569574
