InputGenerationTime,0.3232922659954056
ProfilingTime,19.939875313080847
SimulationTime,68.08181761601008
FramaCExecutionTime,123.42935546697117
TotalExecutionTime,2159.2122972159414
