InputGenerationTime,0.26520692789927125
ProfilingTime,37.877364240936004
SimulationTime,17.728846198064275
FramaCExecutionTime,172.96581168298144
TotalExecutionTime,1990.2017384229694
