InputGenerationTime,0.21389529504813254
ProfilingTime,26.067267070990056
SimulationTime,57.74530189996585
FramaCExecutionTime,119.5768579680007
TotalExecutionTime,3619.068886292982
