InputGenerationTime,0.11109681602101773
ProfilingTime,18.81375292793382
SimulationTime,43.36854678299278
FramaCExecutionTime,95.02735664101783
TotalExecutionTime,3593.3463600040413
