InputGenerationTime,0.2035223109414801
ProfilingTime,22.564545666915365
SimulationTime,707.1173456499819
FramaCExecutionTime,108.50297766900621
TotalExecutionTime,16829.441196482047
