InputGenerationTime,0.2623665229184553
ProfilingTime,24.856449663988315
SimulationTime,12.136478933040053
FramaCExecutionTime,115.6550668469863
TotalExecutionTime,693.8088620880153
