InputGenerationTime,0.07569622099981643
ProfilingTime,13.962256705999607
SimulationTime,8.892274769999858
FramaCExecutionTime,48.96770703600032
TotalExecutionTime,388.0176362259999
