InputGenerationTime,0.05974107002839446
ProfilingTime,26.91785606299527
SimulationTime,10.403757966123521
FramaCExecutionTime,94.46663717599586
TotalExecutionTime,861.856574882986
