InputGenerationTime,0.06134531200223137
ProfilingTime,37.84885086400027
SimulationTime,24.118836025998462
FramaCExecutionTime,105.47228164300031
TotalExecutionTime,2461.8067084570066
