InputGenerationTime,0.0990121210925281
ProfilingTime,30.40024927491322
SimulationTime,289.9474630069453
FramaCExecutionTime,107.4057569380384
TotalExecutionTime,6278.8543146839365
