InputGenerationTime,0.08780276495963335
ProfilingTime,20.67635630897712
SimulationTime,129.53222668601666
FramaCExecutionTime,97.10535426600836
TotalExecutionTime,1457.2371751740575
