InputGenerationTime,0.2650788240007387
ProfilingTime,34.95538651700008
SimulationTime,110.15241994499956
FramaCExecutionTime,114.57576221599993
TotalExecutionTime,7672.308676855
