InputGenerationTime,0.3232922659954056
ProfilingTime,22.46778181300033
SimulationTime,63.39732415706385
FramaCExecutionTime,123.42935546697117
TotalExecutionTime,3151.779584037955
