InputGenerationTime,0.08321001699914632
ProfilingTime,39.7448705099996
SimulationTime,112.28904886700002
FramaCExecutionTime,108.04663024299953
TotalExecutionTime,5911.716396775
