InputGenerationTime,0.08587797201471403
ProfilingTime,31.619271201023366
SimulationTime,73.83478769601788
FramaCExecutionTime,105.58347059699008
TotalExecutionTime,28053.522361625044
