InputGenerationTime,0.5125337750068866
ProfilingTime,28.251199240010465
SimulationTime,16.757377720990917
FramaCExecutionTime,149.69917792000342
TotalExecutionTime,4549.892698513024
