InputGenerationTime,0.04219626891426742
ProfilingTime,18.632421551039442
SimulationTime,19.20668117282912
FramaCExecutionTime,89.77886800491251
TotalExecutionTime,1361.1411652928218
