InputGenerationTime,0.0990121210925281
ProfilingTime,46.24166559102014
SimulationTime,229.79937666398473
FramaCExecutionTime,107.4057569380384
TotalExecutionTime,4195.523948190967
