InputGenerationTime,0.2916732019511983
ProfilingTime,26.55041219200939
SimulationTime,19.75116333999904
FramaCExecutionTime,121.73228721501073
TotalExecutionTime,3083.1524658430135
