InputGenerationTime,0.2538465560064651
ProfilingTime,49.299969920000876
SimulationTime,277.14779322300456
FramaCExecutionTime,147.2809260690119
TotalExecutionTime,23337.450065611003
