InputGenerationTime,0.2567060510045849
ProfilingTime,25.979884838001453
SimulationTime,112.40152813599707
FramaCExecutionTime,101.65106537199608
TotalExecutionTime,11833.775923181005
