InputGenerationTime,0.07863106299191713
ProfilingTime,31.00058045401238
SimulationTime,17.791566396015696
FramaCExecutionTime,106.38991733599687
TotalExecutionTime,3636.2909033820033
