InputGenerationTime,0.11109681602101773
ProfilingTime,21.884121314971708
SimulationTime,43.81204243609682
FramaCExecutionTime,95.02735664101783
TotalExecutionTime,4550.946194568998
