InputGenerationTime,0.27123504306655377
ProfilingTime,33.25646822992712
SimulationTime,233.26152663794346
FramaCExecutionTime,121.80990467895754
TotalExecutionTime,654.4974881899543
