InputGenerationTime,0.3468931099996553
ProfilingTime,27.738364794000518
SimulationTime,19.865261625003768
FramaCExecutionTime,97.67858885599708
TotalExecutionTime,3482.2503604909944
