InputGenerationTime,0.06134531200223137
ProfilingTime,34.21761929000786
SimulationTime,21.48250962200109
FramaCExecutionTime,105.47228164300031
TotalExecutionTime,1893.3996207300079
