InputGenerationTime,0.2333431259903591
ProfilingTime,34.05397874600021
SimulationTime,22.27101509401109
FramaCExecutionTime,126.27864418100216
TotalExecutionTime,2604.3043147549906
