InputGenerationTime,0.1586757400073111
ProfilingTime,39.95944907004014
SimulationTime,90.70990362000884
FramaCExecutionTime,113.80346785899019
TotalExecutionTime,3229.548330055026
