InputGenerationTime,0.18249052000464872
ProfilingTime,23.622374650032725
SimulationTime,47.94581224699505
FramaCExecutionTime,95.15639482502593
TotalExecutionTime,5550.5810692280065
