InputGenerationTime,0.5491699959966354
ProfilingTime,31.564792908000527
SimulationTime,23.63741169599234
FramaCExecutionTime,132.03446686899406
TotalExecutionTime,992.8254755939997
