InputGenerationTime,0.03941600100370124
ProfilingTime,20.7866913129983
SimulationTime,216.96851126300317
FramaCExecutionTime,95.25604605099943
TotalExecutionTime,10811.579968106998
