InputGenerationTime,0.18582355696707964
ProfilingTime,22.489203188975807
SimulationTime,14.286185522039887
FramaCExecutionTime,131.82039032201283
TotalExecutionTime,2455.069892649015
