InputGenerationTime,0.2941565380024258
ProfilingTime,30.64401139502297
SimulationTime,17.064881951984717
FramaCExecutionTime,119.22128029901069
TotalExecutionTime,3649.9915047139802
