InputGenerationTime,0.18836116197053343
ProfilingTime,24.865275868971366
SimulationTime,20.032298674050253
FramaCExecutionTime,111.69122295401758
TotalExecutionTime,768.2349850520259
