InputGenerationTime,0.29270844598067924
ProfilingTime,24.822446297999704
SimulationTime,81.28716089599766
FramaCExecutionTime,116.0746045949927
TotalExecutionTime,718.1897805779881
