InputGenerationTime,0.08813246099816752
ProfilingTime,33.58433154899831
SimulationTime,19.495603049999772
FramaCExecutionTime,108.73251284900107
TotalExecutionTime,272.41000533999977
