InputGenerationTime,0.33293280099951517
ProfilingTime,25.884325640000498
SimulationTime,19.615278362000026
FramaCExecutionTime,130.06025948600018
TotalExecutionTime,4439.261879787
