InputGenerationTime,0.06134430388920009
ProfilingTime,22.579813595861197
SimulationTime,11.68075632606633
FramaCExecutionTime,95.81497655203566
TotalExecutionTime,1255.823287108913
