InputGenerationTime,0.11123362099897349
ProfilingTime,35.86029000599956
SimulationTime,19.843073302999983
FramaCExecutionTime,111.88471470699733
TotalExecutionTime,2356.606391696001
