InputGenerationTime,0.22495511300076032
ProfilingTime,26.457783689998905
SimulationTime,231.24386807299743
FramaCExecutionTime,129.21610248100114
TotalExecutionTime,15067.141917587
