InputGenerationTime,0.2749036009190604
ProfilingTime,35.38013062009122
SimulationTime,220.69080927199684
FramaCExecutionTime,159.24751158698928
TotalExecutionTime,10520.641909038997
