InputGenerationTime,0.3914520660182461
ProfilingTime,22.410696015926078
SimulationTime,12.701289715943858
FramaCExecutionTime,134.18783874309156
TotalExecutionTime,1576.64619287604
