InputGenerationTime,0.131118303979747
ProfilingTime,46.66354404599406
SimulationTime,1031.4263493749313
FramaCExecutionTime,108.81593526701909
TotalExecutionTime,20018.512228444102
