InputGenerationTime,0.05124002699449193
ProfilingTime,32.7228187629953
SimulationTime,54.28871791299025
FramaCExecutionTime,104.36231635800505
TotalExecutionTime,5194.027602432005
