InputGenerationTime,0.29270844598067924
ProfilingTime,24.315071780991275
SimulationTime,87.31803218999994
FramaCExecutionTime,116.0746045949927
TotalExecutionTime,228.03293575899443
