InputGenerationTime,0.10097159299766645
ProfilingTime,31.712075908959378
SimulationTime,96.58228914899519
FramaCExecutionTime,110.10803324502194
TotalExecutionTime,23628.85802524205
