InputGenerationTime,0.12260364304529503
ProfilingTime,19.932756456022616
SimulationTime,22.695622304046992
FramaCExecutionTime,105.3618222590303
TotalExecutionTime,3386.1192352370126
