InputGenerationTime,0.12341600493527949
ProfilingTime,32.323358228080906
SimulationTime,39.52269427198917
FramaCExecutionTime,109.50403061194811
TotalExecutionTime,325.6593793160282
