InputGenerationTime,0.07747332500002813
ProfilingTime,32.71645217300102
SimulationTime,19.03954886099382
FramaCExecutionTime,107.59819377001259
TotalExecutionTime,794.7917357580009
