InputGenerationTime,0.5458302329934668
ProfilingTime,25.852419612987433
SimulationTime,13.844561634003185
FramaCExecutionTime,135.8646732600173
TotalExecutionTime,2734.9234514370037
