InputGenerationTime,0.01746885300053691
ProfilingTime,11.893307229998754
SimulationTime,8.664797093000743
FramaCExecutionTime,39.659135420000894
TotalExecutionTime,663.3502417620002
