InputGenerationTime,0.08119252510368824
ProfilingTime,29.793607556959614
SimulationTime,23.742511643096805
FramaCExecutionTime,113.96024039201438
TotalExecutionTime,3740.342492822092
