InputGenerationTime,0.15557446299999356
ProfilingTime,38.13125306500024
SimulationTime,22.78063161799946
FramaCExecutionTime,114.42043770899954
TotalExecutionTime,4320.346624573001
