InputGenerationTime,0.3468931099996553
ProfilingTime,26.254266372998245
SimulationTime,21.459229307001806
FramaCExecutionTime,97.67858885599708
TotalExecutionTime,3154.6004957189944
