InputGenerationTime,0.1907245700713247
ProfilingTime,19.83881991810631
SimulationTime,507.77054984797724
FramaCExecutionTime,107.36546195601113
TotalExecutionTime,10344.355313256965
