InputGenerationTime,0.2581516409991309
ProfilingTime,27.29419644398149
SimulationTime,245.9194085589843
FramaCExecutionTime,121.72503140498884
TotalExecutionTime,9760.706468120974
