InputGenerationTime,0.36039209901355207
ProfilingTime,21.938635778031312
SimulationTime,212.72132771403994
FramaCExecutionTime,125.7520459779771
TotalExecutionTime,5083.903550975025
