InputGenerationTime,0.0990121210925281
ProfilingTime,38.806474501034245
SimulationTime,217.52043339796364
FramaCExecutionTime,107.4057569380384
TotalExecutionTime,3093.925671458943
