InputGenerationTime,0.08888787199975923
ProfilingTime,39.77027635400009
SimulationTime,19.03894578499603
FramaCExecutionTime,102.41301443899283
TotalExecutionTime,768.311657083992
