InputGenerationTime,0.1216452280023077
ProfilingTime,41.05200231300114
SimulationTime,21.31250799999907
FramaCExecutionTime,109.55363374899753
TotalExecutionTime,1214.0849320999987
