InputGenerationTime,0.3488004950049799
ProfilingTime,30.111399396002525
SimulationTime,26.460809682001127
FramaCExecutionTime,131.56218258899753
TotalExecutionTime,5022.823231221992
