InputGenerationTime,0.18901437100430485
ProfilingTime,36.04659693099529
SimulationTime,25.07686563400057
FramaCExecutionTime,120.16616172400245
TotalExecutionTime,4050.456110344003
