InputGenerationTime,0.20462099200085504
ProfilingTime,26.304758304999268
SimulationTime,22.582898108001245
FramaCExecutionTime,119.80521449099979
TotalExecutionTime,2359.9875364990003
