InputGenerationTime,0.3234236310236156
ProfilingTime,27.150324130023364
SimulationTime,242.1016548810294
FramaCExecutionTime,118.84747565101134
TotalExecutionTime,2030.3916377559653
