InputGenerationTime,0.07230846700258553
ProfilingTime,26.69489235401852
SimulationTime,12.14578102400992
FramaCExecutionTime,106.69600580900442
TotalExecutionTime,22137.424260721018
