InputGenerationTime,0.04915673100913409
ProfilingTime,34.50330563999887
SimulationTime,16.209120034996886
FramaCExecutionTime,104.74350526298804
TotalExecutionTime,432.39600080599484
