InputGenerationTime,0.05953637699712999
ProfilingTime,25.34355619699636
SimulationTime,16.124890228005825
FramaCExecutionTime,106.16420628500055
TotalExecutionTime,187.33275869899808
