InputGenerationTime,0.2749036009190604
ProfilingTime,32.77635298203677
SimulationTime,216.48036085499916
FramaCExecutionTime,159.24751158698928
TotalExecutionTime,7158.346290693968
