InputGenerationTime,0.20938648599985754
ProfilingTime,33.55185077399801
SimulationTime,22.740154717001133
FramaCExecutionTime,100.2116976210018
TotalExecutionTime,2472.6342856150004
