InputGenerationTime,0.04487435601186007
ProfilingTime,19.233094305032864
SimulationTime,8.524695751955733
FramaCExecutionTime,89.0224654530175
TotalExecutionTime,1411.1723689479986
