InputGenerationTime,0.03560964995995164
ProfilingTime,19.706210118951276
SimulationTime,34.08125118399039
FramaCExecutionTime,89.09152986505069
TotalExecutionTime,1542.902282612049
