InputGenerationTime,0.08807973000511993
ProfilingTime,31.158917281994945
SimulationTime,18.428875733996392
FramaCExecutionTime,104.4215551840025
TotalExecutionTime,154.1287265580031
