InputGenerationTime,0.08208400999865262
ProfilingTime,20.24151350399916
SimulationTime,216.87718192300235
FramaCExecutionTime,96.04302714300138
TotalExecutionTime,814.3698217220008
