InputGenerationTime,0.05550380299973767
ProfilingTime,33.65189126098994
SimulationTime,17.63394828401215
FramaCExecutionTime,105.84851150700706
TotalExecutionTime,3549.237856620006
