InputGenerationTime,0.20938648599985754
ProfilingTime,26.711964628004353
SimulationTime,17.536844024994934
FramaCExecutionTime,100.2116976210018
TotalExecutionTime,2516.996015231998
