InputGenerationTime,0.29120918099943083
ProfilingTime,41.67129795799701
SimulationTime,264.9516164470042
FramaCExecutionTime,140.39637216499978
TotalExecutionTime,15104.679339249
