InputGenerationTime,0.28151840600185096
ProfilingTime,26.868831653962843
SimulationTime,21.157661234028637
FramaCExecutionTime,123.84468328399817
TotalExecutionTime,3980.8564376130234
