InputGenerationTime,0.27974674600409344
ProfilingTime,24.668674191983882
SimulationTime,20.3926637719851
FramaCExecutionTime,116.81609825900523
TotalExecutionTime,4064.3234898569644
