InputGenerationTime,0.18901437100430485
ProfilingTime,35.64564084899757
SimulationTime,22.13523578800232
FramaCExecutionTime,120.16616172400245
TotalExecutionTime,3551.0325490740033
