InputGenerationTime,0.05550380299973767
ProfilingTime,29.881461062002927
SimulationTime,14.069125141992117
FramaCExecutionTime,105.84851150700706
TotalExecutionTime,2932.6037557300006
