InputGenerationTime,0.03647145791910589
ProfilingTime,19.349861338036135
SimulationTime,9.995400542975403
FramaCExecutionTime,90.35240423900541
TotalExecutionTime,4043.760547437938
