InputGenerationTime,0.2250435840105638
ProfilingTime,22.170653846114874
SimulationTime,211.07001666503493
FramaCExecutionTime,112.19995585503057
TotalExecutionTime,4609.911464566016
