InputGenerationTime,0.06134430388920009
ProfilingTime,21.387494480004534
SimulationTime,10.604385314043611
FramaCExecutionTime,95.81497655203566
TotalExecutionTime,2062.104048267007
