InputGenerationTime,0.328370483010076
ProfilingTime,33.9286405070161
SimulationTime,20.151519398990786
FramaCExecutionTime,125.33717997098574
TotalExecutionTime,411.89169544301694
