InputGenerationTime,0.20753930194769055
ProfilingTime,21.102012719027698
SimulationTime,217.26500706595834
FramaCExecutionTime,108.56039979495108
TotalExecutionTime,10470.171083377907
