InputGenerationTime,0.06989308199990774
ProfilingTime,25.026798519000295
SimulationTime,15.424771118996432
FramaCExecutionTime,94.03919311700156
TotalExecutionTime,1824.5086191919982
