InputGenerationTime,0.24126282497309148
ProfilingTime,20.259583898005076
SimulationTime,9.83404762391001
FramaCExecutionTime,107.74387342808768
TotalExecutionTime,4168.476883220952
