InputGenerationTime,0.07747332500002813
ProfilingTime,29.159283671004232
SimulationTime,17.859775308999815
FramaCExecutionTime,107.59819377001259
TotalExecutionTime,1228.0038930550072
