InputGenerationTime,0.2780745880008908
ProfilingTime,39.95740221499727
SimulationTime,29.25749744300265
FramaCExecutionTime,147.1211182670013
TotalExecutionTime,6212.685895641
