InputGenerationTime,0.2567060510045849
ProfilingTime,27.871665134996874
SimulationTime,110.28189130700048
FramaCExecutionTime,101.65106537199608
TotalExecutionTime,10288.585877651
