InputGenerationTime,0.04219626891426742
ProfilingTime,19.68172645010054
SimulationTime,21.491376919904724
FramaCExecutionTime,89.77886800491251
TotalExecutionTime,1283.0067464688327
