InputGenerationTime,0.08706269499816699
ProfilingTime,38.9652655280006
SimulationTime,30.724729147998005
FramaCExecutionTime,108.95056382500115
TotalExecutionTime,4836.327516392001
