InputGenerationTime,0.07480276003479958
ProfilingTime,18.554088542005047
SimulationTime,18.44527889112942
FramaCExecutionTime,92.13790134200826
TotalExecutionTime,204.40000760997646
