InputGenerationTime,0.0566682789940387
ProfilingTime,27.712990107000223
SimulationTime,12.446134558005724
FramaCExecutionTime,99.10822514499887
TotalExecutionTime,2485.0046699059967
