InputGenerationTime,0.20294841800205177
ProfilingTime,37.813431545997446
SimulationTime,25.831304693994753
FramaCExecutionTime,122.89071526799671
TotalExecutionTime,3010.2199591770004
