InputGenerationTime,0.22197016500285827
ProfilingTime,28.6042277529923
SimulationTime,21.18114734000119
FramaCExecutionTime,102.733615930003
TotalExecutionTime,4907.493218442003
