InputGenerationTime,0.22495511300076032
ProfilingTime,23.0577861640013
SimulationTime,229.24752232600076
FramaCExecutionTime,129.21610248100114
TotalExecutionTime,12207.110884014
