InputGenerationTime,0.06933283800026402
ProfilingTime,26.080410077993292
SimulationTime,16.520002530014608
FramaCExecutionTime,104.76876791298855
TotalExecutionTime,2801.5194874319714
