InputGenerationTime,0.08069608799996786
ProfilingTime,37.59968673301046
SimulationTime,21.15485760800948
FramaCExecutionTime,106.32470165600535
TotalExecutionTime,4950.327466305011
