InputGenerationTime,0.22197016500285827
ProfilingTime,29.608364498999435
SimulationTime,21.760147354987566
FramaCExecutionTime,102.733615930003
TotalExecutionTime,4705.968076910998
