InputGenerationTime,0.2616646940005012
ProfilingTime,54.35172252499615
SimulationTime,39.0338927949997
FramaCExecutionTime,136.35455956900114
TotalExecutionTime,3588.656462248
