InputGenerationTime,0.06716115004383028
ProfilingTime,20.02063099690713
SimulationTime,20.868632290046662
FramaCExecutionTime,91.8677742651198
TotalExecutionTime,929.750819289824
