InputGenerationTime,0.38357829499727814
ProfilingTime,24.887993992000702
SimulationTime,18.10638115299662
FramaCExecutionTime,101.32164939100039
TotalExecutionTime,3751.677820811994
