InputGenerationTime,0.1500415460000113
ProfilingTime,33.316071725000256
SimulationTime,19.692598224999983
FramaCExecutionTime,119.5390944679998
TotalExecutionTime,3088.264123004
