InputGenerationTime,0.04487435601186007
ProfilingTime,19.463374009006657
SimulationTime,8.606589452945627
FramaCExecutionTime,89.0224654530175
TotalExecutionTime,1213.9599848740036
