InputGenerationTime,0.17901038100171718
ProfilingTime,34.976064335001865
SimulationTime,20.314227577000565
FramaCExecutionTime,117.9092438819971
TotalExecutionTime,3655.8923228620006
