InputGenerationTime,0.1776239509927109
ProfilingTime,38.96865157398861
SimulationTime,23.64063683594577
FramaCExecutionTime,144.69820828095544
TotalExecutionTime,953.3603182850638
