InputGenerationTime,0.2749036009190604
ProfilingTime,29.48626383394003
SimulationTime,213.07530553406104
FramaCExecutionTime,159.24751158698928
TotalExecutionTime,11520.127426180057
