InputGenerationTime,0.131118303979747
ProfilingTime,39.70616877893917
SimulationTime,971.4822547479998
FramaCExecutionTime,108.81593526701909
TotalExecutionTime,21029.917685203138
