InputGenerationTime,0.20075722900219262
ProfilingTime,26.85431297199102
SimulationTime,246.9747891210136
FramaCExecutionTime,120.85969471401768
TotalExecutionTime,16648.495680808963
