InputGenerationTime,0.03244398299830209
ProfilingTime,19.963824945998567
SimulationTime,213.29737973800002
FramaCExecutionTime,92.58095922599932
TotalExecutionTime,10657.721132667
