InputGenerationTime,0.17561334901256487
ProfilingTime,24.261135479988297
SimulationTime,81.81624472199474
FramaCExecutionTime,126.73664757199003
TotalExecutionTime,8947.274884863
