InputGenerationTime,0.07834984001237899
ProfilingTime,32.496942964964546
SimulationTime,18.432457428018097
FramaCExecutionTime,108.21301396400668
TotalExecutionTime,970.9738629960339
