InputGenerationTime,0.03413906300011149
ProfilingTime,20.567289372000232
SimulationTime,214.3252863939997
FramaCExecutionTime,92.74365047799984
TotalExecutionTime,13811.694367751003
