InputGenerationTime,0.22197016500285827
ProfilingTime,28.177189001988154
SimulationTime,21.901076773006935
FramaCExecutionTime,102.733615930003
TotalExecutionTime,4407.132910934
