InputGenerationTime,0.06306902691721916
ProfilingTime,20.271143255988136
SimulationTime,10.358865669928491
FramaCExecutionTime,93.3677042729687
TotalExecutionTime,1318.0445507878903
