InputGenerationTime,0.24341501500020968
ProfilingTime,26.864029565993405
SimulationTime,109.24181843000406
FramaCExecutionTime,95.7353067160002
TotalExecutionTime,7062.5163329470015
