InputGenerationTime,0.08813246099816752
ProfilingTime,36.65322047100199
SimulationTime,22.187135867003235
FramaCExecutionTime,108.73251284900107
TotalExecutionTime,443.8239535829998
