InputGenerationTime,0.05547416885383427
ProfilingTime,29.147682246984914
SimulationTime,18.817465828964487
FramaCExecutionTime,95.88349860697053
TotalExecutionTime,2122.6915541649796
