InputGenerationTime,0.2171286300290376
ProfilingTime,21.361569185042754
SimulationTime,210.56240812595934
FramaCExecutionTime,112.72816676006187
TotalExecutionTime,7273.921487311018
