InputGenerationTime,0.04619556199759245
ProfilingTime,25.915108271001372
SimulationTime,233.62151455297135
FramaCExecutionTime,102.9426576619735
TotalExecutionTime,10952.651543756016
