InputGenerationTime,0.11737045999325346
ProfilingTime,43.89333190699108
SimulationTime,28.98327462299494
FramaCExecutionTime,130.64505490900774
TotalExecutionTime,5567.040044841997
