InputGenerationTime,0.2754530660167802
ProfilingTime,30.60807758901501
SimulationTime,16.635633087018505
FramaCExecutionTime,142.3172453920124
TotalExecutionTime,5102.344597708026
