InputGenerationTime,0.08321001699914632
ProfilingTime,35.979619747999095
SimulationTime,110.52384098599941
FramaCExecutionTime,108.04663024299953
TotalExecutionTime,5168.618391671
