InputGenerationTime,0.5458302329934668
ProfilingTime,26.245369263982866
SimulationTime,13.670336734998273
FramaCExecutionTime,135.8646732600173
TotalExecutionTime,3811.0114178840013
