InputGenerationTime,0.02531034300045576
ProfilingTime,11.160528820999389
SimulationTime,6.826734878999559
FramaCExecutionTime,42.76689746500051
TotalExecutionTime,839.3247967019997
