InputGenerationTime,0.19021941302344203
ProfilingTime,21.048958570987452
SimulationTime,210.31129108101595
FramaCExecutionTime,113.54233702400234
TotalExecutionTime,5903.008956177975
