InputGenerationTime,0.3488004950049799
ProfilingTime,31.355306240991922
SimulationTime,26.67726820500684
FramaCExecutionTime,131.56218258899753
TotalExecutionTime,5321.814356777992
