InputGenerationTime,0.03624822100005076
ProfilingTime,25.62733591899996
SimulationTime,16.213132505000203
FramaCExecutionTime,107.40131508900004
TotalExecutionTime,646.473850959
