InputGenerationTime,0.04837128699728055
ProfilingTime,24.580876929001533
SimulationTime,12.618883916002233
FramaCExecutionTime,95.57277957100086
TotalExecutionTime,2755.926637112003
