InputGenerationTime,0.3232922659954056
ProfilingTime,21.734813277958892
SimulationTime,58.92345370305702
FramaCExecutionTime,123.42935546697117
TotalExecutionTime,3481.226923403912
