InputGenerationTime,0.20018389399956504
ProfilingTime,37.188383884999894
SimulationTime,24.00501623999935
FramaCExecutionTime,114.37678537700049
TotalExecutionTime,5312.514800734
