InputGenerationTime,0.2734934970503673
ProfilingTime,22.395989234093577
SimulationTime,15.836543402052484
FramaCExecutionTime,118.28702378703747
TotalExecutionTime,1320.9614323370624
