InputGenerationTime,0.1860354489999736
ProfilingTime,31.352860576000012
SimulationTime,21.03664659399999
FramaCExecutionTime,133.846350332
TotalExecutionTime,385.21477984700005
