InputGenerationTime,0.38357829499727814
ProfilingTime,26.310696938999172
SimulationTime,22.004021535998618
FramaCExecutionTime,101.32164939100039
TotalExecutionTime,4379.888636364994
