InputGenerationTime,0.04533246399660129
ProfilingTime,36.54972290300066
SimulationTime,234.23095427699445
FramaCExecutionTime,102.04172662799829
TotalExecutionTime,14604.223043920996
