InputGenerationTime,0.26520692789927125
ProfilingTime,32.64418934495188
SimulationTime,13.83786977105774
FramaCExecutionTime,172.96581168298144
TotalExecutionTime,2302.2929153899895
