InputGenerationTime,0.22577400295995176
ProfilingTime,20.065063258982264
SimulationTime,40.70715916098561
FramaCExecutionTime,109.5923128289869
TotalExecutionTime,2476.8212324259803
