InputGenerationTime,0.2893862620694563
ProfilingTime,20.783745098975487
SimulationTime,9.299739626934752
FramaCExecutionTime,117.19879986299202
TotalExecutionTime,1110.6549070950132
