InputGenerationTime,0.06233766500008642
ProfilingTime,10.301686833000531
SimulationTime,6.840628765000474
FramaCExecutionTime,47.2595315919998
TotalExecutionTime,612.7419664749996
