InputGenerationTime,0.04533246399660129
ProfilingTime,30.13002282299567
SimulationTime,220.68208165800024
FramaCExecutionTime,102.04172662799829
TotalExecutionTime,12489.079385831996
