InputGenerationTime,0.2550414989818819
ProfilingTime,23.297498784959316
SimulationTime,12.591072707960848
FramaCExecutionTime,119.64459108404117
TotalExecutionTime,2749.896754780959
