InputGenerationTime,0.06828528999994887
ProfilingTime,23.858534748999773
SimulationTime,14.662233967000248
FramaCExecutionTime,95.84660604099963
TotalExecutionTime,3005.5658349700007
