InputGenerationTime,0.04965436900238274
ProfilingTime,21.48908606999612
SimulationTime,219.45036866599548
FramaCExecutionTime,96.85920009500114
TotalExecutionTime,19462.473598573
