InputGenerationTime,0.24693168800149579
ProfilingTime,45.780422697003814
SimulationTime,46.37988347600913
FramaCExecutionTime,135.26416748500196
TotalExecutionTime,3472.841383456005
