InputGenerationTime,0.2937192200042773
ProfilingTime,32.97586444800254
SimulationTime,20.22954503199435
FramaCExecutionTime,131.4051270929922
TotalExecutionTime,3058.1162525840045
