InputGenerationTime,0.36768036500143353
ProfilingTime,48.89112626000133
SimulationTime,29.514841691001493
FramaCExecutionTime,132.18089018899627
TotalExecutionTime,850.8773868909993
