InputGenerationTime,0.0724836889994549
ProfilingTime,20.45006006299991
SimulationTime,214.7799430669993
FramaCExecutionTime,96.025370673
TotalExecutionTime,331.3865300720008
