InputGenerationTime,0.04837128699728055
ProfilingTime,24.536028890001035
SimulationTime,11.737051452997548
FramaCExecutionTime,95.57277957100086
TotalExecutionTime,2495.0788004290007
