InputGenerationTime,0.21389529504813254
ProfilingTime,21.884721623035148
SimulationTime,55.31302284402773
FramaCExecutionTime,119.5768579680007
TotalExecutionTime,3779.8380773159442
