InputGenerationTime,0.05953637699712999
ProfilingTime,23.73098174599727
SimulationTime,17.22887888099649
FramaCExecutionTime,106.16420628500055
TotalExecutionTime,555.304701518995
