InputGenerationTime,0.03244398299830209
ProfilingTime,21.023970390000613
SimulationTime,11.303347290999227
FramaCExecutionTime,92.58095922599932
TotalExecutionTime,9481.102618926001
