InputGenerationTime,0.0990121210925281
ProfilingTime,32.87910078512505
SimulationTime,265.64970998396166
FramaCExecutionTime,107.4057569380384
TotalExecutionTime,2264.1079049739055
