InputGenerationTime,0.22147605799546
ProfilingTime,53.00990751799691
SimulationTime,39.704288000000815
FramaCExecutionTime,139.0204824370012
TotalExecutionTime,5452.942555519003
