InputGenerationTime,0.07230846700258553
ProfilingTime,24.59556862001773
SimulationTime,232.6258754360024
FramaCExecutionTime,106.69600580900442
TotalExecutionTime,21060.156180461985
