InputGenerationTime,0.18076778999966336
ProfilingTime,37.36640589500166
SimulationTime,22.286995775000833
FramaCExecutionTime,117.59281498999917
TotalExecutionTime,5075.150971359999
