InputGenerationTime,0.5459449000190943
ProfilingTime,31.45539720301167
SimulationTime,20.398573190002935
FramaCExecutionTime,142.59089715700247
TotalExecutionTime,3107.449060912011
