InputGenerationTime,0.2650788240007387
ProfilingTime,34.804476335999425
SimulationTime,110.53651533500124
FramaCExecutionTime,114.57576221599993
TotalExecutionTime,9028.540907458
