InputGenerationTime,0.3488004950049799
ProfilingTime,31.60523654599092
SimulationTime,25.51340454799356
FramaCExecutionTime,131.56218258899753
TotalExecutionTime,5438.872397013998
