InputGenerationTime,0.08807973000511993
ProfilingTime,32.56161884400353
SimulationTime,20.530099434006843
FramaCExecutionTime,104.4215551840025
TotalExecutionTime,312.536044870998
