InputGenerationTime,0.2518795130017679
ProfilingTime,35.67084821400931
SimulationTime,13.91621959299664
FramaCExecutionTime,128.72929689101875
TotalExecutionTime,1497.7682480030053
