InputGenerationTime,0.10281701199710369
ProfilingTime,21.21349850599654
SimulationTime,18.544308921002084
FramaCExecutionTime,95.94782013600343
TotalExecutionTime,3998.3825246459965
