InputGenerationTime,0.31785363605013117
ProfilingTime,26.011115820962004
SimulationTime,19.7709728339687
FramaCExecutionTime,117.68211280897958
TotalExecutionTime,1039.1943406310165
