InputGenerationTime,0.5117717100074515
ProfilingTime,20.64456363907084
SimulationTime,44.283150923089124
FramaCExecutionTime,127.56641766999383
TotalExecutionTime,666.7411965939682
