InputGenerationTime,0.2087663629790768
ProfilingTime,21.508818358997814
SimulationTime,13.687325238017365
FramaCExecutionTime,115.82717773900367
TotalExecutionTime,578.9747911880258
