InputGenerationTime,0.05953637699712999
ProfilingTime,24.644821969006443
SimulationTime,15.924184682997293
FramaCExecutionTime,106.16420628500055
TotalExecutionTime,514.2202098630005
