InputGenerationTime,0.2014430370181799
ProfilingTime,22.517908873036504
SimulationTime,15.098184302973095
FramaCExecutionTime,128.44977176899556
TotalExecutionTime,1282.7756113779615
