InputGenerationTime,0.21989744500024244
ProfilingTime,21.385593562969007
SimulationTime,211.77813026099466
FramaCExecutionTime,110.1814316730015
TotalExecutionTime,1268.0477846940048
