InputGenerationTime,0.27328697097254917
ProfilingTime,24.23258104402339
SimulationTime,14.197397024021484
FramaCExecutionTime,120.04880065802718
TotalExecutionTime,3595.6480886029894
