InputGenerationTime,0.2035223109414801
ProfilingTime,18.63615060504526
SimulationTime,651.4286182229407
FramaCExecutionTime,108.50297766900621
TotalExecutionTime,14701.223299180972
