InputGenerationTime,0.2014430370181799
ProfilingTime,21.425293216947466
SimulationTime,18.456125682976563
FramaCExecutionTime,128.44977176899556
TotalExecutionTime,1790.4893767249887
