InputGenerationTime,0.3203130920010153
ProfilingTime,34.11236740500317
SimulationTime,23.661948670021957
FramaCExecutionTime,125.05516551900655
TotalExecutionTime,295.0710700379859
