InputGenerationTime,0.17561334901256487
ProfilingTime,26.906982158019673
SimulationTime,66.27773086100933
FramaCExecutionTime,126.73664757199003
TotalExecutionTime,7965.364022203983
