InputGenerationTime,0.10097159299766645
ProfilingTime,32.17252714699134
SimulationTime,96.95224186696578
FramaCExecutionTime,110.10803324502194
TotalExecutionTime,23758.07725157903
