InputGenerationTime,0.0724836889994549
ProfilingTime,21.674275247998594
SimulationTime,215.3149185830007
FramaCExecutionTime,96.025370673
TotalExecutionTime,4121.007888109
