InputGenerationTime,0.08512004901422188
ProfilingTime,25.2356791489874
SimulationTime,36.62370379501954
FramaCExecutionTime,94.62754339398816
TotalExecutionTime,641.4600986670121
