InputGenerationTime,0.18836116197053343
ProfilingTime,21.644429753010627
SimulationTime,18.842686533986125
FramaCExecutionTime,111.69122295401758
TotalExecutionTime,314.5200943070231
