InputGenerationTime,0.10224440705496818
ProfilingTime,23.576548735960387
SimulationTime,19.30552561103832
FramaCExecutionTime,96.26200270303525
TotalExecutionTime,535.192832826986
