InputGenerationTime,0.3489217610040214
ProfilingTime,26.431104804003553
SimulationTime,21.17652879399975
FramaCExecutionTime,101.74599396999838
TotalExecutionTime,2188.9114317589992
