InputGenerationTime,0.13310052594169974
ProfilingTime,36.710105614038184
SimulationTime,28.396544033079408
FramaCExecutionTime,137.11517138092313
TotalExecutionTime,1388.072565132985
