InputGenerationTime,0.03244398299830209
ProfilingTime,21.19396423999933
SimulationTime,214.7484487719994
FramaCExecutionTime,92.58095922599932
TotalExecutionTime,8737.603671314002
