InputGenerationTime,0.10488404300122056
ProfilingTime,40.68837969100059
SimulationTime,25.481053204999625
FramaCExecutionTime,118.49847431200033
TotalExecutionTime,2529.5743658630017
