InputGenerationTime,0.2384402189636603
ProfilingTime,36.35881203506142
SimulationTime,72.94929016707465
FramaCExecutionTime,151.8234170480864
TotalExecutionTime,1725.9534972129622
