InputGenerationTime,0.2641803329997856
ProfilingTime,24.466179771000498
SimulationTime,231.9664512039999
FramaCExecutionTime,119.66695576599977
TotalExecutionTime,630.6201258110004
