InputGenerationTime,0.24459180305711925
ProfilingTime,20.540564642986283
SimulationTime,9.212780180037953
FramaCExecutionTime,116.45146760297939
TotalExecutionTime,1334.6383985200664
