InputGenerationTime,0.06559167301747948
ProfilingTime,26.575006562983617
SimulationTime,14.285328679950908
FramaCExecutionTime,104.80555936798919
TotalExecutionTime,1019.763581612031
