InputGenerationTime,0.1376757019897923
ProfilingTime,42.20458481600508
SimulationTime,182.36111807601992
FramaCExecutionTime,106.99266202299623
TotalExecutionTime,14542.930424103979
