InputGenerationTime,0.2014430370181799
ProfilingTime,23.01094553800067
SimulationTime,17.491304544964805
FramaCExecutionTime,128.44977176899556
TotalExecutionTime,1360.3139034489868
