InputGenerationTime,0.38357829499727814
ProfilingTime,25.34159080700192
SimulationTime,22.25105277900002
FramaCExecutionTime,101.32164939100039
TotalExecutionTime,4572.537060430994
