InputGenerationTime,0.03794739185832441
ProfilingTime,19.80342455790378
SimulationTime,9.96994166309014
FramaCExecutionTime,90.95548496907577
TotalExecutionTime,341.4522733888589
