InputGenerationTime,0.08297437703004107
ProfilingTime,26.20840155798942
SimulationTime,36.965803603001405
FramaCExecutionTime,103.6552166279871
TotalExecutionTime,4199.667252952
