InputGenerationTime,0.06134531200223137
ProfilingTime,32.44133725200663
SimulationTime,14.963027208010317
FramaCExecutionTime,105.47228164300031
TotalExecutionTime,1682.859340231007
