InputGenerationTime,0.2754530660167802
ProfilingTime,33.40892909100512
SimulationTime,19.61038166101207
FramaCExecutionTime,142.3172453920124
TotalExecutionTime,4898.007964265009
