InputGenerationTime,0.2095904320012778
ProfilingTime,20.883447516011074
SimulationTime,9.081329004024155
FramaCExecutionTime,113.9620377930114
TotalExecutionTime,1301.667842744966
