InputGenerationTime,0.254091541050002
ProfilingTime,27.894781028968282
SimulationTime,11.613775555975735
FramaCExecutionTime,138.49859954905696
TotalExecutionTime,178.26872715901118
