InputGenerationTime,0.06748960799995984
ProfilingTime,11.331224457000644
SimulationTime,6.625933625999096
FramaCExecutionTime,45.455020551000416
TotalExecutionTime,63.48116967900023
