InputGenerationTime,0.2749036009190604
ProfilingTime,35.41541048896033
SimulationTime,219.1912801360013
FramaCExecutionTime,159.24751158698928
TotalExecutionTime,9190.890556694008
