InputGenerationTime,0.2250435840105638
ProfilingTime,20.558784404071048
SimulationTime,209.09560355509166
FramaCExecutionTime,112.19995585503057
TotalExecutionTime,1035.6854373459937
