InputGenerationTime,0.06559167301747948
ProfilingTime,29.326874014979694
SimulationTime,15.502190314990003
FramaCExecutionTime,104.80555936798919
TotalExecutionTime,618.608016638027
