InputGenerationTime,0.10097159299766645
ProfilingTime,32.212059492012486
SimulationTime,141.5935168400174
FramaCExecutionTime,110.10803324502194
TotalExecutionTime,24860.60263105802
