InputGenerationTime,0.03794739185832441
ProfilingTime,20.813668146030977
SimulationTime,10.231139372102916
FramaCExecutionTime,90.95548496907577
TotalExecutionTime,242.7042899930384
