InputGenerationTime,0.08888787199975923
ProfilingTime,36.60513294200064
SimulationTime,20.976988398993853
FramaCExecutionTime,102.41301443899283
TotalExecutionTime,417.96360132598784
