InputGenerationTime,0.2780745880008908
ProfilingTime,50.882149193996156
SimulationTime,45.71127160699689
FramaCExecutionTime,147.1211182670013
TotalExecutionTime,7493.957906032003
