InputGenerationTime,0.18582355696707964
ProfilingTime,21.513386472011916
SimulationTime,16.032774847000837
FramaCExecutionTime,131.82039032201283
TotalExecutionTime,2852.070958147
