InputGenerationTime,0.26684155499970075
ProfilingTime,26.49801467799989
SimulationTime,109.83775846900244
FramaCExecutionTime,94.79318434699962
TotalExecutionTime,2546.421577815003
