InputGenerationTime,0.06429028999991715
ProfilingTime,29.831235593010206
SimulationTime,16.463631367019843
FramaCExecutionTime,107.19028882699786
TotalExecutionTime,319.2433057909948
