InputGenerationTime,0.04155284100124845
ProfilingTime,24.913233295999817
SimulationTime,11.248665925999376
FramaCExecutionTime,96.29844691299877
TotalExecutionTime,1161.4390162360032
