InputGenerationTime,0.2916732019511983
ProfilingTime,23.976063179026823
SimulationTime,18.94843992899405
FramaCExecutionTime,121.73228721501073
TotalExecutionTime,2855.0352141400217
