InputGenerationTime,0.05978687900096702
ProfilingTime,12.962823043000753
SimulationTime,8.221770635000212
FramaCExecutionTime,49.88949812200008
TotalExecutionTime,934.6668692849998
