InputGenerationTime,0.2095904320012778
ProfilingTime,22.506688287016004
SimulationTime,11.051550645963289
FramaCExecutionTime,113.9620377930114
TotalExecutionTime,1806.2503747659503
