InputGenerationTime,0.05953637699712999
ProfilingTime,20.812579605000792
SimulationTime,15.532244856993202
FramaCExecutionTime,106.16420628500055
TotalExecutionTime,429.8008253349981
