InputGenerationTime,0.2623665229184553
ProfilingTime,21.241736565949395
SimulationTime,8.873916351003572
FramaCExecutionTime,115.6550668469863
TotalExecutionTime,176.22181782103144
