InputGenerationTime,0.22197016500285827
ProfilingTime,27.073958338995
SimulationTime,20.3974051289988
FramaCExecutionTime,102.733615930003
TotalExecutionTime,4250.033712311997
