InputGenerationTime,0.27715257002273574
ProfilingTime,33.39298999099992
SimulationTime,20.19387042199378
FramaCExecutionTime,128.3411734039837
TotalExecutionTime,3600.189702712989
