InputGenerationTime,0.11109681602101773
ProfilingTime,18.71514930203557
SimulationTime,43.481875900994055
FramaCExecutionTime,95.02735664101783
TotalExecutionTime,3467.5377844210016
