InputGenerationTime,0.19099381403066218
ProfilingTime,31.356663724058308
SimulationTime,213.66787389700767
FramaCExecutionTime,148.47174196795095
TotalExecutionTime,393.70438767806627
