InputGenerationTime,0.3487831080565229
ProfilingTime,19.65431801509112
SimulationTime,12.936233296059072
FramaCExecutionTime,124.48829469003249
TotalExecutionTime,1016.5222181739518
