InputGenerationTime,0.5249734570097644
ProfilingTime,30.386290018010186
SimulationTime,17.441397935006535
FramaCExecutionTime,148.15377748798346
TotalExecutionTime,4278.791232705989
