InputGenerationTime,0.36039209901355207
ProfilingTime,22.913157374947332
SimulationTime,215.3758443039842
FramaCExecutionTime,125.7520459779771
TotalExecutionTime,3875.9070075950585
