InputGenerationTime,0.2155678939889185
ProfilingTime,26.243164405983407
SimulationTime,13.61504198500188
FramaCExecutionTime,117.01473909697961
TotalExecutionTime,1536.1405981269781
