InputGenerationTime,0.01746885300053691
ProfilingTime,9.547573289999491
SimulationTime,5.455218224999044
FramaCExecutionTime,39.659135420000894
TotalExecutionTime,824.1669817780003
