InputGenerationTime,0.06716115004383028
ProfilingTime,19.670755475992337
SimulationTime,17.168834180105478
FramaCExecutionTime,91.8677742651198
TotalExecutionTime,396.23942158790305
