InputGenerationTime,0.05511531299998751
ProfilingTime,21.492836321995128
SimulationTime,217.3089153510009
FramaCExecutionTime,94.72058908399777
TotalExecutionTime,15753.164391547005
