InputGenerationTime,0.13892562800174346
ProfilingTime,38.04520677700202
SimulationTime,24.724680145998718
FramaCExecutionTime,111.13148282000111
TotalExecutionTime,1002.5809996380012
