InputGenerationTime,0.2951946859830059
ProfilingTime,28.014862027019262
SimulationTime,60.73281630600104
FramaCExecutionTime,126.49901207099902
TotalExecutionTime,12121.233816544001
