InputGenerationTime,0.04533246399660129
ProfilingTime,36.51150927900744
SimulationTime,236.61250558000756
FramaCExecutionTime,102.04172662799829
TotalExecutionTime,15945.492138595
