InputGenerationTime,0.08908225699997274
ProfilingTime,13.710918918000061
SimulationTime,6.99885002100018
FramaCExecutionTime,48.71309677099998
TotalExecutionTime,710.7232597769998
