InputGenerationTime,0.09517260299617192
ProfilingTime,29.701968968001893
SimulationTime,22.808957895002095
FramaCExecutionTime,103.24005353699613
TotalExecutionTime,394.8067679099986
