InputGenerationTime,0.05724849900070694
ProfilingTime,24.655689336999785
SimulationTime,13.033452480998676
FramaCExecutionTime,97.37556695500098
TotalExecutionTime,850.9279794400027
