InputGenerationTime,0.5125337750068866
ProfilingTime,31.23227130100713
SimulationTime,20.725833203992806
FramaCExecutionTime,149.69917792000342
TotalExecutionTime,4702.87755056101
