InputGenerationTime,0.20294841800205177
ProfilingTime,41.80908208099572
SimulationTime,25.49555120900186
FramaCExecutionTime,122.89071526799671
TotalExecutionTime,3138.8127976419964
