InputGenerationTime,0.17561334901256487
ProfilingTime,27.18236073499429
SimulationTime,31.456290174013702
FramaCExecutionTime,126.73664757199003
TotalExecutionTime,9006.001873386005
