InputGenerationTime,0.06716115004383028
ProfilingTime,20.005732539109886
SimulationTime,20.99707352509722
FramaCExecutionTime,91.8677742651198
TotalExecutionTime,663.4085598860402
