InputGenerationTime,0.24459180305711925
ProfilingTime,18.827109215897508
SimulationTime,8.484009653097019
FramaCExecutionTime,116.45146760297939
TotalExecutionTime,990.3681816280587
