InputGenerationTime,0.0791702719998284
ProfilingTime,10.19802672500009
SimulationTime,6.361644487999001
FramaCExecutionTime,50.45893695700033
TotalExecutionTime,613.1557086469984
