InputGenerationTime,0.20294841800205177
ProfilingTime,39.954484182999295
SimulationTime,27.49957045899646
FramaCExecutionTime,122.89071526799671
TotalExecutionTime,2353.2913786590034
