InputGenerationTime,0.06933283800026402
ProfilingTime,24.679851932974998
SimulationTime,15.870726566994563
FramaCExecutionTime,104.76876791298855
TotalExecutionTime,3497.1153603319544
