InputGenerationTime,0.23642875702353194
ProfilingTime,36.869692873966414
SimulationTime,190.47963947901735
FramaCExecutionTime,115.11188443098217
TotalExecutionTime,3114.4896602969966
