InputGenerationTime,0.24175441300030798
ProfilingTime,36.71964799903799
SimulationTime,24.290387514047325
FramaCExecutionTime,151.40488299599383
TotalExecutionTime,2828.6516512900125
