InputGenerationTime,0.07854590803617612
ProfilingTime,25.184995998977683
SimulationTime,15.52073334803572
FramaCExecutionTime,107.89253767899936
TotalExecutionTime,4657.750130606
