InputGenerationTime,0.15557446299999356
ProfilingTime,35.8500135029999
SimulationTime,22.638541021000492
FramaCExecutionTime,114.42043770899954
TotalExecutionTime,3835.4336837039996
