InputGenerationTime,0.04155284100124845
ProfilingTime,25.25883984599932
SimulationTime,13.06196024699966
FramaCExecutionTime,96.29844691299877
TotalExecutionTime,1312.3293720150032
