InputGenerationTime,0.10224440705496818
ProfilingTime,19.92644890199881
SimulationTime,17.058737709070556
FramaCExecutionTime,96.26200270303525
TotalExecutionTime,572.2365213590674
