InputGenerationTime,0.22197016500285827
ProfilingTime,30.45752428699052
SimulationTime,22.766086275994894
FramaCExecutionTime,102.733615930003
TotalExecutionTime,4356.879135031995
