InputGenerationTime,0.06782107497565448
ProfilingTime,19.06894780183211
SimulationTime,18.087862696964294
FramaCExecutionTime,91.11508935387246
TotalExecutionTime,1544.683263821993
