InputGenerationTime,0.07863106299191713
ProfilingTime,29.378853038011584
SimulationTime,17.767596529971343
FramaCExecutionTime,106.38991733599687
TotalExecutionTime,3683.841840456007
