InputGenerationTime,0.04155284100124845
ProfilingTime,23.643780415000947
SimulationTime,12.224307280001085
FramaCExecutionTime,96.29844691299877
TotalExecutionTime,1197.4335743150004
