InputGenerationTime,0.33293280099951517
ProfilingTime,25.767670865000582
SimulationTime,19.05506760099979
FramaCExecutionTime,130.06025948600018
TotalExecutionTime,4054.868423737
