InputGenerationTime,0.2518795130017679
ProfilingTime,30.303505916002905
SimulationTime,16.51876486101537
FramaCExecutionTime,128.72929689101875
TotalExecutionTime,2015.994302401028
