InputGenerationTime,0.3488004950049799
ProfilingTime,31.692005016986514
SimulationTime,25.991017523017945
FramaCExecutionTime,131.56218258899753
TotalExecutionTime,5608.463166228001
