InputGenerationTime,0.3468931099996553
ProfilingTime,24.060057951006456
SimulationTime,17.557459108997136
FramaCExecutionTime,97.67858885599708
TotalExecutionTime,2822.7050237469957
