InputGenerationTime,0.07854590803617612
ProfilingTime,26.502812753024045
SimulationTime,18.8031514910399
FramaCExecutionTime,107.89253767899936
TotalExecutionTime,4526.957732335955
