InputGenerationTime,0.08441820700682001
ProfilingTime,22.290790553997795
SimulationTime,18.81888817300205
FramaCExecutionTime,98.15719956099929
TotalExecutionTime,1787.0552837779978
