InputGenerationTime,0.3488004950049799
ProfilingTime,31.599198455020087
SimulationTime,24.403800753003452
FramaCExecutionTime,131.56218258899753
TotalExecutionTime,4609.282542412984
