InputGenerationTime,0.2951946859830059
ProfilingTime,27.83332602700102
SimulationTime,60.17941797498497
FramaCExecutionTime,126.49901207099902
TotalExecutionTime,9990.924462886003
