InputGenerationTime,0.22147605799546
ProfilingTime,54.97796787600237
SimulationTime,38.50200100799702
FramaCExecutionTime,139.0204824370012
TotalExecutionTime,5269.130314278998
