InputGenerationTime,0.5249734570097644
ProfilingTime,29.718076332996134
SimulationTime,15.551027475012233
FramaCExecutionTime,148.15377748798346
TotalExecutionTime,4182.5219200850115
