InputGenerationTime,0.20753930194769055
ProfilingTime,19.648891526041552
SimulationTime,216.68193929898553
FramaCExecutionTime,108.56039979495108
TotalExecutionTime,6877.337047153967
