InputGenerationTime,0.10281701199710369
ProfilingTime,23.133499837000272
SimulationTime,15.226741215999937
FramaCExecutionTime,95.94782013600343
TotalExecutionTime,3255.4305491019986
