InputGenerationTime,0.15295539499493316
ProfilingTime,30.427546596001775
SimulationTime,20.108532096004637
FramaCExecutionTime,89.9493181259968
TotalExecutionTime,1675.7645986070056
