InputGenerationTime,0.07135240799834719
ProfilingTime,26.36828665199573
SimulationTime,13.302274074994784
FramaCExecutionTime,96.4827041699973
TotalExecutionTime,662.5166786400005
