InputGenerationTime,0.06989308199990774
ProfilingTime,21.34502412900474
SimulationTime,14.183651998995629
FramaCExecutionTime,94.03919311700156
TotalExecutionTime,1978.309830141996
