InputGenerationTime,0.2250435840105638
ProfilingTime,20.387934376951307
SimulationTime,212.25147961697076
FramaCExecutionTime,112.19995585503057
TotalExecutionTime,345.08735721895937
