InputGenerationTime,0.26157120897551067
ProfilingTime,28.871412563021295
SimulationTime,18.578361433988903
FramaCExecutionTime,121.93693389900727
TotalExecutionTime,2407.4294319369947
