InputGenerationTime,0.3231512999627739
ProfilingTime,26.186102728010155
SimulationTime,217.5150278309593
FramaCExecutionTime,122.18468638905324
TotalExecutionTime,7079.302230672096
