InputGenerationTime,0.2518795130017679
ProfilingTime,26.628206733992556
SimulationTime,14.310278911987552
FramaCExecutionTime,128.72929689101875
TotalExecutionTime,1447.7209164670203
