InputGenerationTime,0.2333431259903591
ProfilingTime,29.66146601299988
SimulationTime,22.214312790019903
FramaCExecutionTime,126.27864418100216
TotalExecutionTime,1587.8118464739819
