InputGenerationTime,0.5458302329934668
ProfilingTime,30.02447904800647
SimulationTime,14.168266013002722
FramaCExecutionTime,135.8646732600173
TotalExecutionTime,2779.57299482901
