InputGenerationTime,0.05511531299998751
ProfilingTime,23.6811235080022
SimulationTime,222.04133300499961
FramaCExecutionTime,94.72058908399777
TotalExecutionTime,12587.998294344005
