InputGenerationTime,0.31785363605013117
ProfilingTime,26.402728986984584
SimulationTime,21.24253836000571
FramaCExecutionTime,117.68211280897958
TotalExecutionTime,899.3939771199948
