InputGenerationTime,0.04915673100913409
ProfilingTime,36.73059535000357
SimulationTime,20.671659050000017
FramaCExecutionTime,104.74350526298804
TotalExecutionTime,1021.6400824769953
