InputGenerationTime,0.05124002699449193
ProfilingTime,28.460754435000126
SimulationTime,39.78606928199588
FramaCExecutionTime,104.36231635800505
TotalExecutionTime,4388.243933990001
