InputGenerationTime,0.11135036498308182
ProfilingTime,21.62240048905369
SimulationTime,18.90794361603912
FramaCExecutionTime,94.48343334102537
TotalExecutionTime,1971.2588019920513
