InputGenerationTime,0.12488321099954192
ProfilingTime,27.10258192299807
SimulationTime,6.877382696002314
FramaCExecutionTime,88.36304531300266
TotalExecutionTime,3162.1834619100046
