InputGenerationTime,0.06233766500008642
ProfilingTime,11.82228936499996
SimulationTime,7.162456379001014
FramaCExecutionTime,47.2595315919998
TotalExecutionTime,866.1056201069996
