InputGenerationTime,0.2450625509954989
ProfilingTime,24.469687707955018
SimulationTime,19.894965610001236
FramaCExecutionTime,119.58020104799652
TotalExecutionTime,2380.9374311550055
