InputGenerationTime,0.19782912300433964
ProfilingTime,34.25543504196685
SimulationTime,14.064118247013539
FramaCExecutionTime,120.83434996008873
TotalExecutionTime,2252.5966559699737
