InputGenerationTime,0.02344999100023415
ProfilingTime,15.060795674999099
SimulationTime,7.648478508999688
FramaCExecutionTime,44.093769834998966
TotalExecutionTime,790.4451534179989
