InputGenerationTime,0.02432121099991491
ProfilingTime,9.730688133000513
SimulationTime,6.875178751000931
FramaCExecutionTime,41.77757867699984
TotalExecutionTime,135.59196309399886
