InputGenerationTime,0.46168155898340046
ProfilingTime,22.264771366026253
SimulationTime,19.270581390010193
FramaCExecutionTime,128.98384912509937
TotalExecutionTime,1736.0587465979625
