InputGenerationTime,0.05791807700006757
ProfilingTime,37.362345282992464
SimulationTime,19.00784960099554
FramaCExecutionTime,106.56665147199237
TotalExecutionTime,2494.623089216999
