InputGenerationTime,0.24693168800149579
ProfilingTime,44.498924676008755
SimulationTime,48.852805447997525
FramaCExecutionTime,135.26416748500196
TotalExecutionTime,2543.8969799690094
