InputGenerationTime,0.18446814600611106
ProfilingTime,23.83816205599578
SimulationTime,213.9025638810126
FramaCExecutionTime,112.07018067297759
TotalExecutionTime,12211.527468150016
