InputGenerationTime,0.08512004901422188
ProfilingTime,26.19153530499898
SimulationTime,6.479865909030195
FramaCExecutionTime,94.62754339398816
TotalExecutionTime,513.1487189740292
