InputGenerationTime,0.1907245700713247
ProfilingTime,20.710825141053647
SimulationTime,551.1338487549219
FramaCExecutionTime,107.36546195601113
TotalExecutionTime,5474.355404971051
