InputGenerationTime,0.1036995750037022
ProfilingTime,40.99958857700403
SimulationTime,24.620656297003734
FramaCExecutionTime,128.76921959100582
TotalExecutionTime,6994.545598773999
