InputGenerationTime,0.20294841800205177
ProfilingTime,35.928033739000966
SimulationTime,25.167555389998597
FramaCExecutionTime,122.89071526799671
TotalExecutionTime,3071.4193958139986
