InputGenerationTime,0.2641803329997856
ProfilingTime,28.686780226000337
SimulationTime,233.25344658499853
FramaCExecutionTime,119.66695576599977
TotalExecutionTime,2998.0858566340003
