InputGenerationTime,0.13775036500010174
ProfilingTime,26.27241504599806
SimulationTime,109.94273246100056
FramaCExecutionTime,94.25399721999565
TotalExecutionTime,3962.0172550210045
