InputGenerationTime,0.22197016500285827
ProfilingTime,26.669733605987858
SimulationTime,19.00734342299984
FramaCExecutionTime,102.733615930003
TotalExecutionTime,3907.2005929440056
