InputGenerationTime,0.08807973000511993
ProfilingTime,34.568826129005174
SimulationTime,24.34452872899419
FramaCExecutionTime,104.4215551840025
TotalExecutionTime,483.6493075699982
