InputGenerationTime,0.04915673100913409
ProfilingTime,28.647907951992238
SimulationTime,11.144152218010277
FramaCExecutionTime,104.74350526298804
TotalExecutionTime,1269.0711606080004
