InputGenerationTime,0.23642875702353194
ProfilingTime,36.56110901996726
SimulationTime,191.25098604900995
FramaCExecutionTime,115.11188443098217
TotalExecutionTime,3342.362663758977
