InputGenerationTime,0.254091541050002
ProfilingTime,27.86635597399436
SimulationTime,12.388486766023561
FramaCExecutionTime,138.49859954905696
TotalExecutionTime,725.1301797729684
