InputGenerationTime,0.06233766500008642
ProfilingTime,9.937274915999296
SimulationTime,6.817372647001321
FramaCExecutionTime,47.2595315919998
TotalExecutionTime,1022.104252398999
