InputGenerationTime,0.21389529504813254
ProfilingTime,25.70822433696594
SimulationTime,57.61947727098595
FramaCExecutionTime,119.5768579680007
TotalExecutionTime,3265.857007200015
