InputGenerationTime,0.07921701300074346
ProfilingTime,33.47870731999865
SimulationTime,25.337289727001917
FramaCExecutionTime,105.26931427200907
TotalExecutionTime,3316.621446387988
