InputGenerationTime,0.27328697097254917
ProfilingTime,23.83884363301331
SimulationTime,13.409160381008405
FramaCExecutionTime,120.04880065802718
TotalExecutionTime,3515.735961386992
