InputGenerationTime,0.06673876900458708
ProfilingTime,28.30827489803778
SimulationTime,13.34586835000664
FramaCExecutionTime,105.7249488600064
TotalExecutionTime,1370.7875398590113
