InputGenerationTime,0.33293280099951517
ProfilingTime,27.040242555000077
SimulationTime,20.894422561999818
FramaCExecutionTime,130.06025948600018
TotalExecutionTime,4536.325741924
