InputGenerationTime,0.1260524740209803
ProfilingTime,23.227767860982567
SimulationTime,65.35549756500404
FramaCExecutionTime,94.21775655599777
TotalExecutionTime,6771.132908225001
