InputGenerationTime,0.294005884003127
ProfilingTime,30.209381093998672
SimulationTime,24.717572923982516
FramaCExecutionTime,120.10160090000136
TotalExecutionTime,979.5411682240083
