InputGenerationTime,0.04072097299649613
ProfilingTime,24.246272058000613
SimulationTime,17.356076846001088
FramaCExecutionTime,95.01072702199599
TotalExecutionTime,3234.1947374830015
