InputGenerationTime,0.2563665369998489
ProfilingTime,29.74099823999859
SimulationTime,235.19713114299884
FramaCExecutionTime,119.80670238400126
TotalExecutionTime,8635.257464215
