InputGenerationTime,0.18929134996142238
ProfilingTime,25.38412809500005
SimulationTime,9.945168720034417
FramaCExecutionTime,116.21079802402528
TotalExecutionTime,20221.264310561004
