InputGenerationTime,0.29270844598067924
ProfilingTime,30.558913649001624
SimulationTime,85.13316064799437
FramaCExecutionTime,116.0746045949927
TotalExecutionTime,2639.3916817669815
