InputGenerationTime,0.1727162059978582
ProfilingTime,33.00160756200785
SimulationTime,111.03865037698415
FramaCExecutionTime,121.51857166702393
TotalExecutionTime,4487.788624668989
