InputGenerationTime,0.03647145791910589
ProfilingTime,18.561666497960687
SimulationTime,210.44555454107467
FramaCExecutionTime,90.35240423900541
TotalExecutionTime,5195.418139248039
