InputGenerationTime,0.08069608799996786
ProfilingTime,32.21846818800259
SimulationTime,18.04716360400198
FramaCExecutionTime,106.32470165600535
TotalExecutionTime,4845.721427308003
