InputGenerationTime,0.294005884003127
ProfilingTime,31.52120574802393
SimulationTime,24.13054475397803
FramaCExecutionTime,120.10160090000136
TotalExecutionTime,618.1363101240131
