InputGenerationTime,0.08069608799996786
ProfilingTime,30.538044938002713
SimulationTime,18.458138913993025
FramaCExecutionTime,106.32470165600535
TotalExecutionTime,4486.388609678004
