InputGenerationTime,0.19021941302344203
ProfilingTime,21.309158619027585
SimulationTime,212.10064955602866
FramaCExecutionTime,113.54233702400234
TotalExecutionTime,7317.8022926219855
