InputGenerationTime,0.22577400295995176
ProfilingTime,20.344195680925623
SimulationTime,41.63841328106355
FramaCExecutionTime,109.5923128289869
TotalExecutionTime,2415.9809740689816
