InputGenerationTime,0.2893862620694563
ProfilingTime,21.807645549997687
SimulationTime,10.142224855953828
FramaCExecutionTime,117.19879986299202
TotalExecutionTime,1762.7352778610075
