InputGenerationTime,0.5126059039903339
ProfilingTime,30.505938303977018
SimulationTime,14.818379148986423
FramaCExecutionTime,134.92843663701206
TotalExecutionTime,1584.683658679016
