InputGenerationTime,0.1727162059978582
ProfilingTime,23.583087893028278
SimulationTime,295.108191264997
FramaCExecutionTime,121.51857166702393
TotalExecutionTime,4806.559509205981
