InputGenerationTime,0.07135240799834719
ProfilingTime,26.248697246999654
SimulationTime,11.405515275000653
FramaCExecutionTime,96.4827041699973
TotalExecutionTime,586.4151346840008
