InputGenerationTime,0.2978791029963759
ProfilingTime,29.193656686002214
SimulationTime,21.455081811996934
FramaCExecutionTime,94.0850575910008
TotalExecutionTime,691.2883587819961
