InputGenerationTime,0.06782107497565448
ProfilingTime,20.079052870860323
SimulationTime,19.350395949091762
FramaCExecutionTime,91.11508935387246
TotalExecutionTime,1468.571517863078
