InputGenerationTime,0.03624822100005076
ProfilingTime,23.012231659000008
SimulationTime,16.199970540000095
FramaCExecutionTime,107.40131508900004
TotalExecutionTime,563.910247062
