InputGenerationTime,0.5459449000190943
ProfilingTime,23.67437016699114
SimulationTime,14.80172133501037
FramaCExecutionTime,142.59089715700247
TotalExecutionTime,2817.856123064994
