InputGenerationTime,0.05124002699449193
ProfilingTime,29.336571633000858
SimulationTime,41.14904232599656
FramaCExecutionTime,104.36231635800505
TotalExecutionTime,5264.576107367
