InputGenerationTime,0.06933283800026402
ProfilingTime,26.415766192018054
SimulationTime,18.253107851953246
FramaCExecutionTime,104.76876791298855
TotalExecutionTime,2941.9036396349547
