InputGenerationTime,0.27328697097254917
ProfilingTime,20.811255392967723
SimulationTime,13.221302361984272
FramaCExecutionTime,120.04880065802718
TotalExecutionTime,3403.4415179109783
