InputGenerationTime,0.07135240799834719
ProfilingTime,26.1986548079949
SimulationTime,13.049136754998472
FramaCExecutionTime,96.4827041699973
TotalExecutionTime,782.4035095240033
