InputGenerationTime,0.28151840600185096
ProfilingTime,27.602823855995666
SimulationTime,20.946950486977585
FramaCExecutionTime,123.84468328399817
TotalExecutionTime,4261.730011500011
