InputGenerationTime,0.24693168800149579
ProfilingTime,43.244933324996964
SimulationTime,47.63835746899713
FramaCExecutionTime,135.26416748500196
TotalExecutionTime,2183.644388451008
