InputGenerationTime,0.5458302329934668
ProfilingTime,32.49531465698965
SimulationTime,14.34539499800303
FramaCExecutionTime,135.8646732600173
TotalExecutionTime,2916.8865459320077
