InputGenerationTime,0.06064719200367108
ProfilingTime,29.784269382013008
SimulationTime,15.451614157005679
FramaCExecutionTime,106.90652724599931
TotalExecutionTime,1452.7007256760262
