InputGenerationTime,0.07310996500018518
ProfilingTime,39.40715891998843
SimulationTime,24.705564150994178
FramaCExecutionTime,106.17393734199868
TotalExecutionTime,2497.245260816999
