InputGenerationTime,0.2550414989818819
ProfilingTime,26.631070800998714
SimulationTime,12.045094006985892
FramaCExecutionTime,119.64459108404117
TotalExecutionTime,2821.9800223999773
