InputGenerationTime,0.3343403210164979
ProfilingTime,23.285048651043326
SimulationTime,12.644651824026369
FramaCExecutionTime,124.28450092894491
TotalExecutionTime,689.8697906179586
