InputGenerationTime,0.20938648599985754
ProfilingTime,29.3037427340023
SimulationTime,23.75346484399779
FramaCExecutionTime,100.2116976210018
TotalExecutionTime,1901.090162913999
