InputGenerationTime,0.2937192200042773
ProfilingTime,33.86457393298042
SimulationTime,14.254002256988315
FramaCExecutionTime,131.4051270929922
TotalExecutionTime,2847.3091634480224
