InputGenerationTime,0.24733186499997828
ProfilingTime,29.099179678999917
SimulationTime,20.46138924500019
FramaCExecutionTime,124.64607925199971
TotalExecutionTime,3470.683354973
