InputGenerationTime,0.0801443759992253
ProfilingTime,26.263413297987427
SimulationTime,11.938018827000633
FramaCExecutionTime,100.1416515919991
TotalExecutionTime,2833.964747424994
