InputGenerationTime,0.23642875702353194
ProfilingTime,48.3136077359668
SimulationTime,194.39142475399422
FramaCExecutionTime,115.11188443098217
TotalExecutionTime,7436.848555626988
