InputGenerationTime,0.145248580025509
ProfilingTime,35.1360121149919
SimulationTime,79.59994583600201
FramaCExecutionTime,108.04990905203158
TotalExecutionTime,9391.364908272983
