InputGenerationTime,0.18446814600611106
ProfilingTime,20.694778950011823
SimulationTime,211.39821750397095
FramaCExecutionTime,112.07018067297759
TotalExecutionTime,12682.05123252899
