InputGenerationTime,0.23208729503676295
ProfilingTime,26.066959949035663
SimulationTime,70.44702390598832
FramaCExecutionTime,100.15079668501858
TotalExecutionTime,2302.4310837860103
