InputGenerationTime,0.05246901400096249
ProfilingTime,27.116318704996957
SimulationTime,16.783415231999243
FramaCExecutionTime,99.9211063440016
TotalExecutionTime,3434.093751387991
