InputGenerationTime,0.29120918099943083
ProfilingTime,42.66712946999178
SimulationTime,295.1110042240034
FramaCExecutionTime,140.39637216499978
TotalExecutionTime,18622.449463352998
