InputGenerationTime,0.15295539499493316
ProfilingTime,24.201655933997245
SimulationTime,16.337628859997494
FramaCExecutionTime,89.9493181259968
TotalExecutionTime,1345.1482720170025
