InputGenerationTime,0.05791807700006757
ProfilingTime,33.71412778699596
SimulationTime,15.64291942199634
FramaCExecutionTime,106.56665147199237
TotalExecutionTime,1651.8454537569924
