InputGenerationTime,0.131118303979747
ProfilingTime,39.01653792592697
SimulationTime,937.6635936270468
FramaCExecutionTime,108.81593526701909
TotalExecutionTime,11402.128876046161
