InputGenerationTime,0.1216452280023077
ProfilingTime,35.87974756199765
SimulationTime,18.144829922999634
FramaCExecutionTime,109.55363374899753
TotalExecutionTime,1326.4962636669989
