InputGenerationTime,0.0801443759992253
ProfilingTime,27.018873802997405
SimulationTime,14.90492305099906
FramaCExecutionTime,100.1416515919991
TotalExecutionTime,2500.0770224809967
