InputGenerationTime,0.03560964995995164
ProfilingTime,18.643622954026796
SimulationTime,33.944301145966165
FramaCExecutionTime,89.09152986505069
TotalExecutionTime,2390.0557042410364
