InputGenerationTime,0.05547416885383427
ProfilingTime,26.000844941008836
SimulationTime,16.639044512063265
FramaCExecutionTime,95.88349860697053
TotalExecutionTime,1463.7276866890024
