InputGenerationTime,0.0712742239702493
ProfilingTime,28.67490737902699
SimulationTime,19.647248865978327
FramaCExecutionTime,105.79948802501895
TotalExecutionTime,1600.9123516299878
