InputGenerationTime,0.08297437703004107
ProfilingTime,25.59283014299581
SimulationTime,33.07064449903555
FramaCExecutionTime,103.6552166279871
TotalExecutionTime,3847.1176212420105
