InputGenerationTime,0.03794739185832441
ProfilingTime,19.934110116912052
SimulationTime,12.23850905499421
FramaCExecutionTime,90.95548496907577
TotalExecutionTime,410.7560327628162
