InputGenerationTime,0.06748960799995984
ProfilingTime,13.101965314999688
SimulationTime,7.25071913300053
FramaCExecutionTime,45.455020551000416
TotalExecutionTime,263.4620919879999
