InputGenerationTime,0.0675285549950786
ProfilingTime,28.501440519990865
SimulationTime,16.887605049007107
FramaCExecutionTime,100.22720573899278
TotalExecutionTime,2132.068039641992
