InputGenerationTime,0.0712742239702493
ProfilingTime,28.76084247295512
SimulationTime,18.18629078398226
FramaCExecutionTime,105.79948802501895
TotalExecutionTime,1505.6607733150013
