InputGenerationTime,0.2581516409991309
ProfilingTime,26.37786592799239
SimulationTime,13.261866674001794
FramaCExecutionTime,121.72503140498884
TotalExecutionTime,10884.359073903004
