InputGenerationTime,0.2554458619997604
ProfilingTime,24.165176950002206
SimulationTime,234.08260468599838
FramaCExecutionTime,133.5833892849987
TotalExecutionTime,18101.266965402003
