InputGenerationTime,0.03625350189395249
ProfilingTime,25.46438543405384
SimulationTime,42.75165558513254
FramaCExecutionTime,93.29361514700577
TotalExecutionTime,1926.6847519460134
