InputGenerationTime,0.07863106299191713
ProfilingTime,29.111876593029592
SimulationTime,17.35423905198695
FramaCExecutionTime,106.38991733599687
TotalExecutionTime,4299.328827607038
