InputGenerationTime,0.19099381403066218
ProfilingTime,33.01888821204193
SimulationTime,216.60791590507142
FramaCExecutionTime,148.47174196795095
TotalExecutionTime,1380.9991602769587
