InputGenerationTime,0.2450625509954989
ProfilingTime,33.76449809601763
SimulationTime,22.512093445053324
FramaCExecutionTime,119.58020104799652
TotalExecutionTime,2048.4591384280357
