InputGenerationTime,0.12260364304529503
ProfilingTime,21.005150320008397
SimulationTime,22.111736993014347
FramaCExecutionTime,105.3618222590303
TotalExecutionTime,2705.928143005003
