InputGenerationTime,0.07854590803617612
ProfilingTime,26.7580077489838
SimulationTime,19.426482943992596
FramaCExecutionTime,107.89253767899936
TotalExecutionTime,4388.134338931995
