InputGenerationTime,0.06782107497565448
ProfilingTime,19.61062764003873
SimulationTime,19.62411992205307
FramaCExecutionTime,91.11508935387246
TotalExecutionTime,1818.1151596391574
