InputGenerationTime,0.05511531299998751
ProfilingTime,22.894918155005143
SimulationTime,218.46466819600028
FramaCExecutionTime,94.72058908399777
TotalExecutionTime,12100.553691268004
