InputGenerationTime,0.06429028999991715
ProfilingTime,26.80431807000423
SimulationTime,15.968355919001624
FramaCExecutionTime,107.19028882699786
TotalExecutionTime,549.2387949640397
