InputGenerationTime,0.29120918099943083
ProfilingTime,41.80449198499264
SimulationTime,266.20875918598904
FramaCExecutionTime,140.39637216499978
TotalExecutionTime,20650.591071757997
