InputGenerationTime,0.11135036498308182
ProfilingTime,23.77564407105092
SimulationTime,18.810518054990098
FramaCExecutionTime,94.48343334102537
TotalExecutionTime,1370.5221634750487
