InputGenerationTime,0.22719534100178862
ProfilingTime,48.56366206199891
SimulationTime,250.100002762003
FramaCExecutionTime,129.50138765100564
TotalExecutionTime,5888.305760535004
