InputGenerationTime,0.04804642405360937
ProfilingTime,20.005567622021772
SimulationTime,10.907046690932475
FramaCExecutionTime,90.74596772296354
TotalExecutionTime,1180.2580998949707
