InputGenerationTime,0.2095904320012778
ProfilingTime,20.32974800397642
SimulationTime,8.89223579899408
FramaCExecutionTime,113.9620377930114
TotalExecutionTime,1271.6309526559198
