InputGenerationTime,0.05978687900096702
ProfilingTime,11.656013392001114
SimulationTime,6.786255304999941
FramaCExecutionTime,49.88949812200008
TotalExecutionTime,609.0349452049995
