InputGenerationTime,0.106488331919536
ProfilingTime,41.02674815407954
SimulationTime,180.8340037809685
FramaCExecutionTime,107.84012395399623
TotalExecutionTime,8557.082213252084
