InputGenerationTime,0.09734716100501828
ProfilingTime,35.62829734499974
SimulationTime,24.13322953900206
FramaCExecutionTime,106.48393925699929
TotalExecutionTime,5363.640916651988
