InputGenerationTime,0.05246901400096249
ProfilingTime,26.607100222012377
SimulationTime,14.487032834003912
FramaCExecutionTime,99.9211063440016
TotalExecutionTime,3817.617369525993
