InputGenerationTime,0.06595401199956541
ProfilingTime,19.388157641999896
SimulationTime,11.488317348999772
FramaCExecutionTime,58.418587621999905
TotalExecutionTime,1314.230105787
