InputGenerationTime,0.21722360595595092
ProfilingTime,39.49629088607617
SimulationTime,239.5362436849391
FramaCExecutionTime,123.38338132703211
TotalExecutionTime,10018.852570736897
