InputGenerationTime,0.06595401199956541
ProfilingTime,17.866018124999755
SimulationTime,11.176122519999808
FramaCExecutionTime,58.418587621999905
TotalExecutionTime,1063.6721191800007
