InputGenerationTime,0.26520692789927125
ProfilingTime,35.20465227297973
SimulationTime,16.843697520089336
FramaCExecutionTime,172.96581168298144
TotalExecutionTime,2255.7537887309445
