InputGenerationTime,0.2537088650001351
ProfilingTime,29.180936523000128
SimulationTime,20.216374927999823
FramaCExecutionTime,127.66620908499999
TotalExecutionTime,1694.561917288
