InputGenerationTime,0.18582355696707964
ProfilingTime,24.69686000799993
SimulationTime,16.297871416958515
FramaCExecutionTime,131.82039032201283
TotalExecutionTime,2574.239604441973
