InputGenerationTime,0.3468931099996553
ProfilingTime,25.68221642199933
SimulationTime,21.042213897999318
FramaCExecutionTime,97.67858885599708
TotalExecutionTime,3250.543932124994
