InputGenerationTime,0.23208729503676295
ProfilingTime,24.708795501035638
SimulationTime,74.40266779396916
FramaCExecutionTime,100.15079668501858
TotalExecutionTime,1867.0398828309844
