InputGenerationTime,0.294005884003127
ProfilingTime,27.151484347996302
SimulationTime,14.755689187004464
FramaCExecutionTime,120.10160090000136
TotalExecutionTime,813.5007575650234
