InputGenerationTime,0.11488254508003592
ProfilingTime,41.95745989901479
SimulationTime,6.088485334068537
FramaCExecutionTime,134.28010943497065
TotalExecutionTime,2851.4313192580594
