InputGenerationTime,0.2333431259903591
ProfilingTime,30.03602854599012
SimulationTime,20.650693109986605
FramaCExecutionTime,126.27864418100216
TotalExecutionTime,2823.560023640981
