InputGenerationTime,0.07834984001237899
ProfilingTime,28.54687306197593
SimulationTime,17.97207170299953
FramaCExecutionTime,108.21301396400668
TotalExecutionTime,371.5046462219907
