InputGenerationTime,0.2087663629790768
ProfilingTime,25.193706652964465
SimulationTime,16.642312800046057
FramaCExecutionTime,115.82717773900367
TotalExecutionTime,783.4927648170851
