InputGenerationTime,0.10488404300122056
ProfilingTime,35.46433346900085
SimulationTime,20.663244579998718
FramaCExecutionTime,118.49847431200033
TotalExecutionTime,2001.152211356999
