InputGenerationTime,0.08780007797759026
ProfilingTime,28.676839966035914
SimulationTime,15.496059461031109
FramaCExecutionTime,107.58787493401906
TotalExecutionTime,2989.251777680998
