InputGenerationTime,0.1260524740209803
ProfilingTime,24.43950981798116
SimulationTime,48.77882872801274
FramaCExecutionTime,94.21775655599777
TotalExecutionTime,7501.916219027014
