InputGenerationTime,0.1036995750037022
ProfilingTime,40.26482432200282
SimulationTime,25.55546338300337
FramaCExecutionTime,128.76921959100582
TotalExecutionTime,6928.39502144001
