InputGenerationTime,0.36768036500143353
ProfilingTime,48.405927651998354
SimulationTime,28.39383871800237
FramaCExecutionTime,132.18089018899627
TotalExecutionTime,541.269800494003
