InputGenerationTime,0.2328068589558825
ProfilingTime,33.63131488801446
SimulationTime,11.841252350015566
FramaCExecutionTime,120.70834039303008
TotalExecutionTime,211.58964674698655
