InputGenerationTime,0.2550414989818819
ProfilingTime,22.63273252901854
SimulationTime,11.602435290988069
FramaCExecutionTime,119.64459108404117
TotalExecutionTime,2093.330695435987
