InputGenerationTime,0.3914520660182461
ProfilingTime,24.44029182801023
SimulationTime,12.305766453035176
FramaCExecutionTime,134.18783874309156
TotalExecutionTime,1240.6984176830156
