InputGenerationTime,0.08908225699997274
ProfilingTime,12.863386711000203
SimulationTime,8.836763403000077
FramaCExecutionTime,48.71309677099998
TotalExecutionTime,690.0066564830004
