InputGenerationTime,0.24175441300030798
ProfilingTime,36.93544287700206
SimulationTime,24.936750399996527
FramaCExecutionTime,151.40488299599383
TotalExecutionTime,2403.514522399055
