InputGenerationTime,0.11123362099897349
ProfilingTime,35.08337401999961
SimulationTime,19.414290540000366
FramaCExecutionTime,111.88471470699733
TotalExecutionTime,2240.8781549630003
