InputGenerationTime,0.5125337750068866
ProfilingTime,29.85639376999461
SimulationTime,15.748640336008975
FramaCExecutionTime,149.69917792000342
TotalExecutionTime,5113.017463691998
