InputGenerationTime,0.2087663629790768
ProfilingTime,24.304061888018623
SimulationTime,16.391595051973127
FramaCExecutionTime,115.82717773900367
TotalExecutionTime,867.4368132620584
