InputGenerationTime,0.106488331919536
ProfilingTime,33.380128973862156
SimulationTime,194.38137306505814
FramaCExecutionTime,107.84012395399623
TotalExecutionTime,10918.847198508913
