InputGenerationTime,0.06673876900458708
ProfilingTime,29.498991512984503
SimulationTime,15.578150194021873
FramaCExecutionTime,105.7249488600064
TotalExecutionTime,1867.431977508997
