InputGenerationTime,0.36039209901355207
ProfilingTime,23.276174225029536
SimulationTime,9.765749844023958
FramaCExecutionTime,125.7520459779771
TotalExecutionTime,4145.512382616056
