InputGenerationTime,0.10224440705496818
ProfilingTime,19.463562189019285
SimulationTime,16.897221278049983
FramaCExecutionTime,96.26200270303525
TotalExecutionTime,169.12801785604097
