InputGenerationTime,0.20075722900219262
ProfilingTime,27.793623735953588
SimulationTime,240.9144168960047
FramaCExecutionTime,120.85969471401768
TotalExecutionTime,18029.50101667398
