InputGenerationTime,0.03624822100005076
ProfilingTime,22.667233562000092
SimulationTime,16.012333996000052
FramaCExecutionTime,107.40131508900004
TotalExecutionTime,726.1288748170002
