InputGenerationTime,0.146842653004569
ProfilingTime,24.374907361001533
SimulationTime,16.65660752200347
FramaCExecutionTime,89.65716592899844
TotalExecutionTime,1131.5832468480003
