InputGenerationTime,0.11135036498308182
ProfilingTime,21.912949569057673
SimulationTime,19.133049219031818
FramaCExecutionTime,94.48343334102537
TotalExecutionTime,1892.77522111102
