InputGenerationTime,0.08263851499941666
ProfilingTime,24.848905022998224
SimulationTime,17.19779428599577
FramaCExecutionTime,98.82215799900587
TotalExecutionTime,1580.232550322995
