InputGenerationTime,0.18538614409044385
ProfilingTime,25.026070098974742
SimulationTime,213.7946866119746
FramaCExecutionTime,110.43824010202661
TotalExecutionTime,4646.6133502710145
