InputGenerationTime,0.22495511300076032
ProfilingTime,28.495765662999474
SimulationTime,236.0989034689992
FramaCExecutionTime,129.21610248100114
TotalExecutionTime,16375.286386443
