InputGenerationTime,0.2333431259903591
ProfilingTime,30.879382206010632
SimulationTime,23.49759976597852
FramaCExecutionTime,126.27864418100216
TotalExecutionTime,2206.2921162050043
