InputGenerationTime,0.1860354489999736
ProfilingTime,29.973174385999982
SimulationTime,19.880045833000054
FramaCExecutionTime,133.846350332
TotalExecutionTime,239.79309487299997
