InputGenerationTime,0.28366624703630805
ProfilingTime,21.264594314037822
SimulationTime,49.39380657998845
FramaCExecutionTime,115.50214947399218
TotalExecutionTime,1014.9056424750015
