InputGenerationTime,0.06748960799995984
ProfilingTime,12.910773644000074
SimulationTime,7.724678160000622
FramaCExecutionTime,45.455020551000416
TotalExecutionTime,303.94349231900014
