InputGenerationTime,0.3343403210164979
ProfilingTime,20.24429229903035
SimulationTime,8.712556656915694
FramaCExecutionTime,124.28450092894491
TotalExecutionTime,211.6596705400152
