InputGenerationTime,0.17436641099993722
ProfilingTime,34.69055465200017
SimulationTime,108.86982004499987
FramaCExecutionTime,111.46580506899954
TotalExecutionTime,255.22807927099984
