InputGenerationTime,0.2550414989818819
ProfilingTime,26.24943186400924
SimulationTime,15.067920005007181
FramaCExecutionTime,119.64459108404117
TotalExecutionTime,2421.6827990819584
