InputGenerationTime,0.24341501500020968
ProfilingTime,24.39914842500002
SimulationTime,106.65655381500255
FramaCExecutionTime,95.7353067160002
TotalExecutionTime,6926.342296581999
