InputGenerationTime,0.0791702719998284
ProfilingTime,10.89984869899854
SimulationTime,7.34138048999921
FramaCExecutionTime,50.45893695700033
TotalExecutionTime,954.0572583139983
