InputGenerationTime,0.20753930194769055
ProfilingTime,18.948273748974316
SimulationTime,216.5388981399592
FramaCExecutionTime,108.56039979495108
TotalExecutionTime,10231.754575075931
