InputGenerationTime,0.13775036500010174
ProfilingTime,27.99597813300352
SimulationTime,121.47807175899652
FramaCExecutionTime,94.25399721999565
TotalExecutionTime,4926.452661623
