InputGenerationTime,0.27123504306655377
ProfilingTime,33.0038021330256
SimulationTime,232.82219306204934
FramaCExecutionTime,121.80990467895754
TotalExecutionTime,387.92750911589246
