InputGenerationTime,0.07644303201232105
ProfilingTime,27.943034998999792
SimulationTime,13.660525191997294
FramaCExecutionTime,99.76022365198878
TotalExecutionTime,1000.5758070349984
