InputGenerationTime,0.1322396129999106
ProfilingTime,12.385572080000202
SimulationTime,8.354834785999628
FramaCExecutionTime,55.91579891600031
TotalExecutionTime,183.48475674900055
