InputGenerationTime,0.3343403210164979
ProfilingTime,25.156767596956342
SimulationTime,12.467827940010466
FramaCExecutionTime,124.28450092894491
TotalExecutionTime,344.5811410950264
