InputGenerationTime,0.09517260299617192
ProfilingTime,30.583331330002693
SimulationTime,22.466693839000072
FramaCExecutionTime,103.24005353699613
TotalExecutionTime,1208.2103314640044
