InputGenerationTime,0.27715257002273574
ProfilingTime,31.205672770011006
SimulationTime,21.16819471400231
FramaCExecutionTime,128.3411734039837
TotalExecutionTime,3709.312108035985
