InputGenerationTime,0.0626839460019255
ProfilingTime,28.43894935300341
SimulationTime,12.674039400997572
FramaCExecutionTime,104.38985318000778
TotalExecutionTime,3936.232817133001
