InputGenerationTime,0.3234236310236156
ProfilingTime,26.709741817961913
SimulationTime,242.99179089901736
FramaCExecutionTime,118.84747565101134
TotalExecutionTime,5041.8181127989665
