InputGenerationTime,0.3468931099996553
ProfilingTime,27.654934250000224
SimulationTime,20.905647701998532
FramaCExecutionTime,97.67858885599708
TotalExecutionTime,2972.684860303998
