InputGenerationTime,0.23208729503676295
ProfilingTime,23.60800096701132
SimulationTime,70.58072319900384
FramaCExecutionTime,100.15079668501858
TotalExecutionTime,569.4501357569825
