InputGenerationTime,0.04155284100124845
ProfilingTime,24.770449575000384
SimulationTime,14.00738507600181
FramaCExecutionTime,96.29844691299877
TotalExecutionTime,1696.423681802
