InputGenerationTime,0.1322396129999106
ProfilingTime,11.594894038000348
SimulationTime,7.3311905090004075
FramaCExecutionTime,55.91579891600031
TotalExecutionTime,344.4185879350007
