InputGenerationTime,0.17901038100171718
ProfilingTime,33.8732447049988
SimulationTime,16.35121049100053
FramaCExecutionTime,117.9092438819971
TotalExecutionTime,3038.2506097680016
