InputGenerationTime,0.23457185400184244
ProfilingTime,23.842289363965392
SimulationTime,64.81716087198583
FramaCExecutionTime,100.63616595900385
TotalExecutionTime,4322.165407575027
