InputGenerationTime,0.22147605799546
ProfilingTime,47.58977156000037
SimulationTime,31.616971306000778
FramaCExecutionTime,139.0204824370012
TotalExecutionTime,5621.841534291001
