InputGenerationTime,0.08780276495963335
ProfilingTime,19.945515150087886
SimulationTime,111.01289486407768
FramaCExecutionTime,97.10535426600836
TotalExecutionTime,1588.246738299029
