InputGenerationTime,0.1727162059978582
ProfilingTime,26.804917155997828
SimulationTime,264.26612667000154
FramaCExecutionTime,121.51857166702393
TotalExecutionTime,6427.53742001098
