InputGenerationTime,0.5117717100074515
ProfilingTime,20.132829541922547
SimulationTime,41.35647125693504
FramaCExecutionTime,127.56641766999383
TotalExecutionTime,189.60253702593036
