InputGenerationTime,0.146842653004569
ProfilingTime,31.14911721399403
SimulationTime,20.778047323001374
FramaCExecutionTime,89.65716592899844
TotalExecutionTime,685.8476100760017
