InputGenerationTime,0.06748960799995984
ProfilingTime,12.247375853999984
SimulationTime,7.592688337001164
FramaCExecutionTime,45.455020551000416
TotalExecutionTime,283.30518998299885
