InputGenerationTime,0.254091541050002
ProfilingTime,26.93587851698976
SimulationTime,12.236297779949382
FramaCExecutionTime,138.49859954905696
TotalExecutionTime,641.6261191609083
