InputGenerationTime,0.18076778999966336
ProfilingTime,41.56528599399826
SimulationTime,23.34909827299998
FramaCExecutionTime,117.59281498999917
TotalExecutionTime,5506.690223672998
