InputGenerationTime,0.2538465560064651
ProfilingTime,40.698020404001
SimulationTime,262.28133545900346
FramaCExecutionTime,147.2809260690119
TotalExecutionTime,22701.468245515003
