InputGenerationTime,0.5576207120029721
ProfilingTime,32.66769580799155
SimulationTime,15.601942926004995
FramaCExecutionTime,137.8231833819882
TotalExecutionTime,1607.4873887920112
