InputGenerationTime,0.09734716100501828
ProfilingTime,30.62018703200738
SimulationTime,18.53627516501001
FramaCExecutionTime,106.48393925699929
TotalExecutionTime,4511.7002368849935
