InputGenerationTime,0.1260524740209803
ProfilingTime,23.137550584971905
SimulationTime,45.528495123027824
FramaCExecutionTime,94.21775655599777
TotalExecutionTime,6406.452943849028
