InputGenerationTime,0.0626839460019255
ProfilingTime,31.019160883995937
SimulationTime,19.571400675995392
FramaCExecutionTime,104.38985318000778
TotalExecutionTime,4415.714164534991
