InputGenerationTime,0.5458302329934668
ProfilingTime,30.574569129006704
SimulationTime,19.40684357000282
FramaCExecutionTime,135.8646732600173
TotalExecutionTime,3675.1112733550253
