InputGenerationTime,0.02344999100023415
ProfilingTime,13.341947939999955
SimulationTime,8.912013983999714
FramaCExecutionTime,44.093769834998966
TotalExecutionTime,683.1821158389994
