InputGenerationTime,0.03794739185832441
ProfilingTime,18.774692358914763
SimulationTime,9.865305873099715
FramaCExecutionTime,90.95548496907577
TotalExecutionTime,119.6477372078225
