InputGenerationTime,0.5126059039903339
ProfilingTime,27.711224798986223
SimulationTime,15.376873178000096
FramaCExecutionTime,134.92843663701206
TotalExecutionTime,1785.491920933011
