InputGenerationTime,0.05953637699712999
ProfilingTime,23.306320659001358
SimulationTime,18.954688106001413
FramaCExecutionTime,106.16420628500055
TotalExecutionTime,843.2789474839956
