InputGenerationTime,0.11488254508003592
ProfilingTime,38.5009404621087
SimulationTime,29.852578305988573
FramaCExecutionTime,134.28010943497065
TotalExecutionTime,2521.9631788759725
