InputGenerationTime,0.24126282497309148
ProfilingTime,19.26865846198052
SimulationTime,216.41980210598558
FramaCExecutionTime,107.74387342808768
TotalExecutionTime,1285.0270660849055
