InputGenerationTime,0.04219626891426742
ProfilingTime,21.762036742875353
SimulationTime,26.14687481895089
FramaCExecutionTime,89.77886800491251
TotalExecutionTime,1732.9031903028954
