InputGenerationTime,0.04915673100913409
ProfilingTime,30.878021614000318
SimulationTime,13.094751599986921
FramaCExecutionTime,104.74350526298804
TotalExecutionTime,476.54308997098997
