InputGenerationTime,0.26520692789927125
ProfilingTime,39.83700883202255
SimulationTime,18.887291121063754
FramaCExecutionTime,172.96581168298144
TotalExecutionTime,2517.5004872638965
