InputGenerationTime,0.06595401199956541
ProfilingTime,24.77738304000013
SimulationTime,13.201001284000085
FramaCExecutionTime,58.418587621999905
TotalExecutionTime,1217.6958346620004
