InputGenerationTime,0.06617910400382243
ProfilingTime,28.972236461006105
SimulationTime,13.491054077996523
FramaCExecutionTime,105.83214284598944
TotalExecutionTime,3694.5841240559967
