InputGenerationTime,0.2754530660167802
ProfilingTime,36.48744335601805
SimulationTime,20.671417765988735
FramaCExecutionTime,142.3172453920124
TotalExecutionTime,4688.760127583024
