InputGenerationTime,0.10281701199710369
ProfilingTime,23.88644304000627
SimulationTime,15.125671401998261
FramaCExecutionTime,95.94782013600343
TotalExecutionTime,3658.692520452998
