InputGenerationTime,0.15295539499493316
ProfilingTime,23.588216880998516
SimulationTime,16.351584879004804
FramaCExecutionTime,89.9493181259968
TotalExecutionTime,2272.235297734005
