InputGenerationTime,0.20294841800205177
ProfilingTime,40.03507679000177
SimulationTime,25.897591345004912
FramaCExecutionTime,122.89071526799671
TotalExecutionTime,2674.823576259998
