InputGenerationTime,0.3234236310236156
ProfilingTime,26.505338029994164
SimulationTime,262.7944800860132
FramaCExecutionTime,118.84747565101134
TotalExecutionTime,408.5212371539674
