InputGenerationTime,0.08888787199975923
ProfilingTime,36.248311999006546
SimulationTime,27.632977895002114
FramaCExecutionTime,102.41301443899283
TotalExecutionTime,1137.1590936369903
