InputGenerationTime,0.21722360595595092
ProfilingTime,45.513329350040294
SimulationTime,244.21711318497546
FramaCExecutionTime,123.38338132703211
TotalExecutionTime,11528.529627053998
