InputGenerationTime,0.08706269499816699
ProfilingTime,40.554705165002815
SimulationTime,7.117467661002593
FramaCExecutionTime,108.95056382500115
TotalExecutionTime,5545.6874247119995
