InputGenerationTime,0.17901038100171718
ProfilingTime,39.78091354799835
SimulationTime,20.856777348999458
FramaCExecutionTime,117.9092438819971
TotalExecutionTime,4242.220370251998
