InputGenerationTime,0.12260364304529503
ProfilingTime,21.389449470036197
SimulationTime,19.29450725496281
FramaCExecutionTime,105.3618222590303
TotalExecutionTime,2566.997073480976
