InputGenerationTime,0.06064719200367108
ProfilingTime,29.881928173999768
SimulationTime,15.835945635975804
FramaCExecutionTime,106.90652724599931
TotalExecutionTime,1867.2448597150506
