InputGenerationTime,0.08614854200277478
ProfilingTime,27.934267314034514
SimulationTime,19.44166920200223
FramaCExecutionTime,108.25941041699843
TotalExecutionTime,4209.845885902003
