InputGenerationTime,0.07834984001237899
ProfilingTime,26.339505718962755
SimulationTime,16.532861944986507
FramaCExecutionTime,108.21301396400668
TotalExecutionTime,278.9618720280123
