InputGenerationTime,0.2623665229184553
ProfilingTime,24.474037976935506
SimulationTime,11.526592175010592
FramaCExecutionTime,115.6550668469863
TotalExecutionTime,767.7486555089708
