InputGenerationTime,0.07569622099981643
ProfilingTime,13.678901265000604
SimulationTime,8.58957332800037
FramaCExecutionTime,48.96770703600032
TotalExecutionTime,432.6798568280001
