InputGenerationTime,0.04487435601186007
ProfilingTime,19.451677826000378
SimulationTime,8.771089912042953
FramaCExecutionTime,89.0224654530175
TotalExecutionTime,1439.4695386369713
