InputGenerationTime,0.24175441300030798
ProfilingTime,36.976655181031674
SimulationTime,23.333871226990595
FramaCExecutionTime,151.40488299599383
TotalExecutionTime,2122.840242648963
