InputGenerationTime,0.0724836889994549
ProfilingTime,22.64774739600034
SimulationTime,215.2915540140002
FramaCExecutionTime,96.025370673
TotalExecutionTime,3644.573019751001
