InputGenerationTime,0.11135036498308182
ProfilingTime,22.167119257966988
SimulationTime,19.674847763963044
FramaCExecutionTime,94.48343334102537
TotalExecutionTime,1735.5888353220653
