InputGenerationTime,0.01746885300053691
ProfilingTime,9.923857857998883
SimulationTime,6.229407082999387
FramaCExecutionTime,39.659135420000894
TotalExecutionTime,746.6959646880005
