InputGenerationTime,0.06828528999994887
ProfilingTime,23.970062470999892
SimulationTime,14.765502557999753
FramaCExecutionTime,95.84660604099963
TotalExecutionTime,2341.519645667
