InputGenerationTime,0.07480276003479958
ProfilingTime,18.663411841960624
SimulationTime,18.350982108153403
FramaCExecutionTime,92.13790134200826
TotalExecutionTime,917.9335725370329
