InputGenerationTime,0.04619556199759245
ProfilingTime,26.288199094997253
SimulationTime,11.519351339957211
FramaCExecutionTime,102.9426576619735
TotalExecutionTime,10431.711355224019
