InputGenerationTime,0.0990121210925281
ProfilingTime,41.504014956066385
SimulationTime,248.89452087506652
FramaCExecutionTime,107.4057569380384
TotalExecutionTime,1965.5281929769553
