InputGenerationTime,0.04533246399660129
ProfilingTime,34.113519042002736
SimulationTime,232.75221801700536
FramaCExecutionTime,102.04172662799829
TotalExecutionTime,14871.179523818995
