InputGenerationTime,0.20075722900219262
ProfilingTime,24.778898735996336
SimulationTime,239.15587011899333
FramaCExecutionTime,120.85969471401768
TotalExecutionTime,17490.684020599
