InputGenerationTime,0.06617910400382243
ProfilingTime,35.241168724998715
SimulationTime,17.168947758997092
FramaCExecutionTime,105.83214284598944
TotalExecutionTime,2959.801190557002
