InputGenerationTime,0.1973126189550385
ProfilingTime,54.338433030003216
SimulationTime,59.01147894602036
FramaCExecutionTime,110.4989025190007
TotalExecutionTime,801.6916690759826
