InputGenerationTime,0.08297437703004107
ProfilingTime,20.483437518996652
SimulationTime,27.082318870991003
FramaCExecutionTime,103.6552166279871
TotalExecutionTime,3632.04155217699
