InputGenerationTime,0.10224440705496818
ProfilingTime,19.227922184974886
SimulationTime,16.99806291295681
FramaCExecutionTime,96.26200270303525
TotalExecutionTime,205.43151758308522
