InputGenerationTime,0.1907245700713247
ProfilingTime,20.65329784702044
SimulationTime,490.78728151204996
FramaCExecutionTime,107.36546195601113
TotalExecutionTime,9816.59582576307
