InputGenerationTime,0.106488331919536
ProfilingTime,32.552421455970034
SimulationTime,194.81267384602688
FramaCExecutionTime,107.84012395399623
TotalExecutionTime,8094.414272431051
