InputGenerationTime,0.06472448515705764
ProfilingTime,18.67003295593895
SimulationTime,209.999494405929
FramaCExecutionTime,89.01774519495666
TotalExecutionTime,1918.340242120903
