InputGenerationTime,0.1860354489999736
ProfilingTime,36.92917251299991
SimulationTime,18.859920047999935
FramaCExecutionTime,133.846350332
TotalExecutionTime,189.82620858000007
