InputGenerationTime,0.2978791029963759
ProfilingTime,23.270565211998473
SimulationTime,17.2054631409992
FramaCExecutionTime,94.0850575910008
TotalExecutionTime,134.8630271919974
