InputGenerationTime,0.05989754600159358
ProfilingTime,23.942922679998446
SimulationTime,18.134888139000395
FramaCExecutionTime,101.61069593699358
TotalExecutionTime,2771.1524796250014
