InputGenerationTime,0.229954885027837
ProfilingTime,25.663441731012426
SimulationTime,19.140046832035296
FramaCExecutionTime,111.18525936000515
TotalExecutionTime,638.7787728990079
