InputGenerationTime,0.13310052594169974
ProfilingTime,33.05404981202446
SimulationTime,26.729585569002666
FramaCExecutionTime,137.11517138092313
TotalExecutionTime,995.5181369410129
