InputGenerationTime,0.3232922659954056
ProfilingTime,19.940277677960694
SimulationTime,54.691849977942184
FramaCExecutionTime,123.42935546697117
TotalExecutionTime,1996.9246508569922
