InputGenerationTime,0.06134531200223137
ProfilingTime,38.581578848999925
SimulationTime,23.467333167995093
FramaCExecutionTime,105.47228164300031
TotalExecutionTime,2175.053147134997
