InputGenerationTime,0.05724849900070694
ProfilingTime,26.338661696998315
SimulationTime,11.138967688002595
FramaCExecutionTime,97.37556695500098
TotalExecutionTime,168.3119189429999
