InputGenerationTime,0.0869224370107986
ProfilingTime,27.56256462901365
SimulationTime,17.80341481004143
FramaCExecutionTime,107.27235301001929
TotalExecutionTime,2756.442067419004
