InputGenerationTime,0.2852700619987445
ProfilingTime,35.34719498100458
SimulationTime,23.144406348001212
FramaCExecutionTime,121.69274858300196
TotalExecutionTime,5096.133886990003
