InputGenerationTime,0.0851615320007113
ProfilingTime,11.756472479000877
SimulationTime,7.575049073999253
FramaCExecutionTime,48.46413284600021
TotalExecutionTime,332.4202655029985
