InputGenerationTime,0.21990838996134698
ProfilingTime,19.99351282394491
SimulationTime,8.952362617012113
FramaCExecutionTime,108.54226218396798
TotalExecutionTime,532.9995068190619
