InputGenerationTime,0.2035223109414801
ProfilingTime,18.970302667003125
SimulationTime,789.7598896319978
FramaCExecutionTime,108.50297766900621
TotalExecutionTime,27905.465376809007
