InputGenerationTime,0.18836116197053343
ProfilingTime,21.65477934095543
SimulationTime,23.15925020299619
FramaCExecutionTime,111.69122295401758
TotalExecutionTime,452.3040495010209
