InputGenerationTime,0.03794739185832441
ProfilingTime,20.663195471046492
SimulationTime,12.332592746941373
FramaCExecutionTime,90.95548496907577
TotalExecutionTime,675.2625700468197
