InputGenerationTime,0.2623665229184553
ProfilingTime,21.45617173204664
SimulationTime,9.067271725041792
FramaCExecutionTime,115.6550668469863
TotalExecutionTime,236.69727000105195
