InputGenerationTime,0.07569622099981643
ProfilingTime,10.559626087999277
SimulationTime,7.156038025000271
FramaCExecutionTime,48.96770703600032
TotalExecutionTime,119.2201995839996
