InputGenerationTime,0.08807973000511993
ProfilingTime,37.395260181001504
SimulationTime,25.501920062000863
FramaCExecutionTime,104.4215551840025
TotalExecutionTime,1220.402416744997
