InputGenerationTime,0.1727162059978582
ProfilingTime,28.231689465988893
SimulationTime,76.5916276909993
FramaCExecutionTime,121.51857166702393
TotalExecutionTime,6646.111399586982
