InputGenerationTime,0.07480276003479958
ProfilingTime,19.757474090903997
SimulationTime,20.615003244020045
FramaCExecutionTime,92.13790134200826
TotalExecutionTime,801.0139817851596
