InputGenerationTime,0.146842653004569
ProfilingTime,25.733779529000458
SimulationTime,17.41129798899783
FramaCExecutionTime,89.65716592899844
TotalExecutionTime,258.2624777650053
