InputGenerationTime,0.1500415460000113
ProfilingTime,36.12455258399996
SimulationTime,23.6506610360002
FramaCExecutionTime,119.5390944679998
TotalExecutionTime,1872.726828208
