InputGenerationTime,0.2567060510045849
ProfilingTime,23.726315872998384
SimulationTime,106.75041077900096
FramaCExecutionTime,101.65106537199608
TotalExecutionTime,10012.024673881002
