InputGenerationTime,0.05547416885383427
ProfilingTime,20.876146567985415
SimulationTime,11.094817222096026
FramaCExecutionTime,95.88349860697053
TotalExecutionTime,2154.7392900360283
