InputGenerationTime,0.1216452280023077
ProfilingTime,35.772401640999306
SimulationTime,18.77677051399951
FramaCExecutionTime,109.55363374899753
TotalExecutionTime,782.1738806110006
