InputGenerationTime,0.1727162059978582
ProfilingTime,37.34480000499752
SimulationTime,102.69947482499992
FramaCExecutionTime,121.51857166702393
TotalExecutionTime,4343.653242685978
