InputGenerationTime,0.1727162059978582
ProfilingTime,28.675318412017077
SimulationTime,261.31597636497463
FramaCExecutionTime,121.51857166702393
TotalExecutionTime,5838.449072629999
