InputGenerationTime,0.2537088650001351
ProfilingTime,27.24189163999972
SimulationTime,21.273878353999862
FramaCExecutionTime,127.66620908499999
TotalExecutionTime,2292.107666486
