InputGenerationTime,0.03625350189395249
ProfilingTime,24.850077603012323
SimulationTime,36.64883509813808
FramaCExecutionTime,93.29361514700577
TotalExecutionTime,2575.1244922759943
