InputGenerationTime,0.06306902691721916
ProfilingTime,20.948825444094837
SimulationTime,10.441175810992718
FramaCExecutionTime,93.3677042729687
TotalExecutionTime,991.6820782648865
