InputGenerationTime,0.2554458619997604
ProfilingTime,24.959669815998495
SimulationTime,232.35297188800178
FramaCExecutionTime,133.5833892849987
TotalExecutionTime,23104.309693267
