InputGenerationTime,0.08119252510368824
ProfilingTime,47.804023055010475
SimulationTime,37.04426635999698
FramaCExecutionTime,113.96024039201438
TotalExecutionTime,3305.3478807940846
