InputGenerationTime,0.2641803329997856
ProfilingTime,24.06985018600062
SimulationTime,227.62641969300057
FramaCExecutionTime,119.66695576599977
TotalExecutionTime,5916.218723605
