InputGenerationTime,0.13775036500010174
ProfilingTime,22.233436620997963
SimulationTime,105.58117100399977
FramaCExecutionTime,94.25399721999565
TotalExecutionTime,6180.129791667001
