InputGenerationTime,0.2014430370181799
ProfilingTime,26.001428313029464
SimulationTime,22.255426643998362
FramaCExecutionTime,128.44977176899556
TotalExecutionTime,1750.5516392179998
