InputGenerationTime,0.30700588898616843
ProfilingTime,27.083597582997754
SimulationTime,20.318636460986454
FramaCExecutionTime,126.14888849700219
TotalExecutionTime,4892.664376342989
