InputGenerationTime,0.03413906300011149
ProfilingTime,20.297410498002137
SimulationTime,214.03173817700008
FramaCExecutionTime,92.74365047799984
TotalExecutionTime,15494.005051022003
