InputGenerationTime,0.19021941302344203
ProfilingTime,21.68329640600132
SimulationTime,213.9262339109555
FramaCExecutionTime,113.54233702400234
TotalExecutionTime,8754.974368723982
