InputGenerationTime,0.0497497089963872
ProfilingTime,35.18994737499452
SimulationTime,228.06908198999008
FramaCExecutionTime,106.16062168798817
TotalExecutionTime,2715.2452936850023
