InputGenerationTime,0.16970555897569284
ProfilingTime,40.23123018100159
SimulationTime,622.6758846970042
FramaCExecutionTime,116.65334182599327
TotalExecutionTime,9306.108368159039
