InputGenerationTime,0.20938648599985754
ProfilingTime,31.15467559300305
SimulationTime,21.327485719994
FramaCExecutionTime,100.2116976210018
TotalExecutionTime,1847.9671502490019
