InputGenerationTime,0.131118303979747
ProfilingTime,40.359135715989396
SimulationTime,1020.0888991260435
FramaCExecutionTime,108.81593526701909
TotalExecutionTime,7275.723389257095
