InputGenerationTime,0.08119252510368824
ProfilingTime,33.03994175908156
SimulationTime,26.390187534037977
FramaCExecutionTime,113.96024039201438
TotalExecutionTime,2634.5624561189907
