InputGenerationTime,0.08053681813180447
ProfilingTime,49.04802935104817
SimulationTime,395.7936197188683
FramaCExecutionTime,106.81704033003189
TotalExecutionTime,29944.70785178698
