InputGenerationTime,0.106488331919536
ProfilingTime,32.559826952870935
SimulationTime,199.63031667191535
FramaCExecutionTime,107.84012395399623
TotalExecutionTime,9010.602823239984
