InputGenerationTime,0.08780276495963335
ProfilingTime,18.507696134969592
SimulationTime,109.95518219901714
FramaCExecutionTime,97.10535426600836
TotalExecutionTime,487.8714226220036
