InputGenerationTime,0.29270844598067924
ProfilingTime,27.429560807999223
SimulationTime,128.4327926999831
FramaCExecutionTime,116.0746045949927
TotalExecutionTime,611.9749803479936
