InputGenerationTime,0.18170733300212305
ProfilingTime,28.764599299996917
SimulationTime,19.602235818005283
FramaCExecutionTime,99.81084801500401
TotalExecutionTime,2854.2747587999984
