InputGenerationTime,0.1776239509927109
ProfilingTime,31.023690093075857
SimulationTime,15.30830983701162
FramaCExecutionTime,144.69820828095544
TotalExecutionTime,285.7938177509932
