InputGenerationTime,0.2749036009190604
ProfilingTime,33.771279879962094
SimulationTime,218.63444523198996
FramaCExecutionTime,159.24751158698928
TotalExecutionTime,8685.410298547009
