InputGenerationTime,0.0724836889994549
ProfilingTime,20.950440872999025
SimulationTime,11.740572722001161
FramaCExecutionTime,96.025370673
TotalExecutionTime,4153.764655415001
