InputGenerationTime,0.2641803329997856
ProfilingTime,25.78073031799977
SimulationTime,231.32866895900042
FramaCExecutionTime,119.66695576599977
TotalExecutionTime,5401.843840274
