InputGenerationTime,0.05978687900096702
ProfilingTime,13.133820105000268
SimulationTime,7.9045012580008915
FramaCExecutionTime,49.88949812200008
TotalExecutionTime,811.940118131999
