InputGenerationTime,0.2095904320012778
ProfilingTime,23.191496087005362
SimulationTime,10.842342250049114
FramaCExecutionTime,113.9620377930114
TotalExecutionTime,1604.1284437159775
