InputGenerationTime,0.2650788240007387
ProfilingTime,40.0526259090002
SimulationTime,113.55776784299997
FramaCExecutionTime,114.57576221599993
TotalExecutionTime,9491.229578516999
