InputGenerationTime,0.13503388699973584
ProfilingTime,36.71921949099851
SimulationTime,113.46873851300188
FramaCExecutionTime,114.96788224999909
TotalExecutionTime,13495.836309196999
