InputGenerationTime,0.18785828900581691
ProfilingTime,43.35785195999779
SimulationTime,24.10204356801114
FramaCExecutionTime,130.39241952699376
TotalExecutionTime,264.3363219110033
