InputGenerationTime,0.08587797201471403
ProfilingTime,29.136446683027316
SimulationTime,72.95842024800368
FramaCExecutionTime,105.58347059699008
TotalExecutionTime,30321.19878355303
