InputGenerationTime,0.11737045999325346
ProfilingTime,51.96543107600883
SimulationTime,37.27432016900275
FramaCExecutionTime,130.64505490900774
TotalExecutionTime,5149.876121459005
