InputGenerationTime,0.04072097299649613
ProfilingTime,24.667088247995707
SimulationTime,15.407030317001045
FramaCExecutionTime,95.01072702199599
TotalExecutionTime,3797.0516520769997
