InputGenerationTime,0.0675285549950786
ProfilingTime,25.598735334002413
SimulationTime,15.606659530996694
FramaCExecutionTime,100.22720573899278
TotalExecutionTime,1696.6636261609965
