InputGenerationTime,0.03731615799915744
ProfilingTime,26.13039274699986
SimulationTime,12.55570828699274
FramaCExecutionTime,98.2822837460044
TotalExecutionTime,1689.5844739950044
