InputGenerationTime,0.30299885899876244
ProfilingTime,30.440996254008496
SimulationTime,19.726514501991915
FramaCExecutionTime,115.40188249299536
TotalExecutionTime,392.9698135039944
