InputGenerationTime,0.38357829499727814
ProfilingTime,23.41857795300166
SimulationTime,17.493051851000928
FramaCExecutionTime,101.32164939100039
TotalExecutionTime,4704.748067190994
