InputGenerationTime,0.18785828900581691
ProfilingTime,57.62686185100756
SimulationTime,40.99206104899349
FramaCExecutionTime,130.39241952699376
TotalExecutionTime,1459.065832349006
