InputGenerationTime,0.5459449000190943
ProfilingTime,32.30222902499372
SimulationTime,21.659602069994435
FramaCExecutionTime,142.59089715700247
TotalExecutionTime,3259.6174879850005
