InputGenerationTime,0.0652667719987221
ProfilingTime,26.19937371701235
SimulationTime,23.80735449201893
FramaCExecutionTime,107.56037442997331
TotalExecutionTime,4309.807156091032
