InputGenerationTime,0.0497497089963872
ProfilingTime,37.144477419002214
SimulationTime,232.21894198399968
FramaCExecutionTime,106.16062168798817
TotalExecutionTime,4908.293321418998
