InputGenerationTime,0.2978791029963759
ProfilingTime,24.799727874000382
SimulationTime,18.511845014996652
FramaCExecutionTime,94.0850575910008
TotalExecutionTime,1180.840600686999
