InputGenerationTime,0.5126059039903339
ProfilingTime,30.93754301100853
SimulationTime,23.22741784399841
FramaCExecutionTime,134.92843663701206
TotalExecutionTime,2367.2279504530015
