InputGenerationTime,0.3914520660182461
ProfilingTime,20.648469001986086
SimulationTime,9.735520200920291
FramaCExecutionTime,134.18783874309156
TotalExecutionTime,1710.2794824109878
