InputGenerationTime,0.08908225699997274
ProfilingTime,11.40047821600001
SimulationTime,7.596910031999869
FramaCExecutionTime,48.71309677099998
TotalExecutionTime,977.1173590930002
