InputGenerationTime,0.08706269499816699
ProfilingTime,41.03051727300044
SimulationTime,30.835590370999853
FramaCExecutionTime,108.95056382500115
TotalExecutionTime,5818.552790808
