InputGenerationTime,0.19099381403066218
ProfilingTime,37.16918157192413
SimulationTime,9.914306752034463
FramaCExecutionTime,148.47174196795095
TotalExecutionTime,4510.55263741198
