InputGenerationTime,0.08780276495963335
ProfilingTime,18.988207449088804
SimulationTime,109.77877735393122
FramaCExecutionTime,97.10535426600836
TotalExecutionTime,745.729184736032
