InputGenerationTime,0.22197016500285827
ProfilingTime,28.664749107003445
SimulationTime,20.918332367989933
FramaCExecutionTime,102.733615930003
TotalExecutionTime,4099.0407239500055
