InputGenerationTime,0.01746885300053691
ProfilingTime,10.159512267000537
SimulationTime,6.228675747001034
FramaCExecutionTime,39.659135420000894
TotalExecutionTime,714.0561460139998
