InputGenerationTime,0.06617910400382243
ProfilingTime,30.92798150300223
SimulationTime,12.50453316399944
FramaCExecutionTime,105.83214284598944
TotalExecutionTime,2812.685848797002
