InputGenerationTime,0.2550414989818819
ProfilingTime,24.12520576501265
SimulationTime,12.400403750012629
FramaCExecutionTime,119.64459108404117
TotalExecutionTime,2231.212743341981
