InputGenerationTime,0.09517260299617192
ProfilingTime,30.386460767003882
SimulationTime,21.352708190999692
FramaCExecutionTime,103.24005353699613
TotalExecutionTime,446.685342443001
