InputGenerationTime,0.31785363605013117
ProfilingTime,26.986365594959352
SimulationTime,19.842030822997913
FramaCExecutionTime,117.68211280897958
TotalExecutionTime,993.3082185839885
