InputGenerationTime,0.04619556199759245
ProfilingTime,27.383502214041073
SimulationTime,237.10146624501795
FramaCExecutionTime,102.9426576619735
TotalExecutionTime,10133.640943432983
