InputGenerationTime,0.02344999100023415
ProfilingTime,16.412285720998625
SimulationTime,8.826129989998662
FramaCExecutionTime,44.093769834998966
TotalExecutionTime,903.2583239609994
