InputGenerationTime,0.18249052000464872
ProfilingTime,24.89656136999838
SimulationTime,49.94632220698986
FramaCExecutionTime,95.15639482502593
TotalExecutionTime,5269.869188741024
