InputGenerationTime,0.27328697097254917
ProfilingTime,20.99355547101004
SimulationTime,12.372705693007447
FramaCExecutionTime,120.04880065802718
TotalExecutionTime,3105.8084605449694
