InputGenerationTime,0.04804642405360937
ProfilingTime,20.93112368893344
SimulationTime,11.006796934991144
FramaCExecutionTime,90.74596772296354
TotalExecutionTime,1603.2343583429465
