InputGenerationTime,0.0497497089963872
ProfilingTime,32.780007585999556
SimulationTime,226.80889582600503
FramaCExecutionTime,106.16062168798817
TotalExecutionTime,2974.9063862309995
