InputGenerationTime,0.04074582800240023
ProfilingTime,24.904534347999288
SimulationTime,11.050568864000525
FramaCExecutionTime,95.56120953299978
TotalExecutionTime,1525.0893543510028
