InputGenerationTime,0.07230846700258553
ProfilingTime,24.813085981004406
SimulationTime,233.973803839006
FramaCExecutionTime,106.69600580900442
TotalExecutionTime,18987.97376565903
