InputGenerationTime,0.2616646940005012
ProfilingTime,49.145094333995075
SimulationTime,40.453015095998126
FramaCExecutionTime,136.35455956900114
TotalExecutionTime,2542.613302261998
