InputGenerationTime,0.3488004950049799
ProfilingTime,31.15960797900334
SimulationTime,26.331733582017478
FramaCExecutionTime,131.56218258899753
TotalExecutionTime,4553.102682341996
