InputGenerationTime,0.12260364304529503
ProfilingTime,20.936131577997003
SimulationTime,18.691605521016754
FramaCExecutionTime,105.3618222590303
TotalExecutionTime,2446.393353299005
