InputGenerationTime,0.5459449000190943
ProfilingTime,30.33916261201375
SimulationTime,14.588412430981407
FramaCExecutionTime,142.59089715700247
TotalExecutionTime,2862.9032589049893
