InputGenerationTime,0.08908225699997274
ProfilingTime,11.557327427000018
SimulationTime,8.020664141999987
FramaCExecutionTime,48.71309677099998
TotalExecutionTime,773.9167808970005
