InputGenerationTime,0.3914520660182461
ProfilingTime,23.061844469048083
SimulationTime,11.886732776998542
FramaCExecutionTime,134.18783874309156
TotalExecutionTime,1378.1517850939417
