InputGenerationTime,0.13503388699973584
ProfilingTime,39.527653343000566
SimulationTime,9.21595791800064
FramaCExecutionTime,114.96788224999909
TotalExecutionTime,12903.034070661
