InputGenerationTime,0.1973126189550385
ProfilingTime,61.30412603303557
SimulationTime,57.1723282019957
FramaCExecutionTime,110.4989025190007
TotalExecutionTime,1722.748077663011
