InputGenerationTime,0.2581516409991309
ProfilingTime,28.348491540004034
SimulationTime,245.50657316297293
FramaCExecutionTime,121.72503140498884
TotalExecutionTime,10574.65868776897
