InputGenerationTime,0.06673876900458708
ProfilingTime,26.625722989963833
SimulationTime,11.90068153705215
FramaCExecutionTime,105.7249488600064
TotalExecutionTime,2224.0536493940162
