InputGenerationTime,0.1036995750037022
ProfilingTime,42.304943246999756
SimulationTime,26.016191539005376
FramaCExecutionTime,128.76921959100582
TotalExecutionTime,7796.167221936004
