InputGenerationTime,0.1776239509927109
ProfilingTime,40.88972617301624
SimulationTime,23.98824183200486
FramaCExecutionTime,144.69820828095544
TotalExecutionTime,1384.9994644169929
