InputGenerationTime,0.03794739185832441
ProfilingTime,20.859684834023938
SimulationTime,9.680096126860008
FramaCExecutionTime,90.95548496907577
TotalExecutionTime,181.03008167794906
