InputGenerationTime,0.06306902691721916
ProfilingTime,21.870654605096206
SimulationTime,12.707790709100664
FramaCExecutionTime,93.3677042729687
TotalExecutionTime,1652.3655982669443
