InputGenerationTime,0.06989308199990774
ProfilingTime,24.67738206699869
SimulationTime,6.176482558999851
FramaCExecutionTime,94.03919311700156
TotalExecutionTime,1783.9482572349953
