InputGenerationTime,0.22719534100178862
ProfilingTime,58.562787057002424
SimulationTime,260.9111846470041
FramaCExecutionTime,129.50138765100564
TotalExecutionTime,4893.735632352
