InputGenerationTime,0.24126282497309148
ProfilingTime,18.77531091601122
SimulationTime,217.19381327403244
FramaCExecutionTime,107.74387342808768
TotalExecutionTime,814.2759158089757
