InputGenerationTime,0.03413906300011149
ProfilingTime,21.182080098998995
SimulationTime,215.48590667100143
FramaCExecutionTime,92.74365047799984
TotalExecutionTime,14518.975968122002
