InputGenerationTime,0.2941565380024258
ProfilingTime,29.791176086000632
SimulationTime,15.894358583987923
FramaCExecutionTime,119.22128029901069
TotalExecutionTime,2811.391440010979
