InputGenerationTime,0.18076778999966336
ProfilingTime,38.831619690998195
SimulationTime,22.98398790599822
FramaCExecutionTime,117.59281498999917
TotalExecutionTime,5191.901052588
