InputGenerationTime,0.06429028999991715
ProfilingTime,28.265543319983408
SimulationTime,15.75455716898432
FramaCExecutionTime,107.19028882699786
TotalExecutionTime,684.2093396410346
