InputGenerationTime,0.28151840600185096
ProfilingTime,26.617977756017353
SimulationTime,21.436571892001666
FramaCExecutionTime,123.84468328399817
TotalExecutionTime,4357.133298834029
