InputGenerationTime,0.17436641099993722
ProfilingTime,39.084576073999415
SimulationTime,113.29114485299942
FramaCExecutionTime,111.46580506899954
TotalExecutionTime,2038.247019979999
