InputGenerationTime,0.3232922659954056
ProfilingTime,24.273195435060188
SimulationTime,63.54732312995475
FramaCExecutionTime,123.42935546697117
TotalExecutionTime,2896.8657263799105
