InputGenerationTime,0.11123362099897349
ProfilingTime,32.65368983100052
SimulationTime,19.378513471001497
FramaCExecutionTime,111.88471470699733
TotalExecutionTime,2879.188081802
