InputGenerationTime,0.04619556199759245
ProfilingTime,24.82699151203269
SimulationTime,232.3773249950027
FramaCExecutionTime,102.9426576619735
TotalExecutionTime,11727.908827306004
