InputGenerationTime,0.06064719200367108
ProfilingTime,27.86604019603692
SimulationTime,13.092652494029608
FramaCExecutionTime,106.90652724599931
TotalExecutionTime,1407.3224423820502
