InputGenerationTime,0.11737045999325346
ProfilingTime,51.39193714100111
SimulationTime,36.23924454499502
FramaCExecutionTime,130.64505490900774
TotalExecutionTime,5493.841837722997
