InputGenerationTime,0.07230846700258553
ProfilingTime,23.606549865973648
SimulationTime,231.63218689803034
FramaCExecutionTime,106.69600580900442
TotalExecutionTime,18729.127647844027
