InputGenerationTime,0.06134430388920009
ProfilingTime,25.91391147999093
SimulationTime,15.92946586292237
FramaCExecutionTime,95.81497655203566
TotalExecutionTime,1500.0436969529837
