InputGenerationTime,0.03560964995995164
ProfilingTime,19.309322321088985
SimulationTime,32.67894819704816
FramaCExecutionTime,89.09152986505069
TotalExecutionTime,2337.415847733966
