InputGenerationTime,0.06883503001881763
ProfilingTime,28.470921468979213
SimulationTime,17.274515067983884
FramaCExecutionTime,106.64326668903232
TotalExecutionTime,1476.746543323039
