InputGenerationTime,0.24693168800149579
ProfilingTime,49.78905018499063
SimulationTime,56.36976237600902
FramaCExecutionTime,135.26416748500196
TotalExecutionTime,2754.949822339011
