InputGenerationTime,0.05441822297871113
ProfilingTime,22.991117442958057
SimulationTime,213.02719301101752
FramaCExecutionTime,93.7210614560172
TotalExecutionTime,2002.6293444698676
