InputGenerationTime,0.08614854200277478
ProfilingTime,28.28456478397129
SimulationTime,18.95581538102124
FramaCExecutionTime,108.25941041699843
TotalExecutionTime,4257.214358594036
