InputGenerationTime,0.06828528999994887
ProfilingTime,22.13100701700023
SimulationTime,16.01607914899978
FramaCExecutionTime,95.84660604099963
TotalExecutionTime,2263.9829169619998
