InputGenerationTime,0.07135240799834719
ProfilingTime,25.292299421998905
SimulationTime,14.00538231399696
FramaCExecutionTime,96.4827041699973
TotalExecutionTime,355.7973225240057
