InputGenerationTime,0.0566682789940387
ProfilingTime,26.183888711995678
SimulationTime,10.139383408008143
FramaCExecutionTime,99.10822514499887
TotalExecutionTime,2134.9307925859976
