InputGenerationTime,0.24693168800149579
ProfilingTime,62.10179371200502
SimulationTime,69.20216091100883
FramaCExecutionTime,135.26416748500196
TotalExecutionTime,3981.6052705559996
