InputGenerationTime,0.24126282497309148
ProfilingTime,20.66783844702877
SimulationTime,218.9729732160922
FramaCExecutionTime,107.74387342808768
TotalExecutionTime,3900.679298812989
