InputGenerationTime,0.21389529504813254
ProfilingTime,27.863068004953675
SimulationTime,65.46503308298998
FramaCExecutionTime,119.5768579680007
TotalExecutionTime,2554.918878889992
