InputGenerationTime,0.08614854200277478
ProfilingTime,25.67916017200332
SimulationTime,12.488672131032217
FramaCExecutionTime,108.25941041699843
TotalExecutionTime,4520.38128770201
