InputGenerationTime,0.06134531200223137
ProfilingTime,31.4405106339982
SimulationTime,18.943196022999473
FramaCExecutionTime,105.47228164300031
TotalExecutionTime,2633.85512720501
