InputGenerationTime,0.18249052000464872
ProfilingTime,23.60618344397517
SimulationTime,34.54006478498923
FramaCExecutionTime,95.15639482502593
TotalExecutionTime,4753.884852967982
