InputGenerationTime,0.03413906300011149
ProfilingTime,21.27531716100202
SimulationTime,213.95100807500057
FramaCExecutionTime,92.74365047799984
TotalExecutionTime,13340.338174208002
