InputGenerationTime,0.3234236310236156
ProfilingTime,29.590091008984018
SimulationTime,243.25634712498868
FramaCExecutionTime,118.84747565101134
TotalExecutionTime,5852.285053703003
