InputGenerationTime,0.145248580025509
ProfilingTime,42.23611328803236
SimulationTime,99.34583496599225
FramaCExecutionTime,108.04990905203158
TotalExecutionTime,11894.267198801972
