InputGenerationTime,0.5249734570097644
ProfilingTime,30.23184759999276
SimulationTime,26.8175487179833
FramaCExecutionTime,148.15377748798346
TotalExecutionTime,4936.62634214299
