InputGenerationTime,0.1260524740209803
ProfilingTime,26.934643546992447
SimulationTime,47.24411585601047
FramaCExecutionTime,94.21775655599777
TotalExecutionTime,7607.907215100015
