InputGenerationTime,0.07644303201232105
ProfilingTime,28.167159996999544
SimulationTime,17.419434548995923
FramaCExecutionTime,99.76022365198878
TotalExecutionTime,343.26804922299925
