InputGenerationTime,0.06472448515705764
ProfilingTime,19.499413728015497
SimulationTime,212.67179428390227
FramaCExecutionTime,89.01774519495666
TotalExecutionTime,2385.3879704419523
