InputGenerationTime,0.07747332500002813
ProfilingTime,29.214717908005696
SimulationTime,19.188436222990276
FramaCExecutionTime,107.59819377001259
TotalExecutionTime,156.10487300899695
