InputGenerationTime,0.10488404300122056
ProfilingTime,36.17833863600026
SimulationTime,18.84317142299915
FramaCExecutionTime,118.49847431200033
TotalExecutionTime,2757.794005969001
