InputGenerationTime,0.21722360595595092
ProfilingTime,33.27589052997064
SimulationTime,229.93849099904764
FramaCExecutionTime,123.38338132703211
TotalExecutionTime,6722.613104715943
