InputGenerationTime,0.08297437703004107
ProfilingTime,26.21064661402488
SimulationTime,36.73350658500567
FramaCExecutionTime,103.6552166279871
TotalExecutionTime,4024.2375722060096
