InputGenerationTime,0.2616646940005012
ProfilingTime,48.972548409998126
SimulationTime,35.792966168999556
FramaCExecutionTime,136.35455956900114
TotalExecutionTime,2452.919229524996
