InputGenerationTime,0.17436641099993722
ProfilingTime,35.6900919740001
SimulationTime,114.6764648999997
FramaCExecutionTime,111.46580506899954
TotalExecutionTime,548.2233448799998
