InputGenerationTime,0.5126059039903339
ProfilingTime,30.42142702601268
SimulationTime,15.925782392994734
FramaCExecutionTime,134.92843663701206
TotalExecutionTime,1495.587818414002
