InputGenerationTime,0.1907245700713247
ProfilingTime,19.64396829600446
SimulationTime,489.753914414905
FramaCExecutionTime,107.36546195601113
TotalExecutionTime,5983.907241481007
