InputGenerationTime,0.05978687900096702
ProfilingTime,12.289524607998828
SimulationTime,8.282056803998785
FramaCExecutionTime,49.88949812200008
TotalExecutionTime,995.6202996060001
