InputGenerationTime,0.2095904320012778
ProfilingTime,22.32883163006045
SimulationTime,10.849097303929739
FramaCExecutionTime,113.9620377930114
TotalExecutionTime,1903.6014212289592
