InputGenerationTime,0.20018389399956504
ProfilingTime,40.62800240699926
SimulationTime,27.855666042999474
FramaCExecutionTime,114.37678537700049
TotalExecutionTime,5758.308526729001
