InputGenerationTime,0.08053681813180447
ProfilingTime,31.8905133260414
SimulationTime,340.0650685490109
FramaCExecutionTime,106.81704033003189
TotalExecutionTime,24984.487618159153
