InputGenerationTime,0.5249734570097644
ProfilingTime,26.70117834600387
SimulationTime,17.84856575698359
FramaCExecutionTime,148.15377748798346
TotalExecutionTime,5146.477651825
