InputGenerationTime,0.0869224370107986
ProfilingTime,25.496139134978876
SimulationTime,17.75104665401159
FramaCExecutionTime,107.27235301001929
TotalExecutionTime,3336.7458581970423
