InputGenerationTime,0.2780745880008908
ProfilingTime,45.73679883099976
SimulationTime,38.254723003003164
FramaCExecutionTime,147.1211182670013
TotalExecutionTime,7023.811394331999
