InputGenerationTime,0.2014430370181799
ProfilingTime,26.423765785992146
SimulationTime,22.687060348980594
FramaCExecutionTime,128.44977176899556
TotalExecutionTime,1882.3136151529616
