InputGenerationTime,0.07863106299191713
ProfilingTime,26.488941572024487
SimulationTime,13.89159438299248
FramaCExecutionTime,106.38991733599687
TotalExecutionTime,3501.694889987004
