InputGenerationTime,0.05246901400096249
ProfilingTime,27.001696257008007
SimulationTime,13.49948709900491
FramaCExecutionTime,99.9211063440016
TotalExecutionTime,4203.545146079996
