InputGenerationTime,0.16970555897569284
ProfilingTime,39.424502833979204
SimulationTime,747.2280314899981
FramaCExecutionTime,116.65334182599327
TotalExecutionTime,14926.462552269048
