InputGenerationTime,0.15557446299999356
ProfilingTime,35.56968081099967
SimulationTime,20.638225548000264
FramaCExecutionTime,114.42043770899954
TotalExecutionTime,4008.0326563619997
