InputGenerationTime,0.2554458619997604
ProfilingTime,24.97865641899989
SimulationTime,237.5511082869998
FramaCExecutionTime,133.5833892849987
TotalExecutionTime,18618.950880096
