InputGenerationTime,0.07834984001237899
ProfilingTime,27.754225815995596
SimulationTime,18.340004782017786
FramaCExecutionTime,108.21301396400668
TotalExecutionTime,561.5215277789976
