InputGenerationTime,0.26157120897551067
ProfilingTime,31.299290020018816
SimulationTime,21.584069237986114
FramaCExecutionTime,121.93693389900727
TotalExecutionTime,1852.4695123870042
