InputGenerationTime,0.12341600493527949
ProfilingTime,45.93575704598334
SimulationTime,51.93521939299535
FramaCExecutionTime,109.50403061194811
TotalExecutionTime,1708.0780262390617
