InputGenerationTime,0.23457185400184244
ProfilingTime,23.68005568301305
SimulationTime,58.532593228970654
FramaCExecutionTime,100.63616595900385
TotalExecutionTime,3794.161473207001
