InputGenerationTime,0.21722360595595092
ProfilingTime,47.28405377804302
SimulationTime,244.45869582996238
FramaCExecutionTime,123.38338132703211
TotalExecutionTime,11182.818984999903
