InputGenerationTime,0.21989744500024244
ProfilingTime,24.903919981967192
SimulationTime,9.902257114998065
FramaCExecutionTime,110.1814316730015
TotalExecutionTime,4149.705433935975
