InputGenerationTime,0.27974674600409344
ProfilingTime,24.474027774995193
SimulationTime,19.788102307007648
FramaCExecutionTime,116.81609825900523
TotalExecutionTime,4281.395866384963
