InputGenerationTime,0.13310052594169974
ProfilingTime,39.57034302607644
SimulationTime,32.24242793500889
FramaCExecutionTime,137.11517138092313
TotalExecutionTime,1135.6660126129864
