InputGenerationTime,0.2450625509954989
ProfilingTime,27.918655109999236
SimulationTime,20.308554541959893
FramaCExecutionTime,119.58020104799652
TotalExecutionTime,1563.8893737689941
