InputGenerationTime,0.36039209901355207
ProfilingTime,24.616052533034235
SimulationTime,213.64686865790281
FramaCExecutionTime,125.7520459779771
TotalExecutionTime,3171.1106442150194
