InputGenerationTime,0.0851615320007113
ProfilingTime,11.084493026999553
SimulationTime,7.247439953000139
FramaCExecutionTime,48.46413284600021
TotalExecutionTime,198.04054715899838
