InputGenerationTime,0.07310996500018518
ProfilingTime,34.01512931899924
SimulationTime,26.92379101300321
FramaCExecutionTime,106.17393734199868
TotalExecutionTime,1903.4053389159963
