InputGenerationTime,0.18538614409044385
ProfilingTime,20.771117056021467
SimulationTime,210.36800393101294
FramaCExecutionTime,110.43824010202661
TotalExecutionTime,805.5530602290528
