InputGenerationTime,0.18249052000464872
ProfilingTime,23.494679241033737
SimulationTime,62.2977114940295
FramaCExecutionTime,95.15639482502593
TotalExecutionTime,5136.986415933003
