InputGenerationTime,0.36768036500143353
ProfilingTime,48.336999161001586
SimulationTime,28.987186641003063
FramaCExecutionTime,132.18089018899627
TotalExecutionTime,1654.2378644549972
