InputGenerationTime,0.23651412897743285
ProfilingTime,22.488987275981344
SimulationTime,11.814217673963867
FramaCExecutionTime,114.27070531004574
TotalExecutionTime,181.0243401209591
