InputGenerationTime,0.08780007797759026
ProfilingTime,29.308605562953744
SimulationTime,14.873257379978895
FramaCExecutionTime,107.58787493401906
TotalExecutionTime,2592.8290101630264
