InputGenerationTime,0.0801443759992253
ProfilingTime,25.84553072298877
SimulationTime,10.872497693999321
FramaCExecutionTime,100.1416515919991
TotalExecutionTime,3202.175423791996
