InputGenerationTime,0.09734716100501828
ProfilingTime,35.486965682997834
SimulationTime,25.24216650899325
FramaCExecutionTime,106.48393925699929
TotalExecutionTime,5182.5312223469955
