InputGenerationTime,0.1860354489999736
ProfilingTime,31.843896083999994
SimulationTime,22.083935702999952
FramaCExecutionTime,133.846350332
TotalExecutionTime,439.2889927
