InputGenerationTime,0.24459180305711925
ProfilingTime,18.725548199028708
SimulationTime,8.437751882942393
FramaCExecutionTime,116.45146760297939
TotalExecutionTime,1103.9883333250182
