InputGenerationTime,0.3232922659954056
ProfilingTime,19.596625840989873
SimulationTime,54.48776695097331
FramaCExecutionTime,123.42935546697117
TotalExecutionTime,1922.2128827369306
