InputGenerationTime,0.15557446299999356
ProfilingTime,33.8424551979997
SimulationTime,21.759043560000464
FramaCExecutionTime,114.42043770899954
TotalExecutionTime,4435.517555660001
