InputGenerationTime,0.09734716100501828
ProfilingTime,36.45133477600757
SimulationTime,24.140830636999453
FramaCExecutionTime,106.48393925699929
TotalExecutionTime,5243.193328734997
