InputGenerationTime,0.21989744500024244
ProfilingTime,20.809777890972327
SimulationTime,210.29210788803175
FramaCExecutionTime,110.1814316730015
TotalExecutionTime,803.6849545550067
