InputGenerationTime,0.12260364304529503
ProfilingTime,25.05623102100799
SimulationTime,22.512948626012076
FramaCExecutionTime,105.3618222590303
TotalExecutionTime,2614.611184993002
