InputGenerationTime,0.24459180305711925
ProfilingTime,18.914366635959595
SimulationTime,8.648031999007799
FramaCExecutionTime,116.45146760297939
TotalExecutionTime,1017.9868068580981
