InputGenerationTime,0.0791702719998284
ProfilingTime,10.318541669999831
SimulationTime,6.417963275000147
FramaCExecutionTime,50.45893695700033
TotalExecutionTime,629.8964226279986
