InputGenerationTime,0.0712742239702493
ProfilingTime,26.240079501003493
SimulationTime,16.841316486010328
FramaCExecutionTime,105.79948802501895
TotalExecutionTime,2254.6181745029753
