InputGenerationTime,0.06064719200367108
ProfilingTime,30.382987373974174
SimulationTime,16.8666142889997
FramaCExecutionTime,106.90652724599931
TotalExecutionTime,2241.263617166027
