InputGenerationTime,0.2537088650001351
ProfilingTime,25.09156106799992
SimulationTime,16.809678288000214
FramaCExecutionTime,127.66620908499999
TotalExecutionTime,2528.8834952059997
