InputGenerationTime,0.03941600100370124
ProfilingTime,23.47459125399473
SimulationTime,218.8655338440003
FramaCExecutionTime,95.25604605099943
TotalExecutionTime,7174.631907064999
