InputGenerationTime,0.08208400999865262
ProfilingTime,23.478295134998916
SimulationTime,217.7612747960011
FramaCExecutionTime,96.04302714300138
TotalExecutionTime,4171.989478435004
