InputGenerationTime,0.22179850202519447
ProfilingTime,32.56990299699828
SimulationTime,62.047945872996934
FramaCExecutionTime,150.7494653709
TotalExecutionTime,4104.193906159955
