InputGenerationTime,0.11737045999325346
ProfilingTime,60.61347997598932
SimulationTime,46.51820937500452
FramaCExecutionTime,130.64505490900774
TotalExecutionTime,6171.949721298006
