InputGenerationTime,0.06134531200223137
ProfilingTime,33.56788305500231
SimulationTime,19.420994637999684
FramaCExecutionTime,105.47228164300031
TotalExecutionTime,1837.6142668609973
