InputGenerationTime,0.02344999100023415
ProfilingTime,15.698151171000063
SimulationTime,7.749577398999463
FramaCExecutionTime,44.093769834998966
TotalExecutionTime,1024.5743057439995
