InputGenerationTime,0.08069608799996786
ProfilingTime,34.9479755830107
SimulationTime,23.964864831999876
FramaCExecutionTime,106.32470165600535
TotalExecutionTime,5009.32551186101
