InputGenerationTime,0.18418349499552278
ProfilingTime,41.620740667000064
SimulationTime,265.7449391409973
FramaCExecutionTime,134.15536504299962
TotalExecutionTime,10650.775728718
