InputGenerationTime,0.3203130920010153
ProfilingTime,35.1388294659846
SimulationTime,21.839961028977996
FramaCExecutionTime,125.05516551900655
TotalExecutionTime,964.2203127009852
