InputGenerationTime,0.1500415460000113
ProfilingTime,41.05315895500007
SimulationTime,22.885263324000334
FramaCExecutionTime,119.5390944679998
TotalExecutionTime,3035.164149282
