InputGenerationTime,0.13775036500010174
ProfilingTime,25.64736232299765
SimulationTime,111.61271186799422
FramaCExecutionTime,94.25399721999565
TotalExecutionTime,5784.464843081005
