InputGenerationTime,0.2893862620694563
ProfilingTime,25.9679764440516
SimulationTime,14.365253083989955
FramaCExecutionTime,117.19879986299202
TotalExecutionTime,1654.9595575759886
