InputGenerationTime,0.09734716100501828
ProfilingTime,36.231956284012995
SimulationTime,19.964024312008405
FramaCExecutionTime,106.48393925699929
TotalExecutionTime,4953.161503449999
