InputGenerationTime,0.24459180305711925
ProfilingTime,18.888125844066963
SimulationTime,8.372573547065258
FramaCExecutionTime,116.45146760297939
TotalExecutionTime,908.3423574779881
