InputGenerationTime,0.08637258899398148
ProfilingTime,27.325523456034716
SimulationTime,12.883024128968827
FramaCExecutionTime,104.87469518801663
TotalExecutionTime,2408.177203872998
