InputGenerationTime,0.05632666900055483
ProfilingTime,31.695342097998946
SimulationTime,23.02890996300266
FramaCExecutionTime,103.49272005399689
TotalExecutionTime,2141.005519090002
