InputGenerationTime,0.18785828900581691
ProfilingTime,49.59592543200415
SimulationTime,31.34833190900099
FramaCExecutionTime,130.39241952699376
TotalExecutionTime,1097.6889113220095
