InputGenerationTime,0.2095904320012778
ProfilingTime,20.646271059988067
SimulationTime,8.907438013004139
FramaCExecutionTime,113.9620377930114
TotalExecutionTime,1242.339272237965
