InputGenerationTime,0.05978687900096702
ProfilingTime,11.988118383000256
SimulationTime,6.70318622600098
FramaCExecutionTime,49.88949812200008
TotalExecutionTime,590.5896995109997
