InputGenerationTime,0.2978791029963759
ProfilingTime,23.904263919001096
SimulationTime,18.053356390999397
FramaCExecutionTime,94.0850575910008
TotalExecutionTime,640.4845154509967
