InputGenerationTime,0.328370483010076
ProfilingTime,32.999724859022535
SimulationTime,15.778203591005877
FramaCExecutionTime,125.33717997098574
TotalExecutionTime,821.5796379130043
