InputGenerationTime,0.27123504306655377
ProfilingTime,38.58337390597444
SimulationTime,239.76802247704472
FramaCExecutionTime,121.80990467895754
TotalExecutionTime,1739.6608881629072
