InputGenerationTime,0.09243679200005772
ProfilingTime,36.694922788999975
SimulationTime,21.555103635999785
FramaCExecutionTime,140.29446766800004
TotalExecutionTime,382.065764071
