InputGenerationTime,0.2518795130017679
ProfilingTime,32.13091913997778
SimulationTime,16.56486327201128
FramaCExecutionTime,128.72929689101875
TotalExecutionTime,2119.643752210017
