InputGenerationTime,0.21752191695850343
ProfilingTime,25.40617056703195
SimulationTime,215.66606565203983
FramaCExecutionTime,113.90528678707778
TotalExecutionTime,7098.208178169094
