InputGenerationTime,0.38357829499727814
ProfilingTime,28.409821772002033
SimulationTime,21.554712299999665
FramaCExecutionTime,101.32164939100039
TotalExecutionTime,3941.965770089999
