InputGenerationTime,0.08441820700682001
ProfilingTime,22.65062434599531
SimulationTime,14.575629195001966
FramaCExecutionTime,98.15719956099929
TotalExecutionTime,1459.544544782002
