InputGenerationTime,0.5126059039903339
ProfilingTime,26.65850719998707
SimulationTime,13.309446163999382
FramaCExecutionTime,134.92843663701206
TotalExecutionTime,2558.32521848302
