InputGenerationTime,0.328370483010076
ProfilingTime,34.720267060009064
SimulationTime,18.404904233990237
FramaCExecutionTime,125.33717997098574
TotalExecutionTime,926.7069899290218
