InputGenerationTime,0.20018389399956504
ProfilingTime,33.07038201500018
SimulationTime,20.89107046799927
FramaCExecutionTime,114.37678537700049
TotalExecutionTime,4720.232416203
