InputGenerationTime,0.1500415460000113
ProfilingTime,37.28900109699998
SimulationTime,23.693062733999795
FramaCExecutionTime,119.5390944679998
TotalExecutionTime,2914.438689086
