InputGenerationTime,0.30299885899876244
ProfilingTime,28.654153759998735
SimulationTime,18.4913876579958
FramaCExecutionTime,115.40188249299536
TotalExecutionTime,492.1752160579781
