InputGenerationTime,0.07310996500018518
ProfilingTime,36.46263874100987
SimulationTime,26.202224497988936
FramaCExecutionTime,106.17393734199868
TotalExecutionTime,2625.263862101987
