InputGenerationTime,0.1500415460000113
ProfilingTime,36.297817226999996
SimulationTime,21.453138771999875
FramaCExecutionTime,119.5390944679998
TotalExecutionTime,2175.794326757
