InputGenerationTime,0.07135240799834719
ProfilingTime,24.42325905400503
SimulationTime,12.285447397996904
FramaCExecutionTime,96.4827041699973
TotalExecutionTime,548.2863330370019
