InputGenerationTime,0.23642875702353194
ProfilingTime,49.789641309005674
SimulationTime,269.13843998801894
FramaCExecutionTime,115.11188443098217
TotalExecutionTime,7194.072357191995
