InputGenerationTime,0.05246901400096249
ProfilingTime,26.65504523299751
SimulationTime,16.232180769991828
FramaCExecutionTime,99.9211063440016
TotalExecutionTime,4162.954100518997
