InputGenerationTime,0.06134430388920009
ProfilingTime,25.42116307793185
SimulationTime,15.892029997892678
FramaCExecutionTime,95.81497655203566
TotalExecutionTime,1623.5618159088772
