InputGenerationTime,0.21389529504813254
ProfilingTime,21.371283420012332
SimulationTime,61.53900942904875
FramaCExecutionTime,119.5768579680007
TotalExecutionTime,3007.307493311935
