InputGenerationTime,0.06134531200223137
ProfilingTime,29.703467769999406
SimulationTime,15.54257649500505
FramaCExecutionTime,105.47228164300031
TotalExecutionTime,2679.156802550002
