InputGenerationTime,0.2014430370181799
ProfilingTime,25.930455785011873
SimulationTime,18.00371028902009
FramaCExecutionTime,128.44977176899556
TotalExecutionTime,1969.7691988460138
