InputGenerationTime,0.1036995750037022
ProfilingTime,60.67625865600712
SimulationTime,42.270884678000584
FramaCExecutionTime,128.76921959100582
TotalExecutionTime,7996.223533427998
