InputGenerationTime,0.5126059039903339
ProfilingTime,36.56090627697995
SimulationTime,21.081914037989918
FramaCExecutionTime,134.92843663701206
TotalExecutionTime,2048.8674806080235
