InputGenerationTime,0.18901437100430485
ProfilingTime,37.81376536899916
SimulationTime,23.962601293998887
FramaCExecutionTime,120.16616172400245
TotalExecutionTime,4112.359714955997
