InputGenerationTime,0.18418349499552278
ProfilingTime,42.584062114001426
SimulationTime,262.06683620799595
FramaCExecutionTime,134.15536504299962
TotalExecutionTime,7512.127693563001
