InputGenerationTime,0.2780745880008908
ProfilingTime,44.616950117997476
SimulationTime,38.103960241001914
FramaCExecutionTime,147.1211182670013
TotalExecutionTime,6865.392205541
