InputGenerationTime,0.23825610300991684
ProfilingTime,26.134722552029416
SimulationTime,245.51833949098364
FramaCExecutionTime,125.86535251897294
TotalExecutionTime,24132.48856215499
