InputGenerationTime,0.20462099200085504
ProfilingTime,29.763244999001472
SimulationTime,21.470077054000285
FramaCExecutionTime,119.80521449099979
TotalExecutionTime,1873.4736240419988
