InputGenerationTime,0.06828528999994887
ProfilingTime,22.770965251000234
SimulationTime,15.299603336000473
FramaCExecutionTime,95.84660604099963
TotalExecutionTime,2891.0019335820007
