InputGenerationTime,0.07863106299191713
ProfilingTime,32.04395362798823
SimulationTime,18.77734774403507
FramaCExecutionTime,106.38991733599687
TotalExecutionTime,3927.2389343380346
