InputGenerationTime,0.05550380299973767
ProfilingTime,31.713306903999182
SimulationTime,15.68459746800363
FramaCExecutionTime,105.84851150700706
TotalExecutionTime,2980.084320656999
