InputGenerationTime,0.17901038100171718
ProfilingTime,37.66378662599891
SimulationTime,22.469279564000317
FramaCExecutionTime,117.9092438819971
TotalExecutionTime,3371.695165601999
