InputGenerationTime,0.1727162059978582
ProfilingTime,25.82367876599892
SimulationTime,168.66729868599214
FramaCExecutionTime,121.51857166702393
TotalExecutionTime,6033.059345786984
