InputGenerationTime,0.04965436900238274
ProfilingTime,20.634312344001955
SimulationTime,218.06452041600278
FramaCExecutionTime,96.85920009500114
TotalExecutionTime,17283.008373413002
