InputGenerationTime,0.0869224370107986
ProfilingTime,26.995422278996557
SimulationTime,18.738137914973777
FramaCExecutionTime,107.27235301001929
TotalExecutionTime,3165.2714297340135
