InputGenerationTime,0.27123504306655377
ProfilingTime,43.0277247549966
SimulationTime,10.067373317084275
FramaCExecutionTime,121.80990467895754
TotalExecutionTime,4912.520473304903
