InputGenerationTime,0.08053681813180447
ProfilingTime,48.890154962893575
SimulationTime,345.6923743339721
FramaCExecutionTime,106.81704033003189
TotalExecutionTime,29499.760769860935
