InputGenerationTime,0.09243679200005772
ProfilingTime,35.842616948999876
SimulationTime,23.00497888100017
FramaCExecutionTime,140.29446766800004
TotalExecutionTime,883.499579038
