InputGenerationTime,0.07644303201232105
ProfilingTime,27.07901400201081
SimulationTime,16.872496661002515
FramaCExecutionTime,99.76022365198878
TotalExecutionTime,958.8680874729907
