InputGenerationTime,0.23208729503676295
ProfilingTime,24.605279597977642
SimulationTime,71.64947472698987
FramaCExecutionTime,100.15079668501858
TotalExecutionTime,1661.094893202011
