InputGenerationTime,0.145248580025509
ProfilingTime,42.748112558037974
SimulationTime,107.08255817898316
FramaCExecutionTime,108.04990905203158
TotalExecutionTime,10496.031147243979
