InputGenerationTime,0.08888787199975923
ProfilingTime,29.10920612499467
SimulationTime,15.779011391990934
FramaCExecutionTime,102.41301443899283
TotalExecutionTime,1416.8748158489907
