InputGenerationTime,0.20018389399956504
ProfilingTime,35.81114853700001
SimulationTime,21.61673084099948
FramaCExecutionTime,114.37678537700049
TotalExecutionTime,4939.831467241001
