InputGenerationTime,0.08587797201471403
ProfilingTime,37.657399050018284
SimulationTime,64.1160586149781
FramaCExecutionTime,105.58347059699008
TotalExecutionTime,28987.22068225703
