InputGenerationTime,0.04155284100124845
ProfilingTime,25.47415036500024
SimulationTime,12.697432462002325
FramaCExecutionTime,96.29844691299877
TotalExecutionTime,1809.891689015003
