InputGenerationTime,0.0724836889994549
ProfilingTime,22.131071777000216
SimulationTime,214.5670617729993
FramaCExecutionTime,96.025370673
TotalExecutionTime,802.9032948250006
