InputGenerationTime,0.07480276003479958
ProfilingTime,19.50744955497794
SimulationTime,19.56880017486401
FramaCExecutionTime,92.13790134200826
TotalExecutionTime,602.2721329929773
