InputGenerationTime,0.2780745880008908
ProfilingTime,45.620474741997896
SimulationTime,37.6192329819969
FramaCExecutionTime,147.1211182670013
TotalExecutionTime,7670.631665998
