InputGenerationTime,0.20753930194769055
ProfilingTime,18.918970574974082
SimulationTime,217.4898149840301
FramaCExecutionTime,108.56039979495108
TotalExecutionTime,8779.464579029009
