InputGenerationTime,0.04074582800240023
ProfilingTime,24.137189581997518
SimulationTime,10.48968462099947
FramaCExecutionTime,95.56120953299978
TotalExecutionTime,1677.407089493001
