InputGenerationTime,0.1727162059978582
ProfilingTime,23.543496359983692
SimulationTime,167.8087297649763
FramaCExecutionTime,121.51857166702393
TotalExecutionTime,4086.733405710984
