InputGenerationTime,0.2641803329997856
ProfilingTime,23.136242247000155
SimulationTime,234.65480604200002
FramaCExecutionTime,119.66695576599977
TotalExecutionTime,888.4805327510003
