InputGenerationTime,0.18446814600611106
ProfilingTime,24.29130342695862
SimulationTime,216.2547874590382
FramaCExecutionTime,112.07018067297759
TotalExecutionTime,13872.790363457985
