InputGenerationTime,0.19099381403066218
ProfilingTime,37.27744501410052
SimulationTime,225.32167953299358
FramaCExecutionTime,148.47174196795095
TotalExecutionTime,2666.884349814034
