InputGenerationTime,0.11390176499844529
ProfilingTime,36.86379189299987
SimulationTime,24.83770075999928
FramaCExecutionTime,109.5342480060026
TotalExecutionTime,3379.3605634779997
