InputGenerationTime,0.23642875702353194
ProfilingTime,41.9220733109978
SimulationTime,191.74600335600553
FramaCExecutionTime,115.11188443098217
TotalExecutionTime,7965.138819684973
