InputGenerationTime,0.1586757400073111
ProfilingTime,33.58852489799028
SimulationTime,136.30916038301075
FramaCExecutionTime,113.80346785899019
TotalExecutionTime,518.1911007160088
