InputGenerationTime,0.08888787199975923
ProfilingTime,31.095040972999413
SimulationTime,18.905753190003452
FramaCExecutionTime,102.41301443899283
TotalExecutionTime,531.7947237569897
