InputGenerationTime,0.17436641099993722
ProfilingTime,39.11015527900054
SimulationTime,114.02375268300057
FramaCExecutionTime,111.46580506899954
TotalExecutionTime,3312.473893229
