InputGenerationTime,0.05989754600159358
ProfilingTime,24.00043253900367
SimulationTime,16.796055345999775
FramaCExecutionTime,101.61069593699358
TotalExecutionTime,2555.7597490129992
