InputGenerationTime,0.05550380299973767
ProfilingTime,36.79654082999332
SimulationTime,23.637797704999684
FramaCExecutionTime,105.84851150700706
TotalExecutionTime,3785.364397986006
