InputGenerationTime,0.04487435601186007
ProfilingTime,19.639443421037868
SimulationTime,8.645622475887649
FramaCExecutionTime,89.0224654530175
TotalExecutionTime,1298.8474754469935
