InputGenerationTime,0.04074582800240023
ProfilingTime,24.12107053499858
SimulationTime,12.830531170999166
FramaCExecutionTime,95.56120953299978
TotalExecutionTime,1265.0742587560017
