InputGenerationTime,0.06748960799995984
ProfilingTime,12.897604027000853
SimulationTime,7.843512602999908
FramaCExecutionTime,45.455020551000416
TotalExecutionTime,243.10617070499939
