InputGenerationTime,0.29270844598067924
ProfilingTime,28.25644266299787
SimulationTime,85.77238667701022
FramaCExecutionTime,116.0746045949927
TotalExecutionTime,342.1483273030026
