InputGenerationTime,0.06933283800026402
ProfilingTime,28.02510586299468
SimulationTime,17.84138974599773
FramaCExecutionTime,104.76876791298855
TotalExecutionTime,2987.861853832961
