InputGenerationTime,0.06472448515705764
ProfilingTime,19.60898276604712
SimulationTime,213.12665187194943
FramaCExecutionTime,89.01774519495666
TotalExecutionTime,4269.0743462769315
