InputGenerationTime,0.27715257002273574
ProfilingTime,31.397436022991315
SimulationTime,21.168336686998373
FramaCExecutionTime,128.3411734039837
TotalExecutionTime,4045.920867601002
