InputGenerationTime,0.20075722900219262
ProfilingTime,24.4885922090034
SimulationTime,239.57029178598896
FramaCExecutionTime,120.85969471401768
TotalExecutionTime,12628.492436762957
