InputGenerationTime,0.05791807700006757
ProfilingTime,35.32961737799633
SimulationTime,19.261114124994492
FramaCExecutionTime,106.56665147199237
TotalExecutionTime,2231.786479739996
