InputGenerationTime,0.2035223109414801
ProfilingTime,19.20934549998492
SimulationTime,653.8919749589404
FramaCExecutionTime,108.50297766900621
TotalExecutionTime,16099.56888387003
