InputGenerationTime,0.22197016500285827
ProfilingTime,28.951308186005917
SimulationTime,21.1446826869942
FramaCExecutionTime,102.733615930003
TotalExecutionTime,4857.625050336006
