InputGenerationTime,0.08807973000511993
ProfilingTime,39.79979328199988
SimulationTime,25.048511367989704
FramaCExecutionTime,104.4215551840025
TotalExecutionTime,787.2060349620006
