InputGenerationTime,0.06782107497565448
ProfilingTime,20.56031217495911
SimulationTime,18.031937872990966
FramaCExecutionTime,91.11508935387246
TotalExecutionTime,1272.2484499739949
