InputGenerationTime,0.06429028999991715
ProfilingTime,29.933022434997838
SimulationTime,16.787269937980454
FramaCExecutionTime,107.19028882699786
TotalExecutionTime,822.0497948060511
