InputGenerationTime,0.07921701300074346
ProfilingTime,34.54939657900832
SimulationTime,17.463461792009184
FramaCExecutionTime,105.26931427200907
TotalExecutionTime,3147.1578357389953
