InputGenerationTime,0.05724849900070694
ProfilingTime,24.032428882001113
SimulationTime,11.856729292001546
FramaCExecutionTime,97.37556695500098
TotalExecutionTime,204.31633169600173
