InputGenerationTime,0.15126023499760777
ProfilingTime,22.09043931995984
SimulationTime,19.3372288410319
FramaCExecutionTime,114.47119204199407
TotalExecutionTime,1440.6917619709857
