InputGenerationTime,0.15126023499760777
ProfilingTime,20.44126305199461
SimulationTime,24.359456908016
FramaCExecutionTime,114.47119204199407
TotalExecutionTime,2261.6310317050084
