InputGenerationTime,0.07644303201232105
ProfilingTime,25.40433561700047
SimulationTime,15.346713760998682
FramaCExecutionTime,99.76022365198878
TotalExecutionTime,297.5820041059924
