InputGenerationTime,0.2916732019511983
ProfilingTime,27.501870694977697
SimulationTime,19.691384350007866
FramaCExecutionTime,121.73228721501073
TotalExecutionTime,3220.340205529006
