InputGenerationTime,0.2941565380024258
ProfilingTime,30.267815026978496
SimulationTime,15.349280984024517
FramaCExecutionTime,119.22128029901069
TotalExecutionTime,2765.4729516590014
