InputGenerationTime,0.2567060510045849
ProfilingTime,26.186973549003596
SimulationTime,9.0319850090018
FramaCExecutionTime,101.65106537199608
TotalExecutionTime,11695.326600120003
