InputGenerationTime,0.2537088650001351
ProfilingTime,29.46488234599974
SimulationTime,21.06892396000012
FramaCExecutionTime,127.66620908499999
TotalExecutionTime,2142.3447423340003
