InputGenerationTime,0.23825610300991684
ProfilingTime,27.25240992702311
SimulationTime,12.481569448951632
FramaCExecutionTime,125.86535251897294
TotalExecutionTime,23053.715545583982
