InputGenerationTime,0.19766114899903187
ProfilingTime,24.866415520002192
SimulationTime,20.009163013000943
FramaCExecutionTime,120.10270344499804
TotalExecutionTime,301.2859827869979
