InputGenerationTime,0.2384402189636603
ProfilingTime,33.06383310502861
SimulationTime,69.36061291594524
FramaCExecutionTime,151.8234170480864
TotalExecutionTime,1616.5711580700008
