InputGenerationTime,0.22179850202519447
ProfilingTime,30.840419418993406
SimulationTime,59.64884394395631
FramaCExecutionTime,150.7494653709
TotalExecutionTime,2922.6470637279563
