InputGenerationTime,0.05791807700006757
ProfilingTime,33.203692846989725
SimulationTime,16.695801399007905
FramaCExecutionTime,106.56665147199237
TotalExecutionTime,1701.873021316991
