InputGenerationTime,0.46168155898340046
ProfilingTime,22.17861306294799
SimulationTime,19.418484775931574
FramaCExecutionTime,128.98384912509937
TotalExecutionTime,1906.700180364889
