InputGenerationTime,0.08780276495963335
ProfilingTime,18.95754945499357
SimulationTime,126.25826938694809
FramaCExecutionTime,97.10535426600836
TotalExecutionTime,2039.868284083088
