InputGenerationTime,0.2734934970503673
ProfilingTime,20.36970201996155
SimulationTime,13.116998844081536
FramaCExecutionTime,118.28702378703747
TotalExecutionTime,2062.6878554980503
