InputGenerationTime,0.18446814600611106
ProfilingTime,23.67937507899478
SimulationTime,213.78973474400118
FramaCExecutionTime,112.07018067297759
TotalExecutionTime,13400.106544521987
