InputGenerationTime,0.1260524740209803
ProfilingTime,23.405996477988083
SimulationTime,41.50038013205631
FramaCExecutionTime,94.21775655599777
TotalExecutionTime,7743.9735988210305
