InputGenerationTime,0.06617910400382243
ProfilingTime,35.36443216000043
SimulationTime,20.495967989991186
FramaCExecutionTime,105.83214284598944
TotalExecutionTime,3602.413845268995
