InputGenerationTime,0.03794739185832441
ProfilingTime,21.3135623219423
SimulationTime,12.01638427679427
FramaCExecutionTime,90.95548496907577
TotalExecutionTime,444.1943348220084
