InputGenerationTime,0.05953637699712999
ProfilingTime,23.515425033998326
SimulationTime,19.35648882899841
FramaCExecutionTime,106.16420628500055
TotalExecutionTime,1005.9550825190017
